*************************************
Parameters valid. Starting with:
  Protocol:        quic
  Auth Mode:       single
  Capture Mode:    nocapture
  Network Profile: unstable
  Loss %:          0
  Delay (ms):      0
  Executions:      500
  Signature:       ed25519 secp384r1 secp521r1 mldsa44 mldsa65 mldsa87
  KEMS Level 1:    P-256 x25519 hqc128 p256_hqc128 x25519_hqc128
  KEMS Level 3:    P-384 x448 hqc192 p384_hqc192 x448_hqc192
  KEMS Level 5:    P-521 hqc256 p521_hqc256
*************************************
Runnig on Linux
Total reclaimed space: 0B
Error response from daemon: get cert: no such volume
Error response from daemon: network localNet not found
exit status 1

*************************************
***NETWORK AND VOLUMEN **************
*************************************
ba902beea71fcb47b2f3bbdba679f2169ba84b6e63cc6dab853ad734bd6754db
✅ Red localNet created.
cert
✅ Volumen cert created.
*************************************

 ==> Executing for SIG_ALG: ed25519

 ==> Creating Certs and Keys
Creating certificates
Using default procedure for ed25519
-----
-----
Certificate request self-signature ok
subject=CN==localhost
-----
Certificate request self-signature ok
subject=CN==user
Running /opt/oqssa/bin/doCert.sh with SIG_ALG=ed25519 and certificates created


****************
  -> KEM: P-256

    Executing docker Server...
38421986f06851c0863b8ce8f68b9fa78f689a23eae2e84333eb612440b97eeb
    Buscando IP.. 
    IP..  172.18.0.2
   ↳ Applying unstable network profile (loss-gemodel pg20 pb40 h90 k20)
   ✔ Pumba PID 16899 confirmed running (SIG=ed25519 KEM=P-256 PROTO=quic)
    Executing docker Client... 172.18.0.2
075e7f7940d5f8e1ecd53d89e1a9cf1785ffc4ee970cf467e7189cfaef89aed3
cliente
     Docker cliente executed ... 

**************************
     Executing test  ... 
Applying netem rules to lo...
Showing qdisc status for the interface: lo
qdisc netem 8004: root refcnt 2 limit 1000 seed 13120052497234275988
 Sent 0 bytes 0 pkt (dropped 0, overlimits 0 requeues 0) 
 backlog 0b 0p requeues 0
Running ./perftestClientTlsQuic.sh with SIG_ALG=ed25519 and KEM_ALG=P-256
Execution 1 - QUIC Single
Handshake duration: 2.30 ms
Execution 2 - QUIC Single
Handshake duration: 2.40 ms
Execution 3 - QUIC Single
Handshake duration: 1.97 ms
Execution 4 - QUIC Single
Handshake duration: 2.56 ms
Execution 5 - QUIC Single
Handshake duration: 1.81 ms
Execution 6 - QUIC Single
Handshake duration: 2.29 ms
Execution 7 - QUIC Single
Handshake duration: 2.46 ms
Execution 8 - QUIC Single
Handshake duration: 2.07 ms
Execution 9 - QUIC Single
Handshake duration: 2.27 ms
Execution 10 - QUIC Single
Handshake duration: 1.86 ms
Execution 11 - QUIC Single
Handshake duration: 2.46 ms
Execution 12 - QUIC Single
Handshake duration: 2.04 ms
Execution 13 - QUIC Single
Handshake duration: 1.95 ms
Execution 14 - QUIC Single
Handshake duration: 1.82 ms
Execution 15 - QUIC Single
Handshake duration: 1.93 ms
Execution 16 - QUIC Single
Handshake duration: 2.55 ms
Execution 17 - QUIC Single
Handshake duration: 2.21 ms
Execution 18 - QUIC Single
Handshake duration: 2.02 ms
Execution 19 - QUIC Single
Handshake duration: 1.92 ms
Execution 20 - QUIC Single
Handshake duration: 2.02 ms
Execution 21 - QUIC Single
Handshake duration: 2.10 ms
Execution 22 - QUIC Single
Handshake duration: 1.99 ms
Execution 23 - QUIC Single
Handshake duration: 2.12 ms
Execution 24 - QUIC Single
Handshake duration: 1.92 ms
Execution 25 - QUIC Single
Handshake duration: 1.89 ms
Execution 26 - QUIC Single
Handshake duration: 2.25 ms
Execution 27 - QUIC Single
Handshake duration: 2.27 ms
Execution 28 - QUIC Single
Handshake duration: 1.99 ms
Execution 29 - QUIC Single
Handshake duration: 1.88 ms
Execution 30 - QUIC Single
Handshake duration: 2.25 ms
Execution 31 - QUIC Single
Handshake duration: 2.47 ms
Execution 32 - QUIC Single
Handshake duration: 2.21 ms
Execution 33 - QUIC Single
Handshake duration: 2.32 ms
Execution 34 - QUIC Single
Handshake duration: 1.88 ms
Execution 35 - QUIC Single
Handshake duration: 1.93 ms
Execution 36 - QUIC Single
Handshake duration: 2.46 ms
Execution 37 - QUIC Single
Handshake duration: 1.89 ms
Execution 38 - QUIC Single
Handshake duration: 2.27 ms
Execution 39 - QUIC Single
Handshake duration: 1.94 ms
Execution 40 - QUIC Single
Handshake duration: 1.87 ms
Execution 41 - QUIC Single
Handshake duration: 2.13 ms
Execution 42 - QUIC Single
Handshake duration: 2.66 ms
Execution 43 - QUIC Single
Handshake duration: 2.04 ms
Execution 44 - QUIC Single
Handshake duration: 2.20 ms
Execution 45 - QUIC Single
Handshake duration: 1.94 ms
Execution 46 - QUIC Single
Handshake duration: 1.90 ms
Execution 47 - QUIC Single
Handshake duration: 1.88 ms
Execution 48 - QUIC Single
Handshake duration: 1.96 ms
Execution 49 - QUIC Single
Handshake duration: 1.83 ms
Execution 50 - QUIC Single
Handshake duration: 1.90 ms
Execution 51 - QUIC Single
Handshake duration: 2.00 ms
Execution 52 - QUIC Single
Handshake duration: 2.20 ms
Execution 53 - QUIC Single
Handshake duration: 1.96 ms
Execution 54 - QUIC Single
Handshake duration: 1.92 ms
Execution 55 - QUIC Single
Handshake duration: 2.55 ms
Execution 56 - QUIC Single
Handshake duration: 1.91 ms
Execution 57 - QUIC Single
Handshake duration: 2.03 ms
Execution 58 - QUIC Single
Handshake duration: 2.51 ms
Execution 59 - QUIC Single
Handshake duration: 1.89 ms
Execution 60 - QUIC Single
Handshake duration: 1.84 ms
Execution 61 - QUIC Single
Handshake duration: 1.88 ms
Execution 62 - QUIC Single
Handshake duration: 2.56 ms
Execution 63 - QUIC Single
Handshake duration: 1.85 ms
Execution 64 - QUIC Single
Handshake duration: 2.50 ms
Execution 65 - QUIC Single
Handshake duration: 2.16 ms
Execution 66 - QUIC Single
Handshake duration: 1.91 ms
Execution 67 - QUIC Single
Handshake duration: 1.86 ms
Execution 68 - QUIC Single
Handshake duration: 1.99 ms
Execution 69 - QUIC Single
Handshake duration: 2.28 ms
Execution 70 - QUIC Single
Handshake duration: 1.95 ms
Execution 71 - QUIC Single
Handshake duration: 2.09 ms
Execution 72 - QUIC Single
Handshake duration: 1.94 ms
Execution 73 - QUIC Single
Handshake duration: 2.36 ms
Execution 74 - QUIC Single
Handshake duration: 1.90 ms
Execution 75 - QUIC Single
Handshake duration: 1.93 ms
Execution 76 - QUIC Single
Handshake duration: 2.00 ms
Execution 77 - QUIC Single
Handshake duration: 2.30 ms
Execution 78 - QUIC Single
Handshake duration: 1.99 ms
Execution 79 - QUIC Single
Handshake duration: 2.43 ms
Execution 80 - QUIC Single
Handshake duration: 2.00 ms
Execution 81 - QUIC Single
Handshake duration: 3.88 ms
Execution 82 - QUIC Single
Handshake duration: 1.96 ms
Execution 83 - QUIC Single
Handshake duration: 1.88 ms
Execution 84 - QUIC Single
Handshake duration: 2.37 ms
Execution 85 - QUIC Single
Handshake duration: 1.80 ms
Execution 86 - QUIC Single
Handshake duration: 2.53 ms
Execution 87 - QUIC Single
Handshake duration: 1.89 ms
Execution 88 - QUIC Single
Handshake duration: 2.14 ms
Execution 89 - QUIC Single
Handshake duration: 2.11 ms
Execution 90 - QUIC Single
Handshake duration: 1.87 ms
Execution 91 - QUIC Single
Handshake duration: 2.37 ms
Execution 92 - QUIC Single
Handshake duration: 1.89 ms
Execution 93 - QUIC Single
Handshake duration: 1.93 ms
Execution 94 - QUIC Single
Handshake duration: 1.81 ms
Execution 95 - QUIC Single
Handshake duration: 2.13 ms
Execution 96 - QUIC Single
Handshake duration: 2.03 ms
Execution 97 - QUIC Single
Handshake duration: 1.88 ms
Execution 98 - QUIC Single
Handshake duration: 1.87 ms
Execution 99 - QUIC Single
Handshake duration: 1.92 ms
Execution 100 - QUIC Single
Handshake duration: 2.38 ms
Execution 101 - QUIC Single
Handshake duration: 1.88 ms
Execution 102 - QUIC Single
Handshake duration: 1.93 ms
Execution 103 - QUIC Single
Handshake duration: 1.84 ms
Execution 104 - QUIC Single
Handshake duration: 2.22 ms
Execution 105 - QUIC Single
Handshake duration: 1.86 ms
Execution 106 - QUIC Single
Handshake duration: 1.91 ms
Execution 107 - QUIC Single
Handshake duration: 1.86 ms
Execution 108 - QUIC Single
Handshake duration: 1.87 ms
Execution 109 - QUIC Single
Handshake duration: 2.08 ms
Execution 110 - QUIC Single
Handshake duration: 1.86 ms
Execution 111 - QUIC Single
Handshake duration: 1.92 ms
Execution 112 - QUIC Single
Handshake duration: 1.88 ms
Execution 113 - QUIC Single
Handshake duration: 2.50 ms
Execution 114 - QUIC Single
Handshake duration: 2.37 ms
Execution 115 - QUIC Single
Handshake duration: 2.32 ms
Execution 116 - QUIC Single
Handshake duration: 1.88 ms
Execution 117 - QUIC Single
Handshake duration: 2.01 ms
Execution 118 - QUIC Single
Handshake duration: 1.84 ms
Execution 119 - QUIC Single
Handshake duration: 1.88 ms
Execution 120 - QUIC Single
Handshake duration: 2.05 ms
Execution 121 - QUIC Single
Handshake duration: 1.94 ms
Execution 122 - QUIC Single
Handshake duration: 2.50 ms
Execution 123 - QUIC Single
Handshake duration: 1.89 ms
Execution 124 - QUIC Single
Handshake duration: 2.11 ms
Execution 125 - QUIC Single
Handshake duration: 2.23 ms
Execution 126 - QUIC Single
Handshake duration: 1.86 ms
Execution 127 - QUIC Single
Handshake duration: 1.88 ms
Execution 128 - QUIC Single
Handshake duration: 2.93 ms
Execution 129 - QUIC Single
Handshake duration: 1.97 ms
Execution 130 - QUIC Single
Handshake duration: 1.95 ms
Execution 131 - QUIC Single
Handshake duration: 2.05 ms
Execution 132 - QUIC Single
Handshake duration: 2.69 ms
Execution 133 - QUIC Single
Handshake duration: 1.89 ms
Execution 134 - QUIC Single
Handshake duration: 1.83 ms
Execution 135 - QUIC Single
Handshake duration: 1.87 ms
Execution 136 - QUIC Single
Handshake duration: 2.30 ms
Execution 137 - QUIC Single
Handshake duration: 1.98 ms
Execution 138 - QUIC Single
Handshake duration: 1.89 ms
Execution 139 - QUIC Single
Handshake duration: 2.00 ms
Execution 140 - QUIC Single
Handshake duration: 1.87 ms
Execution 141 - QUIC Single
Handshake duration: 1.95 ms
Execution 142 - QUIC Single
Handshake duration: 2.23 ms
Execution 143 - QUIC Single
Handshake duration: 2.02 ms
Execution 144 - QUIC Single
Handshake duration: 2.08 ms
Execution 145 - QUIC Single
Handshake duration: 1.80 ms
Execution 146 - QUIC Single
Handshake duration: 2.01 ms
Execution 147 - QUIC Single
Handshake duration: 2.12 ms
Execution 148 - QUIC Single
Handshake duration: 2.17 ms
Execution 149 - QUIC Single
Handshake duration: 2.21 ms
Execution 150 - QUIC Single
Handshake duration: 1.87 ms
Execution 151 - QUIC Single
Handshake duration: 1.91 ms
Execution 152 - QUIC Single
Handshake duration: 1.84 ms
Execution 153 - QUIC Single
Handshake duration: 1.88 ms
Execution 154 - QUIC Single
Handshake duration: 1.98 ms
Execution 155 - QUIC Single
Handshake duration: 1.93 ms
Execution 156 - QUIC Single
Handshake duration: 2.01 ms
Execution 157 - QUIC Single
Handshake duration: 2.12 ms
Execution 158 - QUIC Single
Handshake duration: 2.38 ms
Execution 159 - QUIC Single
Handshake duration: 1.95 ms
Execution 160 - QUIC Single
Handshake duration: 2.37 ms
Execution 161 - QUIC Single
Handshake duration: 2.17 ms
Execution 162 - QUIC Single
Handshake duration: 2.02 ms
Execution 163 - QUIC Single
Handshake duration: 2.04 ms
Execution 164 - QUIC Single
Handshake duration: 2.39 ms
Execution 165 - QUIC Single
Handshake duration: 1.88 ms
Execution 166 - QUIC Single
Handshake duration: 2.48 ms
Execution 167 - QUIC Single
Handshake duration: 1.89 ms
Execution 168 - QUIC Single
Handshake duration: 1.87 ms
Execution 169 - QUIC Single
Handshake duration: 1.86 ms
Execution 170 - QUIC Single
Handshake duration: 2.11 ms
Execution 171 - QUIC Single
Handshake duration: 2.37 ms
Execution 172 - QUIC Single
Handshake duration: 1.86 ms
Execution 173 - QUIC Single
Handshake duration: 2.34 ms
Execution 174 - QUIC Single
Handshake duration: 1.97 ms
Execution 175 - QUIC Single
Handshake duration: 1.87 ms
Execution 176 - QUIC Single
Handshake duration: 1.88 ms
Execution 177 - QUIC Single
Handshake duration: 2.07 ms
Execution 178 - QUIC Single
Handshake duration: 1.94 ms
Execution 179 - QUIC Single
Handshake duration: 2.12 ms
Execution 180 - QUIC Single
Handshake duration: 1.88 ms
Execution 181 - QUIC Single
Handshake duration: 2.22 ms
Execution 182 - QUIC Single
Handshake duration: 3.74 ms
Execution 183 - QUIC Single
Handshake duration: 2.09 ms
Execution 184 - QUIC Single
Handshake duration: 1.87 ms
Execution 185 - QUIC Single
Handshake duration: 2.26 ms
Execution 186 - QUIC Single
Handshake duration: 1.91 ms
Execution 187 - QUIC Single
Handshake duration: 1.94 ms
Execution 188 - QUIC Single
Handshake duration: 1.96 ms
Execution 189 - QUIC Single
Handshake duration: 1.87 ms
Execution 190 - QUIC Single
Handshake duration: 1.95 ms
Execution 191 - QUIC Single
Handshake duration: 1.98 ms
Execution 192 - QUIC Single
Handshake duration: 2.06 ms
Execution 193 - QUIC Single
Handshake duration: 1.86 ms
Execution 194 - QUIC Single
Handshake duration: 2.55 ms
Execution 195 - QUIC Single
Handshake duration: 2.23 ms
Execution 196 - QUIC Single
Handshake duration: 1.87 ms
Execution 197 - QUIC Single
Handshake duration: 2.05 ms
Execution 198 - QUIC Single
Handshake duration: 2.23 ms
Execution 199 - QUIC Single
Handshake duration: 2.04 ms
Execution 200 - QUIC Single
Handshake duration: 1.90 ms
Execution 201 - QUIC Single
Handshake duration: 2.16 ms
Execution 202 - QUIC Single
Handshake duration: 2.23 ms
Execution 203 - QUIC Single
Handshake duration: 2.35 ms
Execution 204 - QUIC Single
Handshake duration: 1.96 ms
Execution 205 - QUIC Single
Handshake duration: 2.02 ms
Execution 206 - QUIC Single
Handshake duration: 2.22 ms
Execution 207 - QUIC Single
Handshake duration: 2.22 ms
Execution 208 - QUIC Single
Handshake duration: 2.36 ms
Execution 209 - QUIC Single
Handshake duration: 2.40 ms
Execution 210 - QUIC Single
Handshake duration: 2.39 ms
Execution 211 - QUIC Single
Handshake duration: 1.87 ms
Execution 212 - QUIC Single
Handshake duration: 2.47 ms
Execution 213 - QUIC Single
Handshake duration: 1.87 ms
Execution 214 - QUIC Single
Handshake duration: 2.26 ms
Execution 215 - QUIC Single
Handshake duration: 1.85 ms
Execution 216 - QUIC Single
Handshake duration: 2.18 ms
Execution 217 - QUIC Single
Handshake duration: 1.95 ms
Execution 218 - QUIC Single
Handshake duration: 2.36 ms
Execution 219 - QUIC Single
Handshake duration: 2.14 ms
Execution 220 - QUIC Single
Handshake duration: 2.03 ms
Execution 221 - QUIC Single
Handshake duration: 2.69 ms
Execution 222 - QUIC Single
Handshake duration: 2.24 ms
Execution 223 - QUIC Single
Handshake duration: 1.95 ms
Execution 224 - QUIC Single
Handshake duration: 2.06 ms
Execution 225 - QUIC Single
Handshake duration: 2.37 ms
Execution 226 - QUIC Single
Handshake duration: 2.12 ms
Execution 227 - QUIC Single
Handshake duration: 1.88 ms
Execution 228 - QUIC Single
Handshake duration: 2.35 ms
Execution 229 - QUIC Single
Handshake duration: 2.49 ms
Execution 230 - QUIC Single
Handshake duration: 1.89 ms
Execution 231 - QUIC Single
Handshake duration: 2.70 ms
Execution 232 - QUIC Single
Handshake duration: 2.20 ms
Execution 233 - QUIC Single
Handshake duration: 2.41 ms
Execution 234 - QUIC Single
Handshake duration: 2.25 ms
Execution 235 - QUIC Single
Handshake duration: 2.34 ms
Execution 236 - QUIC Single
Handshake duration: 1.93 ms
Execution 237 - QUIC Single
Handshake duration: 2.03 ms
Execution 238 - QUIC Single
Handshake duration: 2.49 ms
Execution 239 - QUIC Single
Handshake duration: 1.84 ms
Execution 240 - QUIC Single
Handshake duration: 2.23 ms
Execution 241 - QUIC Single
Handshake duration: 1.88 ms
Execution 242 - QUIC Single
Handshake duration: 2.02 ms
Execution 243 - QUIC Single
Handshake duration: 1.97 ms
Execution 244 - QUIC Single
Handshake duration: 1.94 ms
Execution 245 - QUIC Single
Handshake duration: 2.05 ms
Execution 246 - QUIC Single
Handshake duration: 2.06 ms
Execution 247 - QUIC Single
Handshake duration: 2.17 ms
Execution 248 - QUIC Single
Handshake duration: 2.35 ms
Execution 249 - QUIC Single
Handshake duration: 2.49 ms
Execution 250 - QUIC Single
Handshake duration: 2.24 ms
Execution 251 - QUIC Single
Handshake duration: 1.84 ms
Execution 252 - QUIC Single
Handshake duration: 2.10 ms
Execution 253 - QUIC Single
Handshake duration: 2.16 ms
Execution 254 - QUIC Single
Handshake duration: 1.92 ms
Execution 255 - QUIC Single
Handshake duration: 2.19 ms
Execution 256 - QUIC Single
Handshake duration: 2.35 ms
Execution 257 - QUIC Single
Handshake duration: 1.80 ms
Execution 258 - QUIC Single
Handshake duration: 1.86 ms
Execution 259 - QUIC Single
Handshake duration: 1.87 ms
Execution 260 - QUIC Single
Handshake duration: 2.19 ms
Execution 261 - QUIC Single
Handshake duration: 1.80 ms
Execution 262 - QUIC Single
Handshake duration: 1.82 ms
Execution 263 - QUIC Single
Handshake duration: 1.92 ms
Execution 264 - QUIC Single
Handshake duration: 3.29 ms
Execution 265 - QUIC Single
Handshake duration: 1.86 ms
Execution 266 - QUIC Single
Handshake duration: 2.29 ms
Execution 267 - QUIC Single
Handshake duration: 1.89 ms
Execution 268 - QUIC Single
Handshake duration: 2.27 ms
Execution 269 - QUIC Single
Handshake duration: 1.83 ms
Execution 270 - QUIC Single
Handshake duration: 2.23 ms
Execution 271 - QUIC Single
Handshake duration: 1.87 ms
Execution 272 - QUIC Single
Handshake duration: 2.24 ms
Execution 273 - QUIC Single
Handshake duration: 2.51 ms
Execution 274 - QUIC Single
Handshake duration: 2.00 ms
Execution 275 - QUIC Single
Handshake duration: 2.09 ms
Execution 276 - QUIC Single
Handshake duration: 1.91 ms
Execution 277 - QUIC Single
Handshake duration: 2.12 ms
Execution 278 - QUIC Single
Handshake duration: 3.03 ms
Execution 279 - QUIC Single
Handshake duration: 2.10 ms
Execution 280 - QUIC Single
Handshake duration: 2.00 ms
Execution 281 - QUIC Single
Handshake duration: 2.03 ms
Execution 282 - QUIC Single
Handshake duration: 1.94 ms
Execution 283 - QUIC Single
Handshake duration: 1.88 ms
Execution 284 - QUIC Single
Handshake duration: 1.80 ms
Execution 285 - QUIC Single
Handshake duration: 2.01 ms
Execution 286 - QUIC Single
Handshake duration: 2.44 ms
Execution 287 - QUIC Single
Handshake duration: 1.89 ms
Execution 288 - QUIC Single
Handshake duration: 1.99 ms
Execution 289 - QUIC Single
Handshake duration: 2.00 ms
Execution 290 - QUIC Single
Handshake duration: 2.03 ms
Execution 291 - QUIC Single
Handshake duration: 1.86 ms
Execution 292 - QUIC Single
Handshake duration: 2.22 ms
Execution 293 - QUIC Single
Handshake duration: 1.83 ms
Execution 294 - QUIC Single
Handshake duration: 1.89 ms
Execution 295 - QUIC Single
Handshake duration: 2.11 ms
Execution 296 - QUIC Single
Handshake duration: 1.93 ms
Execution 297 - QUIC Single
Handshake duration: 1.80 ms
Execution 298 - QUIC Single
Handshake duration: 2.39 ms
Execution 299 - QUIC Single
Handshake duration: 2.20 ms
Execution 300 - QUIC Single
Handshake duration: 2.41 ms
Execution 301 - QUIC Single
Handshake duration: 1.82 ms
Execution 302 - QUIC Single
Handshake duration: 1.85 ms
Execution 303 - QUIC Single
Handshake duration: 2.12 ms
Execution 304 - QUIC Single
Handshake duration: 2.20 ms
Execution 305 - QUIC Single
Handshake duration: 1.89 ms
Execution 306 - QUIC Single
Handshake duration: 1.87 ms
Execution 307 - QUIC Single
Handshake duration: 1.95 ms
Execution 308 - QUIC Single
Handshake duration: 2.52 ms
Execution 309 - QUIC Single
Handshake duration: 2.20 ms
Execution 310 - QUIC Single
Handshake duration: 1.96 ms
Execution 311 - QUIC Single
Handshake duration: 1.94 ms
Execution 312 - QUIC Single
Handshake duration: 2.15 ms
Execution 313 - QUIC Single
Handshake duration: 1.80 ms
Execution 314 - QUIC Single
Handshake duration: 2.46 ms
Execution 315 - QUIC Single
Handshake duration: 1.95 ms
Execution 316 - QUIC Single
Handshake duration: 1.84 ms
Execution 317 - QUIC Single
Handshake duration: 2.20 ms
Execution 318 - QUIC Single
Handshake duration: 1.86 ms
Execution 319 - QUIC Single
Handshake duration: 2.05 ms
Execution 320 - QUIC Single
Handshake duration: 2.48 ms
Execution 321 - QUIC Single
Handshake duration: 1.95 ms
Execution 322 - QUIC Single
Handshake duration: 2.71 ms
Execution 323 - QUIC Single
Handshake duration: 1.88 ms
Execution 324 - QUIC Single
Handshake duration: 1.98 ms
Execution 325 - QUIC Single
Handshake duration: 1.98 ms
Execution 326 - QUIC Single
Handshake duration: 2.39 ms
Execution 327 - QUIC Single
Handshake duration: 2.46 ms
Execution 328 - QUIC Single
Handshake duration: 2.44 ms
Execution 329 - QUIC Single
Handshake duration: 2.13 ms
Execution 330 - QUIC Single
Handshake duration: 2.00 ms
Execution 331 - QUIC Single
Handshake duration: 2.16 ms
Execution 332 - QUIC Single
Handshake duration: 2.00 ms
Execution 333 - QUIC Single
Handshake duration: 1.82 ms
Execution 334 - QUIC Single
Handshake duration: 2.01 ms
Execution 335 - QUIC Single
Handshake duration: 2.00 ms
Execution 336 - QUIC Single
Handshake duration: 2.17 ms
Execution 337 - QUIC Single
Handshake duration: 2.44 ms
Execution 338 - QUIC Single
Handshake duration: 2.18 ms
Execution 339 - QUIC Single
Handshake duration: 2.93 ms
Execution 340 - QUIC Single
Handshake duration: 2.42 ms
Execution 341 - QUIC Single
Handshake duration: 2.53 ms
Execution 342 - QUIC Single
Handshake duration: 2.40 ms
Execution 343 - QUIC Single
Handshake duration: 1.84 ms
Execution 344 - QUIC Single
Handshake duration: 2.38 ms
Execution 345 - QUIC Single
Handshake duration: 2.36 ms
Execution 346 - QUIC Single
Handshake duration: 2.37 ms
Execution 347 - QUIC Single
Handshake duration: 1.97 ms
Execution 348 - QUIC Single
Handshake duration: 1.87 ms
Execution 349 - QUIC Single
Handshake duration: 2.16 ms
Execution 350 - QUIC Single
Handshake duration: 2.30 ms
Execution 351 - QUIC Single
Handshake duration: 2.00 ms
Execution 352 - QUIC Single
Handshake duration: 1.81 ms
Execution 353 - QUIC Single
Handshake duration: 2.16 ms
Execution 354 - QUIC Single
Handshake duration: 2.38 ms
Execution 355 - QUIC Single
Handshake duration: 2.17 ms
Execution 356 - QUIC Single
Handshake duration: 1.83 ms
Execution 357 - QUIC Single
Handshake duration: 1.89 ms
Execution 358 - QUIC Single
Handshake duration: 2.42 ms
Execution 359 - QUIC Single
Handshake duration: 2.25 ms
Execution 360 - QUIC Single
Handshake duration: 2.02 ms
Execution 361 - QUIC Single
Handshake duration: 1.81 ms
Execution 362 - QUIC Single
Handshake duration: 2.19 ms
Execution 363 - QUIC Single
Handshake duration: 1.97 ms
Execution 364 - QUIC Single
Handshake duration: 1.80 ms
Execution 365 - QUIC Single
Handshake duration: 2.35 ms
Execution 366 - QUIC Single
Handshake duration: 2.36 ms
Execution 367 - QUIC Single
Handshake duration: 2.18 ms
Execution 368 - QUIC Single
Handshake duration: 2.21 ms
Execution 369 - QUIC Single
Handshake duration: 2.21 ms
Execution 370 - QUIC Single
Handshake duration: 2.23 ms
Execution 371 - QUIC Single
Handshake duration: 2.28 ms
Execution 372 - QUIC Single
Handshake duration: 2.51 ms
Execution 373 - QUIC Single
Handshake duration: 2.21 ms
Execution 374 - QUIC Single
Handshake duration: 1.88 ms
Execution 375 - QUIC Single
Handshake duration: 2.29 ms
Execution 376 - QUIC Single
Handshake duration: 1.98 ms
Execution 377 - QUIC Single
Handshake duration: 2.37 ms
Execution 378 - QUIC Single
Handshake duration: 2.39 ms
Execution 379 - QUIC Single
Handshake duration: 2.40 ms
Execution 380 - QUIC Single
Handshake duration: 1.88 ms
Execution 381 - QUIC Single
Handshake duration: 1.94 ms
Execution 382 - QUIC Single
Handshake duration: 2.19 ms
Execution 383 - QUIC Single
Handshake duration: 2.17 ms
Execution 384 - QUIC Single
Handshake duration: 2.18 ms
Execution 385 - QUIC Single
Handshake duration: 2.04 ms
Execution 386 - QUIC Single
Handshake duration: 1.87 ms
Execution 387 - QUIC Single
Handshake duration: 2.21 ms
Execution 388 - QUIC Single
Handshake duration: 2.19 ms
Execution 389 - QUIC Single
Handshake duration: 1.84 ms
Execution 390 - QUIC Single
Handshake duration: 1.90 ms
Execution 391 - QUIC Single
Handshake duration: 2.05 ms
Execution 392 - QUIC Single
Handshake duration: 2.16 ms
Execution 393 - QUIC Single
Handshake duration: 2.18 ms
Execution 394 - QUIC Single
Handshake duration: 2.19 ms
Execution 395 - QUIC Single
Handshake duration: 1.92 ms
Execution 396 - QUIC Single
Handshake duration: 2.17 ms
Execution 397 - QUIC Single
Handshake duration: 1.80 ms
Execution 398 - QUIC Single
Handshake duration: 2.65 ms
Execution 399 - QUIC Single
Handshake duration: 2.03 ms
Execution 400 - QUIC Single
Handshake duration: 2.21 ms
Execution 401 - QUIC Single
Handshake duration: 2.38 ms
Execution 402 - QUIC Single
Handshake duration: 1.86 ms
Execution 403 - QUIC Single
Handshake duration: 1.88 ms
Execution 404 - QUIC Single
Handshake duration: 2.18 ms
Execution 405 - QUIC Single
Handshake duration: 1.99 ms
Execution 406 - QUIC Single
Handshake duration: 2.07 ms
Execution 407 - QUIC Single
Handshake duration: 2.43 ms
Execution 408 - QUIC Single
Handshake duration: 2.52 ms
Execution 409 - QUIC Single
Handshake duration: 2.26 ms
Execution 410 - QUIC Single
Handshake duration: 1.87 ms
Execution 411 - QUIC Single
Handshake duration: 2.22 ms
Execution 412 - QUIC Single
Handshake duration: 2.16 ms
Execution 413 - QUIC Single
Handshake duration: 1.91 ms
Execution 414 - QUIC Single
Handshake duration: 2.17 ms
Execution 415 - QUIC Single
Handshake duration: 2.29 ms
Execution 416 - QUIC Single
Handshake duration: 2.14 ms
Execution 417 - QUIC Single
Handshake duration: 2.35 ms
Execution 418 - QUIC Single
Handshake duration: 2.33 ms
Execution 419 - QUIC Single
Handshake duration: 2.17 ms
Execution 420 - QUIC Single
Handshake duration: 2.08 ms
Execution 421 - QUIC Single
Handshake duration: 2.22 ms
Execution 422 - QUIC Single
Handshake duration: 2.36 ms
Execution 423 - QUIC Single
Handshake duration: 2.50 ms
Execution 424 - QUIC Single
Handshake duration: 1.88 ms
Execution 425 - QUIC Single
Handshake duration: 2.25 ms
Execution 426 - QUIC Single
Handshake duration: 2.41 ms
Execution 427 - QUIC Single
Handshake duration: 2.18 ms
Execution 428 - QUIC Single
Handshake duration: 2.14 ms
Execution 429 - QUIC Single
Handshake duration: 1.87 ms
Execution 430 - QUIC Single
Handshake duration: 1.86 ms
Execution 431 - QUIC Single
Handshake duration: 2.01 ms
Execution 432 - QUIC Single
Handshake duration: 2.20 ms
Execution 433 - QUIC Single
Handshake duration: 1.88 ms
Execution 434 - QUIC Single
Handshake duration: 1.98 ms
Execution 435 - QUIC Single
Handshake duration: 2.18 ms
Execution 436 - QUIC Single
Handshake duration: 1.89 ms
Execution 437 - QUIC Single
Handshake duration: 1.88 ms
Execution 438 - QUIC Single
Handshake duration: 1.91 ms
Execution 439 - QUIC Single
Handshake duration: 1.86 ms
Execution 440 - QUIC Single
Handshake duration: 2.05 ms
Execution 441 - QUIC Single
Handshake duration: 2.09 ms
Execution 442 - QUIC Single
Handshake duration: 2.17 ms
Execution 443 - QUIC Single
Handshake duration: 2.37 ms
Execution 444 - QUIC Single
Handshake duration: 2.81 ms
Execution 445 - QUIC Single
Handshake duration: 1.88 ms
Execution 446 - QUIC Single
Handshake duration: 1.89 ms
Execution 447 - QUIC Single
Handshake duration: 1.85 ms
Execution 448 - QUIC Single
Handshake duration: 1.87 ms
Execution 449 - QUIC Single
Handshake duration: 2.35 ms
Execution 450 - QUIC Single
Handshake duration: 1.91 ms
Execution 451 - QUIC Single
Handshake duration: 1.88 ms
Execution 452 - QUIC Single
Handshake duration: 2.07 ms
Execution 453 - QUIC Single
Handshake duration: 2.48 ms
Execution 454 - QUIC Single
Handshake duration: 2.37 ms
Execution 455 - QUIC Single
Handshake duration: 1.86 ms
Execution 456 - QUIC Single
Handshake duration: 2.23 ms
Execution 457 - QUIC Single
Handshake duration: 1.90 ms
Execution 458 - QUIC Single
Handshake duration: 2.41 ms
Execution 459 - QUIC Single
Handshake duration: 1.96 ms
Execution 460 - QUIC Single
Handshake duration: 2.00 ms
Execution 461 - QUIC Single
Handshake duration: 2.02 ms
Execution 462 - QUIC Single
Handshake duration: 2.65 ms
Execution 463 - QUIC Single
Handshake duration: 1.89 ms
Execution 464 - QUIC Single
Handshake duration: 2.30 ms
Execution 465 - QUIC Single
Handshake duration: 1.93 ms
Execution 466 - QUIC Single
Handshake duration: 1.88 ms
Execution 467 - QUIC Single
Handshake duration: 1.98 ms
Execution 468 - QUIC Single
Handshake duration: 1.97 ms
Execution 469 - QUIC Single
Handshake duration: 1.87 ms
Execution 470 - QUIC Single
Handshake duration: 1.90 ms
Execution 471 - QUIC Single
Handshake duration: 2.29 ms
Execution 472 - QUIC Single
Handshake duration: 2.37 ms
Execution 473 - QUIC Single
Handshake duration: 2.02 ms
Execution 474 - QUIC Single
Handshake duration: 2.12 ms
Execution 475 - QUIC Single
Handshake duration: 1.90 ms
Execution 476 - QUIC Single
Handshake duration: 2.06 ms
Execution 477 - QUIC Single
Handshake duration: 1.86 ms
Execution 478 - QUIC Single
Handshake duration: 1.98 ms
Execution 479 - QUIC Single
Handshake duration: 1.87 ms
Execution 480 - QUIC Single
Handshake duration: 2.18 ms
Execution 481 - QUIC Single
Handshake duration: 2.04 ms
Execution 482 - QUIC Single
Handshake duration: 2.10 ms
Execution 483 - QUIC Single
Handshake duration: 1.81 ms
Execution 484 - QUIC Single
Handshake duration: 1.91 ms
Execution 485 - QUIC Single
Handshake duration: 1.88 ms
Execution 486 - QUIC Single
Handshake duration: 1.87 ms
Execution 487 - QUIC Single
Handshake duration: 2.42 ms
Execution 488 - QUIC Single
Handshake duration: 1.93 ms
Execution 489 - QUIC Single
Handshake duration: 2.48 ms
Execution 490 - QUIC Single
Handshake duration: 1.99 ms
Execution 491 - QUIC Single
Handshake duration: 1.88 ms
Execution 492 - QUIC Single
Handshake duration: 2.07 ms
Execution 493 - QUIC Single
Handshake duration: 1.89 ms
Execution 494 - QUIC Single
Handshake duration: 1.90 ms
Execution 495 - QUIC Single
Handshake duration: 2.17 ms
Execution 496 - QUIC Single
Handshake duration: 1.85 ms
Execution 497 - QUIC Single
Handshake duration: 1.88 ms
Execution 498 - QUIC Single
Handshake duration: 1.87 ms
Execution 499 - QUIC Single
Handshake duration: 1.95 ms
Execution 500 - QUIC Single
Handshake duration: 2.03 ms
     Waiting  ... 
   Shutting down server and impairments...

****************
  -> KEM: x25519

    Executing docker Server...
servidor
cliente
./Launcherv3_pq_hqc_ge_rerun.sh : ligne 309 : 16899 Processus arrêté      /usr/local/bin/pumba netem --duration 1h --interface $NETIF loss-gemodel --pg "${args[0]}" --pb "${args[1]}" --one-h "${args[2]}" --one-k "${args[3]}" "$OQS_SERVER"
5051dede4b7f9bf7bc650da8d4165c357c23cc5e47b4bb3dd7b4fc8a2e8f79de
    Buscando IP.. 
    IP..  172.18.0.2
   ↳ Applying unstable network profile (loss-gemodel pg20 pb40 h90 k20)
   ✔ Pumba PID 21757 confirmed running (SIG=ed25519 KEM=x25519 PROTO=quic)
    Executing docker Client... 172.18.0.2
e95c71b61abe620609137fa4a043c1e055247e5e95cf02292876c4a7320f7b99
cliente
     Docker cliente executed ... 

**************************
     Executing test  ... 
Applying netem rules to lo...
Showing qdisc status for the interface: lo
qdisc netem 8006: root refcnt 2 limit 1000 seed 5975824437022191120
 Sent 0 bytes 0 pkt (dropped 0, overlimits 0 requeues 0) 
 backlog 0b 0p requeues 0
Running ./perftestClientTlsQuic.sh with SIG_ALG=ed25519 and KEM_ALG=x25519
Execution 1 - QUIC Single
Handshake duration: 2.07 ms
Execution 2 - QUIC Single
Handshake duration: 1.95 ms
Execution 3 - QUIC Single
Handshake duration: 2.26 ms
Execution 4 - QUIC Single
Handshake duration: 2.12 ms
Execution 5 - QUIC Single
Handshake duration: 1.94 ms
Execution 6 - QUIC Single
Handshake duration: 2.11 ms
Execution 7 - QUIC Single
Handshake duration: 1.95 ms
Execution 8 - QUIC Single
Handshake duration: 2.11 ms
Execution 9 - QUIC Single
Handshake duration: 1.83 ms
Execution 10 - QUIC Single
Handshake duration: 1.88 ms
Execution 11 - QUIC Single
Handshake duration: 1.80 ms
Execution 12 - QUIC Single
Handshake duration: 2.38 ms
Execution 13 - QUIC Single
Handshake duration: 2.17 ms
Execution 14 - QUIC Single
Handshake duration: 2.10 ms
Execution 15 - QUIC Single
Handshake duration: 1.81 ms
Execution 16 - QUIC Single
Handshake duration: 1.75 ms
Execution 17 - QUIC Single
Handshake duration: 1.66 ms
Execution 18 - QUIC Single
Handshake duration: 1.98 ms
Execution 19 - QUIC Single
Handshake duration: 1.65 ms
Execution 20 - QUIC Single
Handshake duration: 2.11 ms
Execution 21 - QUIC Single
Handshake duration: 1.67 ms
Execution 22 - QUIC Single
Handshake duration: 2.01 ms
Execution 23 - QUIC Single
Handshake duration: 1.96 ms
Execution 24 - QUIC Single
Handshake duration: 2.14 ms
Execution 25 - QUIC Single
Handshake duration: 1.66 ms
Execution 26 - QUIC Single
Handshake duration: 1.67 ms
Execution 27 - QUIC Single
Handshake duration: 1.98 ms
Execution 28 - QUIC Single
Handshake duration: 1.96 ms
Execution 29 - QUIC Single
Handshake duration: 2.04 ms
Execution 30 - QUIC Single
Handshake duration: 1.67 ms
Execution 31 - QUIC Single
Handshake duration: 2.56 ms
Execution 32 - QUIC Single
Handshake duration: 1.94 ms
Execution 33 - QUIC Single
Handshake duration: 2.10 ms
Execution 34 - QUIC Single
Handshake duration: 2.27 ms
Execution 35 - QUIC Single
Handshake duration: 1.75 ms
Execution 36 - QUIC Single
Handshake duration: 2.08 ms
Execution 37 - QUIC Single
Handshake duration: 1.85 ms
Execution 38 - QUIC Single
Handshake duration: 1.61 ms
Execution 39 - QUIC Single
Handshake duration: 1.70 ms
Execution 40 - QUIC Single
Handshake duration: 1.95 ms
Execution 41 - QUIC Single
Handshake duration: 1.70 ms
Execution 42 - QUIC Single
Handshake duration: 1.68 ms
Execution 43 - QUIC Single
Handshake duration: 1.64 ms
Execution 44 - QUIC Single
Handshake duration: 1.71 ms
Execution 45 - QUIC Single
Handshake duration: 2.13 ms
Execution 46 - QUIC Single
Handshake duration: 1.64 ms
Execution 47 - QUIC Single
Handshake duration: 1.63 ms
Execution 48 - QUIC Single
Handshake duration: 2.27 ms
Execution 49 - QUIC Single
Handshake duration: 1.67 ms
Execution 50 - QUIC Single
Handshake duration: 1.65 ms
Execution 51 - QUIC Single
Handshake duration: 1.80 ms
Execution 52 - QUIC Single
Handshake duration: 1.91 ms
Execution 53 - QUIC Single
Handshake duration: 1.66 ms
Execution 54 - QUIC Single
Handshake duration: 1.77 ms
Execution 55 - QUIC Single
Handshake duration: 1.67 ms
Execution 56 - QUIC Single
Handshake duration: 1.67 ms
Execution 57 - QUIC Single
Handshake duration: 2.23 ms
Execution 58 - QUIC Single
Handshake duration: 1.75 ms
Execution 59 - QUIC Single
Handshake duration: 1.91 ms
Execution 60 - QUIC Single
Handshake duration: 1.92 ms
Execution 61 - QUIC Single
Handshake duration: 1.95 ms
Execution 62 - QUIC Single
Handshake duration: 1.70 ms
Execution 63 - QUIC Single
Handshake duration: 2.10 ms
Execution 64 - QUIC Single
Handshake duration: 2.02 ms
Execution 65 - QUIC Single
Handshake duration: 1.92 ms
Execution 66 - QUIC Single
Handshake duration: 1.73 ms
Execution 67 - QUIC Single
Handshake duration: 1.67 ms
Execution 68 - QUIC Single
Handshake duration: 1.67 ms
Execution 69 - QUIC Single
Handshake duration: 1.76 ms
Execution 70 - QUIC Single
Handshake duration: 1.66 ms
Execution 71 - QUIC Single
Handshake duration: 1.96 ms
Execution 72 - QUIC Single
Handshake duration: 2.36 ms
Execution 73 - QUIC Single
Handshake duration: 1.95 ms
Execution 74 - QUIC Single
Handshake duration: 1.66 ms
Execution 75 - QUIC Single
Handshake duration: 1.94 ms
Execution 76 - QUIC Single
Handshake duration: 1.69 ms
Execution 77 - QUIC Single
Handshake duration: 1.66 ms
Execution 78 - QUIC Single
Handshake duration: 2.10 ms
Execution 79 - QUIC Single
Handshake duration: 1.71 ms
Execution 80 - QUIC Single
Handshake duration: 1.64 ms
Execution 81 - QUIC Single
Handshake duration: 1.68 ms
Execution 82 - QUIC Single
Handshake duration: 1.92 ms
Execution 83 - QUIC Single
Handshake duration: 1.66 ms
Execution 84 - QUIC Single
Handshake duration: 2.01 ms
Execution 85 - QUIC Single
Handshake duration: 1.66 ms
Execution 86 - QUIC Single
Handshake duration: 1.77 ms
Execution 87 - QUIC Single
Handshake duration: 1.90 ms
Execution 88 - QUIC Single
Handshake duration: 1.65 ms
Execution 89 - QUIC Single
Handshake duration: 1.68 ms
Execution 90 - QUIC Single
Handshake duration: 1.82 ms
Execution 91 - QUIC Single
Handshake duration: 1.68 ms
Execution 92 - QUIC Single
Handshake duration: 1.94 ms
Execution 93 - QUIC Single
Handshake duration: 2.60 ms
Execution 94 - QUIC Single
Handshake duration: 1.68 ms
Execution 95 - QUIC Single
Handshake duration: 1.67 ms
Execution 96 - QUIC Single
Handshake duration: 1.81 ms
Execution 97 - QUIC Single
Handshake duration: 1.80 ms
Execution 98 - QUIC Single
Handshake duration: 1.66 ms
Execution 99 - QUIC Single
Handshake duration: 2.62 ms
Execution 100 - QUIC Single
Handshake duration: 1.76 ms
Execution 101 - QUIC Single
Handshake duration: 2.09 ms
Execution 102 - QUIC Single
Handshake duration: 1.90 ms
Execution 103 - QUIC Single
Handshake duration: 2.09 ms
Execution 104 - QUIC Single
Handshake duration: 1.99 ms
Execution 105 - QUIC Single
Handshake duration: 1.69 ms
Execution 106 - QUIC Single
Handshake duration: 1.78 ms
Execution 107 - QUIC Single
Handshake duration: 1.85 ms
Execution 108 - QUIC Single
Handshake duration: 1.74 ms
Execution 109 - QUIC Single
Handshake duration: 1.91 ms
Execution 110 - QUIC Single
Handshake duration: 2.21 ms
Execution 111 - QUIC Single
Handshake duration: 1.64 ms
Execution 112 - QUIC Single
Handshake duration: 1.68 ms
Execution 113 - QUIC Single
Handshake duration: 1.79 ms
Execution 114 - QUIC Single
Handshake duration: 1.72 ms
Execution 115 - QUIC Single
Handshake duration: 1.68 ms
Execution 116 - QUIC Single
Handshake duration: 2.07 ms
Execution 117 - QUIC Single
Handshake duration: 2.42 ms
Execution 118 - QUIC Single
Handshake duration: 2.12 ms
Execution 119 - QUIC Single
Handshake duration: 1.69 ms
Execution 120 - QUIC Single
Handshake duration: 1.67 ms
Execution 121 - QUIC Single
Handshake duration: 1.84 ms
Execution 122 - QUIC Single
Handshake duration: 1.71 ms
Execution 123 - QUIC Single
Handshake duration: 1.68 ms
Execution 124 - QUIC Single
Handshake duration: 1.77 ms
Execution 125 - QUIC Single
Handshake duration: 1.89 ms
Execution 126 - QUIC Single
Handshake duration: 1.78 ms
Execution 127 - QUIC Single
Handshake duration: 2.15 ms
Execution 128 - QUIC Single
Handshake duration: 1.69 ms
Execution 129 - QUIC Single
Handshake duration: 1.67 ms
Execution 130 - QUIC Single
Handshake duration: 1.76 ms
Execution 131 - QUIC Single
Handshake duration: 1.68 ms
Execution 132 - QUIC Single
Handshake duration: 1.68 ms
Execution 133 - QUIC Single
Handshake duration: 1.95 ms
Execution 134 - QUIC Single
Handshake duration: 2.16 ms
Execution 135 - QUIC Single
Handshake duration: 1.68 ms
Execution 136 - QUIC Single
Handshake duration: 2.00 ms
Execution 137 - QUIC Single
Handshake duration: 2.60 ms
Execution 138 - QUIC Single
Handshake duration: 1.73 ms
Execution 139 - QUIC Single
Handshake duration: 2.11 ms
Execution 140 - QUIC Single
Handshake duration: 2.22 ms
Execution 141 - QUIC Single
Handshake duration: 1.67 ms
Execution 142 - QUIC Single
Handshake duration: 2.11 ms
Execution 143 - QUIC Single
Handshake duration: 1.82 ms
Execution 144 - QUIC Single
Handshake duration: 1.71 ms
Execution 145 - QUIC Single
Handshake duration: 1.67 ms
Execution 146 - QUIC Single
Handshake duration: 1.97 ms
Execution 147 - QUIC Single
Handshake duration: 1.68 ms
Execution 148 - QUIC Single
Handshake duration: 1.66 ms
Execution 149 - QUIC Single
Handshake duration: 1.76 ms
Execution 150 - QUIC Single
Handshake duration: 1.62 ms
Execution 151 - QUIC Single
Handshake duration: 1.79 ms
Execution 152 - QUIC Single
Handshake duration: 2.10 ms
Execution 153 - QUIC Single
Handshake duration: 1.80 ms
Execution 154 - QUIC Single
Handshake duration: 3.18 ms
Execution 155 - QUIC Single
Handshake duration: 1.70 ms
Execution 156 - QUIC Single
Handshake duration: 1.69 ms
Execution 157 - QUIC Single
Handshake duration: 1.71 ms
Execution 158 - QUIC Single
Handshake duration: 1.70 ms
Execution 159 - QUIC Single
Handshake duration: 1.71 ms
Execution 160 - QUIC Single
Handshake duration: 2.02 ms
Execution 161 - QUIC Single
Handshake duration: 1.66 ms
Execution 162 - QUIC Single
Handshake duration: 1.75 ms
Execution 163 - QUIC Single
Handshake duration: 2.00 ms
Execution 164 - QUIC Single
Handshake duration: 1.71 ms
Execution 165 - QUIC Single
Handshake duration: 1.68 ms
Execution 166 - QUIC Single
Handshake duration: 1.75 ms
Execution 167 - QUIC Single
Handshake duration: 1.66 ms
Execution 168 - QUIC Single
Handshake duration: 2.05 ms
Execution 169 - QUIC Single
Handshake duration: 2.05 ms
Execution 170 - QUIC Single
Handshake duration: 1.66 ms
Execution 171 - QUIC Single
Handshake duration: 1.66 ms
Execution 172 - QUIC Single
Handshake duration: 2.09 ms
Execution 173 - QUIC Single
Handshake duration: 2.11 ms
Execution 174 - QUIC Single
Handshake duration: 1.69 ms
Execution 175 - QUIC Single
Handshake duration: 1.70 ms
Execution 176 - QUIC Single
Handshake duration: 1.95 ms
Execution 177 - QUIC Single
Handshake duration: 1.68 ms
Execution 178 - QUIC Single
Handshake duration: 2.00 ms
Execution 179 - QUIC Single
Handshake duration: 2.12 ms
Execution 180 - QUIC Single
Handshake duration: 1.98 ms
Execution 181 - QUIC Single
Handshake duration: 2.42 ms
Execution 182 - QUIC Single
Handshake duration: 1.67 ms
Execution 183 - QUIC Single
Handshake duration: 1.83 ms
Execution 184 - QUIC Single
Handshake duration: 1.79 ms
Execution 185 - QUIC Single
Handshake duration: 1.61 ms
Execution 186 - QUIC Single
Handshake duration: 1.66 ms
Execution 187 - QUIC Single
Handshake duration: 2.13 ms
Execution 188 - QUIC Single
Handshake duration: 1.67 ms
Execution 189 - QUIC Single
Handshake duration: 1.77 ms
Execution 190 - QUIC Single
Handshake duration: 1.69 ms
Execution 191 - QUIC Single
Handshake duration: 1.97 ms
Execution 192 - QUIC Single
Handshake duration: 1.68 ms
Execution 193 - QUIC Single
Handshake duration: 1.69 ms
Execution 194 - QUIC Single
Handshake duration: 2.18 ms
Execution 195 - QUIC Single
Handshake duration: 2.10 ms
Execution 196 - QUIC Single
Handshake duration: 1.69 ms
Execution 197 - QUIC Single
Handshake duration: 2.00 ms
Execution 198 - QUIC Single
Handshake duration: 1.77 ms
Execution 199 - QUIC Single
Handshake duration: 2.32 ms
Execution 200 - QUIC Single
Handshake duration: 1.71 ms
Execution 201 - QUIC Single
Handshake duration: 1.70 ms
Execution 202 - QUIC Single
Handshake duration: 1.64 ms
Execution 203 - QUIC Single
Handshake duration: 1.94 ms
Execution 204 - QUIC Single
Handshake duration: 1.69 ms
Execution 205 - QUIC Single
Handshake duration: 1.76 ms
Execution 206 - QUIC Single
Handshake duration: 1.61 ms
Execution 207 - QUIC Single
Handshake duration: 1.83 ms
Execution 208 - QUIC Single
Handshake duration: 2.10 ms
Execution 209 - QUIC Single
Handshake duration: 1.65 ms
Execution 210 - QUIC Single
Handshake duration: 1.67 ms
Execution 211 - QUIC Single
Handshake duration: 1.77 ms
Execution 212 - QUIC Single
Handshake duration: 1.89 ms
Execution 213 - QUIC Single
Handshake duration: 1.67 ms
Execution 214 - QUIC Single
Handshake duration: 1.79 ms
Execution 215 - QUIC Single
Handshake duration: 2.10 ms
Execution 216 - QUIC Single
Handshake duration: 1.72 ms
Execution 217 - QUIC Single
Handshake duration: 1.77 ms
Execution 218 - QUIC Single
Handshake duration: 1.64 ms
Execution 219 - QUIC Single
Handshake duration: 1.68 ms
Execution 220 - QUIC Single
Handshake duration: 1.64 ms
Execution 221 - QUIC Single
Handshake duration: 1.67 ms
Execution 222 - QUIC Single
Handshake duration: 1.62 ms
Execution 223 - QUIC Single
Handshake duration: 1.82 ms
Execution 224 - QUIC Single
Handshake duration: 2.00 ms
Execution 225 - QUIC Single
Handshake duration: 1.90 ms
Execution 226 - QUIC Single
Handshake duration: 1.67 ms
Execution 227 - QUIC Single
Handshake duration: 1.69 ms
Execution 228 - QUIC Single
Handshake duration: 1.70 ms
Execution 229 - QUIC Single
Handshake duration: 2.12 ms
Execution 230 - QUIC Single
Handshake duration: 1.68 ms
Execution 231 - QUIC Single
Handshake duration: 2.09 ms
Execution 232 - QUIC Single
Handshake duration: 1.67 ms
Execution 233 - QUIC Single
Handshake duration: 1.67 ms
Execution 234 - QUIC Single
Handshake duration: 1.65 ms
Execution 235 - QUIC Single
Handshake duration: 1.63 ms
Execution 236 - QUIC Single
Handshake duration: 1.61 ms
Execution 237 - QUIC Single
Handshake duration: 1.70 ms
Execution 238 - QUIC Single
Handshake duration: 1.76 ms
Execution 239 - QUIC Single
Handshake duration: 1.70 ms
Execution 240 - QUIC Single
Handshake duration: 1.67 ms
Execution 241 - QUIC Single
Handshake duration: 1.65 ms
Execution 242 - QUIC Single
Handshake duration: 1.80 ms
Execution 243 - QUIC Single
Handshake duration: 1.74 ms
Execution 244 - QUIC Single
Handshake duration: 1.67 ms
Execution 245 - QUIC Single
Handshake duration: 2.13 ms
Execution 246 - QUIC Single
Handshake duration: 1.72 ms
Execution 247 - QUIC Single
Handshake duration: 1.70 ms
Execution 248 - QUIC Single
Handshake duration: 1.81 ms
Execution 249 - QUIC Single
Handshake duration: 1.68 ms
Execution 250 - QUIC Single
Handshake duration: 1.77 ms
Execution 251 - QUIC Single
Handshake duration: 2.10 ms
Execution 252 - QUIC Single
Handshake duration: 1.68 ms
Execution 253 - QUIC Single
Handshake duration: 1.77 ms
Execution 254 - QUIC Single
Handshake duration: 1.71 ms
Execution 255 - QUIC Single
Handshake duration: 1.70 ms
Execution 256 - QUIC Single
Handshake duration: 2.14 ms
Execution 257 - QUIC Single
Handshake duration: 1.69 ms
Execution 258 - QUIC Single
Handshake duration: 1.70 ms
Execution 259 - QUIC Single
Handshake duration: 1.94 ms
Execution 260 - QUIC Single
Handshake duration: 2.12 ms
Execution 261 - QUIC Single
Handshake duration: 1.80 ms
Execution 262 - QUIC Single
Handshake duration: 1.57 ms
Execution 263 - QUIC Single
Handshake duration: 1.73 ms
Execution 264 - QUIC Single
Handshake duration: 1.76 ms
Execution 265 - QUIC Single
Handshake duration: 1.76 ms
Execution 266 - QUIC Single
Handshake duration: 1.79 ms
Execution 267 - QUIC Single
Handshake duration: 1.71 ms
Execution 268 - QUIC Single
Handshake duration: 1.64 ms
Execution 269 - QUIC Single
Handshake duration: 2.16 ms
Execution 270 - QUIC Single
Handshake duration: 1.94 ms
Execution 271 - QUIC Single
Handshake duration: 1.80 ms
Execution 272 - QUIC Single
Handshake duration: 2.10 ms
Execution 273 - QUIC Single
Handshake duration: 1.67 ms
Execution 274 - QUIC Single
Handshake duration: 1.67 ms
Execution 275 - QUIC Single
Handshake duration: 1.68 ms
Execution 276 - QUIC Single
Handshake duration: 1.79 ms
Execution 277 - QUIC Single
Handshake duration: 1.64 ms
Execution 278 - QUIC Single
Handshake duration: 2.17 ms
Execution 279 - QUIC Single
Handshake duration: 2.15 ms
Execution 280 - QUIC Single
Handshake duration: 1.67 ms
Execution 281 - QUIC Single
Handshake duration: 1.65 ms
Execution 282 - QUIC Single
Handshake duration: 2.19 ms
Execution 283 - QUIC Single
Handshake duration: 1.69 ms
Execution 284 - QUIC Single
Handshake duration: 1.65 ms
Execution 285 - QUIC Single
Handshake duration: 1.76 ms
Execution 286 - QUIC Single
Handshake duration: 1.64 ms
Execution 287 - QUIC Single
Handshake duration: 2.47 ms
Execution 288 - QUIC Single
Handshake duration: 1.62 ms
Execution 289 - QUIC Single
Handshake duration: 1.70 ms
Execution 290 - QUIC Single
Handshake duration: 2.02 ms
Execution 291 - QUIC Single
Handshake duration: 1.73 ms
Execution 292 - QUIC Single
Handshake duration: 1.67 ms
Execution 293 - QUIC Single
Handshake duration: 1.58 ms
Execution 294 - QUIC Single
Handshake duration: 1.86 ms
Execution 295 - QUIC Single
Handshake duration: 1.68 ms
Execution 296 - QUIC Single
Handshake duration: 2.36 ms
Execution 297 - QUIC Single
Handshake duration: 1.72 ms
Execution 298 - QUIC Single
Handshake duration: 1.62 ms
Execution 299 - QUIC Single
Handshake duration: 2.23 ms
Execution 300 - QUIC Single
Handshake duration: 1.64 ms
Execution 301 - QUIC Single
Handshake duration: 1.69 ms
Execution 302 - QUIC Single
Handshake duration: 1.67 ms
Execution 303 - QUIC Single
Handshake duration: 1.90 ms
Execution 304 - QUIC Single
Handshake duration: 2.10 ms
Execution 305 - QUIC Single
Handshake duration: 2.06 ms
Execution 306 - QUIC Single
Handshake duration: 1.68 ms
Execution 307 - QUIC Single
Handshake duration: 1.67 ms
Execution 308 - QUIC Single
Handshake duration: 2.26 ms
Execution 309 - QUIC Single
Handshake duration: 1.67 ms
Execution 310 - QUIC Single
Handshake duration: 2.20 ms
Execution 311 - QUIC Single
Handshake duration: 1.71 ms
Execution 312 - QUIC Single
Handshake duration: 1.65 ms
Execution 313 - QUIC Single
Handshake duration: 1.67 ms
Execution 314 - QUIC Single
Handshake duration: 1.89 ms
Execution 315 - QUIC Single
Handshake duration: 1.73 ms
Execution 316 - QUIC Single
Handshake duration: 1.66 ms
Execution 317 - QUIC Single
Handshake duration: 1.68 ms
Execution 318 - QUIC Single
Handshake duration: 1.67 ms
Execution 319 - QUIC Single
Handshake duration: 1.68 ms
Execution 320 - QUIC Single
Handshake duration: 1.95 ms
Execution 321 - QUIC Single
Handshake duration: 1.76 ms
Execution 322 - QUIC Single
Handshake duration: 2.09 ms
Execution 323 - QUIC Single
Handshake duration: 1.82 ms
Execution 324 - QUIC Single
Handshake duration: 1.67 ms
Execution 325 - QUIC Single
Handshake duration: 1.69 ms
Execution 326 - QUIC Single
Handshake duration: 2.39 ms
Execution 327 - QUIC Single
Handshake duration: 1.70 ms
Execution 328 - QUIC Single
Handshake duration: 1.64 ms
Execution 329 - QUIC Single
Handshake duration: 1.72 ms
Execution 330 - QUIC Single
Handshake duration: 1.77 ms
Execution 331 - QUIC Single
Handshake duration: 1.66 ms
Execution 332 - QUIC Single
Handshake duration: 1.73 ms
Execution 333 - QUIC Single
Handshake duration: 1.80 ms
Execution 334 - QUIC Single
Handshake duration: 1.67 ms
Execution 335 - QUIC Single
Handshake duration: 1.86 ms
Execution 336 - QUIC Single
Handshake duration: 1.69 ms
Execution 337 - QUIC Single
Handshake duration: 1.66 ms
Execution 338 - QUIC Single
Handshake duration: 1.77 ms
Execution 339 - QUIC Single
Handshake duration: 1.77 ms
Execution 340 - QUIC Single
Handshake duration: 1.69 ms
Execution 341 - QUIC Single
Handshake duration: 1.71 ms
Execution 342 - QUIC Single
Handshake duration: 1.69 ms
Execution 343 - QUIC Single
Handshake duration: 1.67 ms
Execution 344 - QUIC Single
Handshake duration: 1.96 ms
Execution 345 - QUIC Single
Handshake duration: 1.82 ms
Execution 346 - QUIC Single
Handshake duration: 1.79 ms
Execution 347 - QUIC Single
Handshake duration: 2.16 ms
Execution 348 - QUIC Single
Handshake duration: 1.70 ms
Execution 349 - QUIC Single
Handshake duration: 1.71 ms
Execution 350 - QUIC Single
Handshake duration: 1.73 ms
Execution 351 - QUIC Single
Handshake duration: 1.91 ms
Execution 352 - QUIC Single
Handshake duration: 2.10 ms
Execution 353 - QUIC Single
Handshake duration: 2.03 ms
Execution 354 - QUIC Single
Handshake duration: 1.75 ms
Execution 355 - QUIC Single
Handshake duration: 1.65 ms
Execution 356 - QUIC Single
Handshake duration: 2.06 ms
Execution 357 - QUIC Single
Handshake duration: 1.79 ms
Execution 358 - QUIC Single
Handshake duration: 1.69 ms
Execution 359 - QUIC Single
Handshake duration: 1.65 ms
Execution 360 - QUIC Single
Handshake duration: 2.10 ms
Execution 361 - QUIC Single
Handshake duration: 1.70 ms
Execution 362 - QUIC Single
Handshake duration: 1.71 ms
Execution 363 - QUIC Single
Handshake duration: 1.68 ms
Execution 364 - QUIC Single
Handshake duration: 1.70 ms
Execution 365 - QUIC Single
Handshake duration: 1.67 ms
Execution 366 - QUIC Single
Handshake duration: 1.63 ms
Execution 367 - QUIC Single
Handshake duration: 2.42 ms
Execution 368 - QUIC Single
Handshake duration: 1.87 ms
Execution 369 - QUIC Single
Handshake duration: 1.65 ms
Execution 370 - QUIC Single
Handshake duration: 1.74 ms
Execution 371 - QUIC Single
Handshake duration: 1.68 ms
Execution 372 - QUIC Single
Handshake duration: 1.66 ms
Execution 373 - QUIC Single
Handshake duration: 2.17 ms
Execution 374 - QUIC Single
Handshake duration: 1.80 ms
Execution 375 - QUIC Single
Handshake duration: 1.67 ms
Execution 376 - QUIC Single
Handshake duration: 1.86 ms
Execution 377 - QUIC Single
Handshake duration: 1.77 ms
Execution 378 - QUIC Single
Handshake duration: 1.64 ms
Execution 379 - QUIC Single
Handshake duration: 1.80 ms
Execution 380 - QUIC Single
Handshake duration: 1.67 ms
Execution 381 - QUIC Single
Handshake duration: 1.59 ms
Execution 382 - QUIC Single
Handshake duration: 2.06 ms
Execution 383 - QUIC Single
Handshake duration: 1.69 ms
Execution 384 - QUIC Single
Handshake duration: 1.68 ms
Execution 385 - QUIC Single
Handshake duration: 1.99 ms
Execution 386 - QUIC Single
Handshake duration: 1.69 ms
Execution 387 - QUIC Single
Handshake duration: 1.74 ms
Execution 388 - QUIC Single
Handshake duration: 1.91 ms
Execution 389 - QUIC Single
Handshake duration: 1.69 ms
Execution 390 - QUIC Single
Handshake duration: 1.72 ms
Execution 391 - QUIC Single
Handshake duration: 1.66 ms
Execution 392 - QUIC Single
Handshake duration: 1.82 ms
Execution 393 - QUIC Single
Handshake duration: 2.16 ms
Execution 394 - QUIC Single
Handshake duration: 1.88 ms
Execution 395 - QUIC Single
Handshake duration: 1.80 ms
Execution 396 - QUIC Single
Handshake duration: 1.84 ms
Execution 397 - QUIC Single
Handshake duration: 1.93 ms
Execution 398 - QUIC Single
Handshake duration: 1.70 ms
Execution 399 - QUIC Single
Handshake duration: 1.69 ms
Execution 400 - QUIC Single
Handshake duration: 2.14 ms
Execution 401 - QUIC Single
Handshake duration: 1.60 ms
Execution 402 - QUIC Single
Handshake duration: 1.63 ms
Execution 403 - QUIC Single
Handshake duration: 2.08 ms
Execution 404 - QUIC Single
Handshake duration: 1.63 ms
Execution 405 - QUIC Single
Handshake duration: 1.69 ms
Execution 406 - QUIC Single
Handshake duration: 1.76 ms
Execution 407 - QUIC Single
Handshake duration: 2.13 ms
Execution 408 - QUIC Single
Handshake duration: 1.88 ms
Execution 409 - QUIC Single
Handshake duration: 1.64 ms
Execution 410 - QUIC Single
Handshake duration: 1.76 ms
Execution 411 - QUIC Single
Handshake duration: 1.63 ms
Execution 412 - QUIC Single
Handshake duration: 1.73 ms
Execution 413 - QUIC Single
Handshake duration: 1.60 ms
Execution 414 - QUIC Single
Handshake duration: 1.68 ms
Execution 415 - QUIC Single
Handshake duration: 1.67 ms
Execution 416 - QUIC Single
Handshake duration: 1.58 ms
Execution 417 - QUIC Single
Handshake duration: 1.78 ms
Execution 418 - QUIC Single
Handshake duration: 1.68 ms
Execution 419 - QUIC Single
Handshake duration: 1.74 ms
Execution 420 - QUIC Single
Handshake duration: 1.60 ms
Execution 421 - QUIC Single
Handshake duration: 1.67 ms
Execution 422 - QUIC Single
Handshake duration: 2.12 ms
Execution 423 - QUIC Single
Handshake duration: 1.67 ms
Execution 424 - QUIC Single
Handshake duration: 1.69 ms
Execution 425 - QUIC Single
Handshake duration: 1.68 ms
Execution 426 - QUIC Single
Handshake duration: 1.68 ms
Execution 427 - QUIC Single
Handshake duration: 1.69 ms
Execution 428 - QUIC Single
Handshake duration: 2.15 ms
Execution 429 - QUIC Single
Handshake duration: 1.72 ms
Execution 430 - QUIC Single
Handshake duration: 1.93 ms
Execution 431 - QUIC Single
Handshake duration: 2.06 ms
Execution 432 - QUIC Single
Handshake duration: 1.75 ms
Execution 433 - QUIC Single
Handshake duration: 1.67 ms
Execution 434 - QUIC Single
Handshake duration: 1.65 ms
Execution 435 - QUIC Single
Handshake duration: 2.15 ms
Execution 436 - QUIC Single
Handshake duration: 1.66 ms
Execution 437 - QUIC Single
Handshake duration: 1.92 ms
Execution 438 - QUIC Single
Handshake duration: 2.21 ms
Execution 439 - QUIC Single
Handshake duration: 1.78 ms
Execution 440 - QUIC Single
Handshake duration: 1.77 ms
Execution 441 - QUIC Single
Handshake duration: 1.77 ms
Execution 442 - QUIC Single
Handshake duration: 1.66 ms
Execution 443 - QUIC Single
Handshake duration: 2.12 ms
Execution 444 - QUIC Single
Handshake duration: 1.65 ms
Execution 445 - QUIC Single
Handshake duration: 2.10 ms
Execution 446 - QUIC Single
Handshake duration: 2.20 ms
Execution 447 - QUIC Single
Handshake duration: 2.09 ms
Execution 448 - QUIC Single
Handshake duration: 1.66 ms
Execution 449 - QUIC Single
Handshake duration: 1.73 ms
Execution 450 - QUIC Single
Handshake duration: 2.11 ms
Execution 451 - QUIC Single
Handshake duration: 1.67 ms
Execution 452 - QUIC Single
Handshake duration: 1.83 ms
Execution 453 - QUIC Single
Handshake duration: 1.62 ms
Execution 454 - QUIC Single
Handshake duration: 1.88 ms
Execution 455 - QUIC Single
Handshake duration: 1.91 ms
Execution 456 - QUIC Single
Handshake duration: 1.72 ms
Execution 457 - QUIC Single
Handshake duration: 1.67 ms
Execution 458 - QUIC Single
Handshake duration: 2.00 ms
Execution 459 - QUIC Single
Handshake duration: 1.71 ms
Execution 460 - QUIC Single
Handshake duration: 1.69 ms
Execution 461 - QUIC Single
Handshake duration: 1.72 ms
Execution 462 - QUIC Single
Handshake duration: 1.91 ms
Execution 463 - QUIC Single
Handshake duration: 2.09 ms
Execution 464 - QUIC Single
Handshake duration: 2.22 ms
Execution 465 - QUIC Single
Handshake duration: 1.80 ms
Execution 466 - QUIC Single
Handshake duration: 1.97 ms
Execution 467 - QUIC Single
Handshake duration: 1.85 ms
Execution 468 - QUIC Single
Handshake duration: 1.67 ms
Execution 469 - QUIC Single
Handshake duration: 1.73 ms
Execution 470 - QUIC Single
Handshake duration: 1.81 ms
Execution 471 - QUIC Single
Handshake duration: 1.66 ms
Execution 472 - QUIC Single
Handshake duration: 2.10 ms
Execution 473 - QUIC Single
Handshake duration: 1.76 ms
Execution 474 - QUIC Single
Handshake duration: 2.13 ms
Execution 475 - QUIC Single
Handshake duration: 1.71 ms
Execution 476 - QUIC Single
Handshake duration: 1.68 ms
Execution 477 - QUIC Single
Handshake duration: 1.68 ms
Execution 478 - QUIC Single
Handshake duration: 1.68 ms
Execution 479 - QUIC Single
Handshake duration: 1.77 ms
Execution 480 - QUIC Single
Handshake duration: 1.74 ms
Execution 481 - QUIC Single
Handshake duration: 1.71 ms
Execution 482 - QUIC Single
Handshake duration: 2.40 ms
Execution 483 - QUIC Single
Handshake duration: 2.00 ms
Execution 484 - QUIC Single
Handshake duration: 1.62 ms
Execution 485 - QUIC Single
Handshake duration: 2.15 ms
Execution 486 - QUIC Single
Handshake duration: 1.74 ms
Execution 487 - QUIC Single
Handshake duration: 1.77 ms
Execution 488 - QUIC Single
Handshake duration: 1.75 ms
Execution 489 - QUIC Single
Handshake duration: 1.67 ms
Execution 490 - QUIC Single
Handshake duration: 1.66 ms
Execution 491 - QUIC Single
Handshake duration: 1.75 ms
Execution 492 - QUIC Single
Handshake duration: 1.74 ms
Execution 493 - QUIC Single
Handshake duration: 2.02 ms
Execution 494 - QUIC Single
Handshake duration: 1.85 ms
Execution 495 - QUIC Single
Handshake duration: 1.65 ms
Execution 496 - QUIC Single
Handshake duration: 1.66 ms
Execution 497 - QUIC Single
Handshake duration: 1.94 ms
Execution 498 - QUIC Single
Handshake duration: 1.73 ms
Execution 499 - QUIC Single
Handshake duration: 1.77 ms
Execution 500 - QUIC Single
Handshake duration: 1.66 ms
     Waiting  ... 
   Shutting down server and impairments...

****************
  -> KEM: hqc128

    Executing docker Server...
servidor
cliente
./Launcherv3_pq_hqc_ge_rerun.sh : ligne 309 : 21757 Processus arrêté      /usr/local/bin/pumba netem --duration 1h --interface $NETIF loss-gemodel --pg "${args[0]}" --pb "${args[1]}" --one-h "${args[2]}" --one-k "${args[3]}" "$OQS_SERVER"
0131e4c1b08be28229fffbbdeb44e33e1d370c0913e93fffad283ae999e406fc
    Buscando IP.. 
    IP..  172.18.0.2
   ↳ Applying unstable network profile (loss-gemodel pg20 pb40 h90 k20)
   ✔ Pumba PID 26602 confirmed running (SIG=ed25519 KEM=hqc128 PROTO=quic)
    Executing docker Client... 172.18.0.2
8fe1425460aef6badc7f73f3b5e2e5478f7cc351e4173bd3ad3c11b0b561fb0f
cliente
     Docker cliente executed ... 

**************************
     Executing test  ... 
Applying netem rules to lo...
Showing qdisc status for the interface: lo
qdisc netem 8008: root refcnt 2 limit 1000 seed 7196927023797273909
 Sent 0 bytes 0 pkt (dropped 0, overlimits 0 requeues 0) 
 backlog 0b 0p requeues 0
Running ./perftestClientTlsQuic.sh with SIG_ALG=ed25519 and KEM_ALG=hqc128
Execution 1 - QUIC Single
Handshake duration: 22.55 ms
Execution 2 - QUIC Single
Handshake duration: 16.46 ms
Execution 3 - QUIC Single
Handshake duration: 16.24 ms
Execution 4 - QUIC Single
Handshake duration: 15.95 ms
Execution 5 - QUIC Single
Handshake duration: 16.18 ms
Execution 6 - QUIC Single
Handshake duration: 16.01 ms
Execution 7 - QUIC Single
Handshake duration: 16.03 ms
Execution 8 - QUIC Single
Handshake duration: 16.23 ms
Execution 9 - QUIC Single
Handshake duration: 16.07 ms
Execution 10 - QUIC Single
Handshake duration: 15.98 ms
Execution 11 - QUIC Single
Handshake duration: 16.34 ms
Execution 12 - QUIC Single
Handshake duration: 22.87 ms
Execution 13 - QUIC Single
Handshake duration: 16.03 ms
Execution 14 - QUIC Single
Handshake duration: 16.49 ms
Execution 15 - QUIC Single
Handshake duration: 16.81 ms
Execution 16 - QUIC Single
Handshake duration: 15.90 ms
Execution 17 - QUIC Single
Handshake duration: 15.96 ms
Execution 18 - QUIC Single
Handshake duration: 16.41 ms
Execution 19 - QUIC Single
Handshake duration: 16.02 ms
Execution 20 - QUIC Single
Handshake duration: 15.95 ms
Execution 21 - QUIC Single
Handshake duration: 16.41 ms
Execution 22 - QUIC Single
Handshake duration: 23.05 ms
Execution 23 - QUIC Single
Handshake duration: 16.35 ms
Execution 24 - QUIC Single
Handshake duration: 15.67 ms
Execution 25 - QUIC Single
Handshake duration: 22.80 ms
Execution 26 - QUIC Single
Handshake duration: 23.08 ms
Execution 27 - QUIC Single
Handshake duration: 16.30 ms
Execution 28 - QUIC Single
Handshake duration: 15.88 ms
Execution 29 - QUIC Single
Handshake duration: 16.27 ms
Execution 30 - QUIC Single
Handshake duration: 18.50 ms
Execution 31 - QUIC Single
Handshake duration: 15.98 ms
Execution 32 - QUIC Single
Handshake duration: 16.13 ms
Execution 33 - QUIC Single
Handshake duration: 15.98 ms
Execution 34 - QUIC Single
Handshake duration: 16.19 ms
Execution 35 - QUIC Single
Handshake duration: 22.65 ms
Execution 36 - QUIC Single
Handshake duration: 22.67 ms
Execution 37 - QUIC Single
Handshake duration: 16.00 ms
Execution 38 - QUIC Single
Handshake duration: 16.28 ms
Execution 39 - QUIC Single
Handshake duration: 16.25 ms
Execution 40 - QUIC Single
Handshake duration: 15.94 ms
Execution 41 - QUIC Single
Handshake duration: 23.25 ms
Execution 42 - QUIC Single
Handshake duration: 23.00 ms
Execution 43 - QUIC Single
Handshake duration: 22.69 ms
Execution 44 - QUIC Single
Handshake duration: 22.36 ms
Execution 45 - QUIC Single
Handshake duration: 16.23 ms
Execution 46 - QUIC Single
Handshake duration: 16.03 ms
Execution 47 - QUIC Single
Handshake duration: 16.38 ms
Execution 48 - QUIC Single
Handshake duration: 15.94 ms
Execution 49 - QUIC Single
Handshake duration: 15.93 ms
Execution 50 - QUIC Single
Handshake duration: 15.86 ms
Execution 51 - QUIC Single
Handshake duration: 15.79 ms
Execution 52 - QUIC Single
Handshake duration: 15.86 ms
Execution 53 - QUIC Single
Handshake duration: 17.01 ms
Execution 54 - QUIC Single
Handshake duration: 15.99 ms
Execution 55 - QUIC Single
Handshake duration: 16.32 ms
Execution 56 - QUIC Single
Handshake duration: 15.90 ms
Execution 57 - QUIC Single
Handshake duration: 22.81 ms
Execution 58 - QUIC Single
Handshake duration: 16.72 ms
Execution 59 - QUIC Single
Handshake duration: 16.42 ms
Execution 60 - QUIC Single
Handshake duration: 18.25 ms
Execution 61 - QUIC Single
Handshake duration: 16.24 ms
Execution 62 - QUIC Single
Handshake duration: 16.25 ms
Execution 63 - QUIC Single
Handshake duration: 15.74 ms
Execution 64 - QUIC Single
Handshake duration: 15.87 ms
Execution 65 - QUIC Single
Handshake duration: 15.88 ms
Execution 66 - QUIC Single
Handshake duration: 16.04 ms
Execution 67 - QUIC Single
Handshake duration: 16.75 ms
Execution 68 - QUIC Single
Handshake duration: 16.38 ms
Execution 69 - QUIC Single
Handshake duration: 16.29 ms
Execution 70 - QUIC Single
Handshake duration: 22.50 ms
Execution 71 - QUIC Single
Handshake duration: 16.49 ms
Execution 72 - QUIC Single
Handshake duration: 16.75 ms
Execution 73 - QUIC Single
Handshake duration: 16.89 ms
Execution 74 - QUIC Single
Handshake duration: 15.79 ms
Execution 75 - QUIC Single
Handshake duration: 16.23 ms
Execution 76 - QUIC Single
Handshake duration: 15.94 ms
Execution 77 - QUIC Single
Handshake duration: 16.45 ms
Execution 78 - QUIC Single
Handshake duration: 15.97 ms
Execution 79 - QUIC Single
Handshake duration: 16.38 ms
Execution 80 - QUIC Single
Handshake duration: 16.19 ms
Execution 81 - QUIC Single
Handshake duration: 22.45 ms
Execution 82 - QUIC Single
Handshake duration: 16.26 ms
Execution 83 - QUIC Single
Handshake duration: 15.72 ms
Execution 84 - QUIC Single
Handshake duration: 22.75 ms
Execution 85 - QUIC Single
Handshake duration: 16.68 ms
Execution 86 - QUIC Single
Handshake duration: 15.93 ms
Execution 87 - QUIC Single
Handshake duration: 21.40 ms
Execution 88 - QUIC Single
Handshake duration: 16.66 ms
Execution 89 - QUIC Single
Handshake duration: 16.26 ms
Execution 90 - QUIC Single
Handshake duration: 16.00 ms
Execution 91 - QUIC Single
Handshake duration: 16.00 ms
Execution 92 - QUIC Single
Handshake duration: 15.87 ms
Execution 93 - QUIC Single
Handshake duration: 15.83 ms
Execution 94 - QUIC Single
Handshake duration: 15.89 ms
Execution 95 - QUIC Single
Handshake duration: 22.93 ms
Execution 96 - QUIC Single
Handshake duration: 16.34 ms
Execution 97 - QUIC Single
Handshake duration: 15.84 ms
Execution 98 - QUIC Single
Handshake duration: 22.38 ms
Execution 99 - QUIC Single
Handshake duration: 22.95 ms
Execution 100 - QUIC Single
Handshake duration: 16.11 ms
Execution 101 - QUIC Single
Handshake duration: 15.88 ms
Execution 102 - QUIC Single
Handshake duration: 15.94 ms
Execution 103 - QUIC Single
Handshake duration: 17.56 ms
Execution 104 - QUIC Single
Handshake duration: 16.28 ms
Execution 105 - QUIC Single
Handshake duration: 24.52 ms
Execution 106 - QUIC Single
Handshake duration: 15.88 ms
Execution 107 - QUIC Single
Handshake duration: 16.20 ms
Execution 108 - QUIC Single
Handshake duration: 16.15 ms
Execution 109 - QUIC Single
Handshake duration: 16.08 ms
Execution 110 - QUIC Single
Handshake duration: 22.44 ms
Execution 111 - QUIC Single
Handshake duration: 15.80 ms
Execution 112 - QUIC Single
Handshake duration: 16.26 ms
Execution 113 - QUIC Single
Handshake duration: 16.39 ms
Execution 114 - QUIC Single
Handshake duration: 22.31 ms
Execution 115 - QUIC Single
Handshake duration: 16.28 ms
Execution 116 - QUIC Single
Handshake duration: 16.64 ms
Execution 117 - QUIC Single
Handshake duration: 16.85 ms
Execution 118 - QUIC Single
Handshake duration: 16.85 ms
Execution 119 - QUIC Single
Handshake duration: 16.14 ms
Execution 120 - QUIC Single
Handshake duration: 16.74 ms
Execution 121 - QUIC Single
Handshake duration: 16.62 ms
Execution 122 - QUIC Single
Handshake duration: 15.88 ms
Execution 123 - QUIC Single
Handshake duration: 17.22 ms
Execution 124 - QUIC Single
Handshake duration: 16.22 ms
Execution 125 - QUIC Single
Handshake duration: 15.77 ms
Execution 126 - QUIC Single
Handshake duration: 23.41 ms
Execution 127 - QUIC Single
Handshake duration: 16.65 ms
Execution 128 - QUIC Single
Handshake duration: 15.85 ms
Execution 129 - QUIC Single
Handshake duration: 15.86 ms
Execution 130 - QUIC Single
Handshake duration: 16.67 ms
Execution 131 - QUIC Single
Handshake duration: 15.89 ms
Execution 132 - QUIC Single
Handshake duration: 16.38 ms
Execution 133 - QUIC Single
Handshake duration: 17.34 ms
Execution 134 - QUIC Single
Handshake duration: 16.04 ms
Execution 135 - QUIC Single
Handshake duration: 16.18 ms
Execution 136 - QUIC Single
Handshake duration: 17.49 ms
Execution 137 - QUIC Single
Handshake duration: 16.25 ms
Execution 138 - QUIC Single
Handshake duration: 15.82 ms
Execution 139 - QUIC Single
Handshake duration: 16.02 ms
Execution 140 - QUIC Single
Handshake duration: 16.07 ms
Execution 141 - QUIC Single
Handshake duration: 17.84 ms
Execution 142 - QUIC Single
Handshake duration: 15.87 ms
Execution 143 - QUIC Single
Handshake duration: 15.85 ms
Execution 144 - QUIC Single
Handshake duration: 15.94 ms
Execution 145 - QUIC Single
Handshake duration: 17.32 ms
Execution 146 - QUIC Single
Handshake duration: 22.74 ms
Execution 147 - QUIC Single
Handshake duration: 16.53 ms
Execution 148 - QUIC Single
Handshake duration: 17.85 ms
Execution 149 - QUIC Single
Handshake duration: 22.88 ms
Execution 150 - QUIC Single
Handshake duration: 19.37 ms
Execution 151 - QUIC Single
Handshake duration: 16.44 ms
Execution 152 - QUIC Single
Handshake duration: 15.89 ms
Execution 153 - QUIC Single
Handshake duration: 22.75 ms
Execution 154 - QUIC Single
Handshake duration: 16.27 ms
Execution 155 - QUIC Single
Handshake duration: 15.80 ms
Execution 156 - QUIC Single
Handshake duration: 15.74 ms
Execution 157 - QUIC Single
Handshake duration: 16.08 ms
Execution 158 - QUIC Single
Handshake duration: 16.37 ms
Execution 159 - QUIC Single
Handshake duration: 15.93 ms
Execution 160 - QUIC Single
Handshake duration: 17.94 ms
Execution 161 - QUIC Single
Handshake duration: 16.32 ms
Execution 162 - QUIC Single
Handshake duration: 22.60 ms
Execution 163 - QUIC Single
Handshake duration: 17.72 ms
Execution 164 - QUIC Single
Handshake duration: 15.98 ms
Execution 165 - QUIC Single
Handshake duration: 15.81 ms
Execution 166 - QUIC Single
Handshake duration: 15.93 ms
Execution 167 - QUIC Single
Handshake duration: 16.59 ms
Execution 168 - QUIC Single
Handshake duration: 22.73 ms
Execution 169 - QUIC Single
Handshake duration: 16.23 ms
Execution 170 - QUIC Single
Handshake duration: 16.36 ms
Execution 171 - QUIC Single
Handshake duration: 16.50 ms
Execution 172 - QUIC Single
Handshake duration: 15.83 ms
Execution 173 - QUIC Single
Handshake duration: 16.03 ms
Execution 174 - QUIC Single
Handshake duration: 18.40 ms
Execution 175 - QUIC Single
Handshake duration: 16.22 ms
Execution 176 - QUIC Single
Handshake duration: 15.81 ms
Execution 177 - QUIC Single
Handshake duration: 22.44 ms
Execution 178 - QUIC Single
Handshake duration: 16.21 ms
Execution 179 - QUIC Single
Handshake duration: 17.12 ms
Execution 180 - QUIC Single
Handshake duration: 16.21 ms
Execution 181 - QUIC Single
Handshake duration: 15.95 ms
Execution 182 - QUIC Single
Handshake duration: 16.25 ms
Execution 183 - QUIC Single
Handshake duration: 22.30 ms
Execution 184 - QUIC Single
Handshake duration: 23.04 ms
Execution 185 - QUIC Single
Handshake duration: 20.96 ms
Execution 186 - QUIC Single
Handshake duration: 22.38 ms
Execution 187 - QUIC Single
Handshake duration: 20.66 ms
Execution 188 - QUIC Single
Handshake duration: 15.96 ms
Execution 189 - QUIC Single
Handshake duration: 17.22 ms
Execution 190 - QUIC Single
Handshake duration: 16.46 ms
Execution 191 - QUIC Single
Handshake duration: 16.39 ms
Execution 192 - QUIC Single
Handshake duration: 22.92 ms
Execution 193 - QUIC Single
Handshake duration: 16.01 ms
Execution 194 - QUIC Single
Handshake duration: 16.18 ms
Execution 195 - QUIC Single
Handshake duration: 15.95 ms
Execution 196 - QUIC Single
Handshake duration: 18.90 ms
Execution 197 - QUIC Single
Handshake duration: 15.98 ms
Execution 198 - QUIC Single
Handshake duration: 16.09 ms
Execution 199 - QUIC Single
Handshake duration: 17.28 ms
Execution 200 - QUIC Single
Handshake duration: 17.30 ms
Execution 201 - QUIC Single
Handshake duration: 20.97 ms
Execution 202 - QUIC Single
Handshake duration: 20.43 ms
Execution 203 - QUIC Single
Handshake duration: 16.08 ms
Execution 204 - QUIC Single
Handshake duration: 15.88 ms
Execution 205 - QUIC Single
Handshake duration: 21.40 ms
Execution 206 - QUIC Single
Handshake duration: 15.94 ms
Execution 207 - QUIC Single
Handshake duration: 20.69 ms
Execution 208 - QUIC Single
Handshake duration: 16.29 ms
Execution 209 - QUIC Single
Handshake duration: 22.61 ms
Execution 210 - QUIC Single
Handshake duration: 20.84 ms
Execution 211 - QUIC Single
Handshake duration: 17.39 ms
Execution 212 - QUIC Single
Handshake duration: 20.79 ms
Execution 213 - QUIC Single
Handshake duration: 20.22 ms
Execution 214 - QUIC Single
Handshake duration: 15.84 ms
Execution 215 - QUIC Single
Handshake duration: 22.94 ms
Execution 216 - QUIC Single
Handshake duration: 20.66 ms
Execution 217 - QUIC Single
Handshake duration: 20.28 ms
Execution 218 - QUIC Single
Handshake duration: 22.41 ms
Execution 219 - QUIC Single
Handshake duration: 21.11 ms
Execution 220 - QUIC Single
Handshake duration: 22.96 ms
Execution 221 - QUIC Single
Handshake duration: 20.60 ms
Execution 222 - QUIC Single
Handshake duration: 20.47 ms
Execution 223 - QUIC Single
Handshake duration: 16.66 ms
Execution 224 - QUIC Single
Handshake duration: 20.88 ms
Execution 225 - QUIC Single
Handshake duration: 23.23 ms
Execution 226 - QUIC Single
Handshake duration: 17.81 ms
Execution 227 - QUIC Single
Handshake duration: 15.88 ms
Execution 228 - QUIC Single
Handshake duration: 15.98 ms
Execution 229 - QUIC Single
Handshake duration: 16.27 ms
Execution 230 - QUIC Single
Handshake duration: 20.49 ms
Execution 231 - QUIC Single
Handshake duration: 15.95 ms
Execution 232 - QUIC Single
Handshake duration: 15.81 ms
Execution 233 - QUIC Single
Handshake duration: 22.27 ms
Execution 234 - QUIC Single
Handshake duration: 20.62 ms
Execution 235 - QUIC Single
Handshake duration: 20.98 ms
Execution 236 - QUIC Single
Handshake duration: 20.52 ms
Execution 237 - QUIC Single
Handshake duration: 15.83 ms
Execution 238 - QUIC Single
Handshake duration: 16.15 ms
Execution 239 - QUIC Single
Handshake duration: 17.95 ms
Execution 240 - QUIC Single
Handshake duration: 20.81 ms
Execution 241 - QUIC Single
Handshake duration: 20.70 ms
Execution 242 - QUIC Single
Handshake duration: 16.28 ms
Execution 243 - QUIC Single
Handshake duration: 16.03 ms
Execution 244 - QUIC Single
Handshake duration: 16.96 ms
Execution 245 - QUIC Single
Handshake duration: 20.29 ms
Execution 246 - QUIC Single
Handshake duration: 20.63 ms
Execution 247 - QUIC Single
Handshake duration: 22.02 ms
Execution 248 - QUIC Single
Handshake duration: 16.54 ms
Execution 249 - QUIC Single
Handshake duration: 20.31 ms
Execution 250 - QUIC Single
Handshake duration: 15.85 ms
Execution 251 - QUIC Single
Handshake duration: 20.87 ms
Execution 252 - QUIC Single
Handshake duration: 16.06 ms
Execution 253 - QUIC Single
Handshake duration: 15.99 ms
Execution 254 - QUIC Single
Handshake duration: 23.29 ms
Execution 255 - QUIC Single
Handshake duration: 15.81 ms
Execution 256 - QUIC Single
Handshake duration: 20.47 ms
Execution 257 - QUIC Single
Handshake duration: 16.29 ms
Execution 258 - QUIC Single
Handshake duration: 16.02 ms
Execution 259 - QUIC Single
Handshake duration: 20.75 ms
Execution 260 - QUIC Single
Handshake duration: 22.54 ms
Execution 261 - QUIC Single
Handshake duration: 20.44 ms
Execution 262 - QUIC Single
Handshake duration: 22.79 ms
Execution 263 - QUIC Single
Handshake duration: 16.26 ms
Execution 264 - QUIC Single
Handshake duration: 16.21 ms
Execution 265 - QUIC Single
Handshake duration: 15.78 ms
Execution 266 - QUIC Single
Handshake duration: 22.34 ms
Execution 267 - QUIC Single
Handshake duration: 16.45 ms
Execution 268 - QUIC Single
Handshake duration: 16.21 ms
Execution 269 - QUIC Single
Handshake duration: 16.30 ms
Execution 270 - QUIC Single
Handshake duration: 16.08 ms
Execution 271 - QUIC Single
Handshake duration: 15.79 ms
Execution 272 - QUIC Single
Handshake duration: 15.95 ms
Execution 273 - QUIC Single
Handshake duration: 15.90 ms
Execution 274 - QUIC Single
Handshake duration: 16.25 ms
Execution 275 - QUIC Single
Handshake duration: 15.91 ms
Execution 276 - QUIC Single
Handshake duration: 16.40 ms
Execution 277 - QUIC Single
Handshake duration: 16.21 ms
Execution 278 - QUIC Single
Handshake duration: 16.29 ms
Execution 279 - QUIC Single
Handshake duration: 16.06 ms
Execution 280 - QUIC Single
Handshake duration: 19.04 ms
Execution 281 - QUIC Single
Handshake duration: 18.00 ms
Execution 282 - QUIC Single
Handshake duration: 16.54 ms
Execution 283 - QUIC Single
Handshake duration: 23.25 ms
Execution 284 - QUIC Single
Handshake duration: 15.89 ms
Execution 285 - QUIC Single
Handshake duration: 20.80 ms
Execution 286 - QUIC Single
Handshake duration: 15.96 ms
Execution 287 - QUIC Single
Handshake duration: 15.96 ms
Execution 288 - QUIC Single
Handshake duration: 16.32 ms
Execution 289 - QUIC Single
Handshake duration: 20.33 ms
Execution 290 - QUIC Single
Handshake duration: 16.45 ms
Execution 291 - QUIC Single
Handshake duration: 20.30 ms
Execution 292 - QUIC Single
Handshake duration: 16.28 ms
Execution 293 - QUIC Single
Handshake duration: 16.06 ms
Execution 294 - QUIC Single
Handshake duration: 21.06 ms
Execution 295 - QUIC Single
Handshake duration: 21.13 ms
Execution 296 - QUIC Single
Handshake duration: 20.93 ms
Execution 297 - QUIC Single
Handshake duration: 16.14 ms
Execution 298 - QUIC Single
Handshake duration: 16.29 ms
Execution 299 - QUIC Single
Handshake duration: 16.00 ms
Execution 300 - QUIC Single
Handshake duration: 20.75 ms
Execution 301 - QUIC Single
Handshake duration: 20.39 ms
Execution 302 - QUIC Single
Handshake duration: 17.00 ms
Execution 303 - QUIC Single
Handshake duration: 20.32 ms
Execution 304 - QUIC Single
Handshake duration: 16.30 ms
Execution 305 - QUIC Single
Handshake duration: 21.30 ms
Execution 306 - QUIC Single
Handshake duration: 20.29 ms
Execution 307 - QUIC Single
Handshake duration: 15.97 ms
Execution 308 - QUIC Single
Handshake duration: 15.80 ms
Execution 309 - QUIC Single
Handshake duration: 22.70 ms
Execution 310 - QUIC Single
Handshake duration: 17.89 ms
Execution 311 - QUIC Single
Handshake duration: 16.41 ms
Execution 312 - QUIC Single
Handshake duration: 16.03 ms
Execution 313 - QUIC Single
Handshake duration: 20.47 ms
Execution 314 - QUIC Single
Handshake duration: 20.80 ms
Execution 315 - QUIC Single
Handshake duration: 15.95 ms
Execution 316 - QUIC Single
Handshake duration: 17.64 ms
Execution 317 - QUIC Single
Handshake duration: 27.77 ms
Execution 318 - QUIC Single
Handshake duration: 22.54 ms
Execution 319 - QUIC Single
Handshake duration: 17.54 ms
Execution 320 - QUIC Single
Handshake duration: 16.86 ms
Execution 321 - QUIC Single
Handshake duration: 20.78 ms
Execution 322 - QUIC Single
Handshake duration: 16.04 ms
Execution 323 - QUIC Single
Handshake duration: 15.96 ms
Execution 324 - QUIC Single
Handshake duration: 15.75 ms
Execution 325 - QUIC Single
Handshake duration: 15.84 ms
Execution 326 - QUIC Single
Handshake duration: 16.12 ms
Execution 327 - QUIC Single
Handshake duration: 15.96 ms
Execution 328 - QUIC Single
Handshake duration: 16.04 ms
Execution 329 - QUIC Single
Handshake duration: 16.59 ms
Execution 330 - QUIC Single
Handshake duration: 16.25 ms
Execution 331 - QUIC Single
Handshake duration: 15.79 ms
Execution 332 - QUIC Single
Handshake duration: 22.75 ms
Execution 333 - QUIC Single
Handshake duration: 22.98 ms
Execution 334 - QUIC Single
Handshake duration: 15.98 ms
Execution 335 - QUIC Single
Handshake duration: 16.32 ms
Execution 336 - QUIC Single
Handshake duration: 16.17 ms
Execution 337 - QUIC Single
Handshake duration: 16.36 ms
Execution 338 - QUIC Single
Handshake duration: 16.17 ms
Execution 339 - QUIC Single
Handshake duration: 15.92 ms
Execution 340 - QUIC Single
Handshake duration: 16.01 ms
Execution 341 - QUIC Single
Handshake duration: 15.88 ms
Execution 342 - QUIC Single
Handshake duration: 16.07 ms
Execution 343 - QUIC Single
Handshake duration: 15.78 ms
Execution 344 - QUIC Single
Handshake duration: 16.33 ms
Execution 345 - QUIC Single
Handshake duration: 15.94 ms
Execution 346 - QUIC Single
Handshake duration: 16.09 ms
Execution 347 - QUIC Single
Handshake duration: 16.22 ms
Execution 348 - QUIC Single
Handshake duration: 15.84 ms
Execution 349 - QUIC Single
Handshake duration: 22.30 ms
Execution 350 - QUIC Single
Handshake duration: 15.83 ms
Execution 351 - QUIC Single
Handshake duration: 15.90 ms
Execution 352 - QUIC Single
Handshake duration: 16.00 ms
Execution 353 - QUIC Single
Handshake duration: 16.23 ms
Execution 354 - QUIC Single
Handshake duration: 15.82 ms
Execution 355 - QUIC Single
Handshake duration: 17.52 ms
Execution 356 - QUIC Single
Handshake duration: 16.47 ms
Execution 357 - QUIC Single
Handshake duration: 18.51 ms
Execution 358 - QUIC Single
Handshake duration: 16.21 ms
Execution 359 - QUIC Single
Handshake duration: 15.97 ms
Execution 360 - QUIC Single
Handshake duration: 15.76 ms
Execution 361 - QUIC Single
Handshake duration: 16.37 ms
Execution 362 - QUIC Single
Handshake duration: 22.77 ms
Execution 363 - QUIC Single
Handshake duration: 16.00 ms
Execution 364 - QUIC Single
Handshake duration: 16.19 ms
Execution 365 - QUIC Single
Handshake duration: 16.07 ms
Execution 366 - QUIC Single
Handshake duration: 16.09 ms
Execution 367 - QUIC Single
Handshake duration: 16.11 ms
Execution 368 - QUIC Single
Handshake duration: 16.58 ms
Execution 369 - QUIC Single
Handshake duration: 16.04 ms
Execution 370 - QUIC Single
Handshake duration: 22.61 ms
Execution 371 - QUIC Single
Handshake duration: 16.78 ms
Execution 372 - QUIC Single
Handshake duration: 16.44 ms
Execution 373 - QUIC Single
Handshake duration: 16.04 ms
Execution 374 - QUIC Single
Handshake duration: 16.04 ms
Execution 375 - QUIC Single
Handshake duration: 16.46 ms
Execution 376 - QUIC Single
Handshake duration: 16.01 ms
Execution 377 - QUIC Single
Handshake duration: 15.95 ms
Execution 378 - QUIC Single
Handshake duration: 15.87 ms
Execution 379 - QUIC Single
Handshake duration: 16.09 ms
Execution 380 - QUIC Single
Handshake duration: 16.54 ms
Execution 381 - QUIC Single
Handshake duration: 15.99 ms
Execution 382 - QUIC Single
Handshake duration: 23.73 ms
Execution 383 - QUIC Single
Handshake duration: 16.24 ms
Execution 384 - QUIC Single
Handshake duration: 15.86 ms
Execution 385 - QUIC Single
Handshake duration: 15.85 ms
Execution 386 - QUIC Single
Handshake duration: 22.66 ms
Execution 387 - QUIC Single
Handshake duration: 15.97 ms
Execution 388 - QUIC Single
Handshake duration: 22.55 ms
Execution 389 - QUIC Single
Handshake duration: 15.79 ms
Execution 390 - QUIC Single
Handshake duration: 15.90 ms
Execution 391 - QUIC Single
Handshake duration: 16.17 ms
Execution 392 - QUIC Single
Handshake duration: 22.30 ms
Execution 393 - QUIC Single
Handshake duration: 16.13 ms
Execution 394 - QUIC Single
Handshake duration: 23.27 ms
Execution 395 - QUIC Single
Handshake duration: 16.13 ms
Execution 396 - QUIC Single
Handshake duration: 16.40 ms
Execution 397 - QUIC Single
Handshake duration: 15.88 ms
Execution 398 - QUIC Single
Handshake duration: 16.87 ms
Execution 399 - QUIC Single
Handshake duration: 16.59 ms
Execution 400 - QUIC Single
Handshake duration: 16.23 ms
Execution 401 - QUIC Single
Handshake duration: 24.67 ms
Execution 402 - QUIC Single
Handshake duration: 16.25 ms
Execution 403 - QUIC Single
Handshake duration: 16.64 ms
Execution 404 - QUIC Single
Handshake duration: 15.86 ms
Execution 405 - QUIC Single
Handshake duration: 16.02 ms
Execution 406 - QUIC Single
Handshake duration: 16.24 ms
Execution 407 - QUIC Single
Handshake duration: 15.99 ms
Execution 408 - QUIC Single
Handshake duration: 16.21 ms
Execution 409 - QUIC Single
Handshake duration: 22.17 ms
Execution 410 - QUIC Single
Handshake duration: 16.25 ms
Execution 411 - QUIC Single
Handshake duration: 15.76 ms
Execution 412 - QUIC Single
Handshake duration: 16.20 ms
Execution 413 - QUIC Single
Handshake duration: 22.29 ms
Execution 414 - QUIC Single
Handshake duration: 16.37 ms
Execution 415 - QUIC Single
Handshake duration: 16.25 ms
Execution 416 - QUIC Single
Handshake duration: 15.93 ms
Execution 417 - QUIC Single
Handshake duration: 16.15 ms
Execution 418 - QUIC Single
Handshake duration: 16.54 ms
Execution 419 - QUIC Single
Handshake duration: 16.17 ms
Execution 420 - QUIC Single
Handshake duration: 15.92 ms
Execution 421 - QUIC Single
Handshake duration: 21.55 ms
Execution 422 - QUIC Single
Handshake duration: 17.89 ms
Execution 423 - QUIC Single
Handshake duration: 16.18 ms
Execution 424 - QUIC Single
Handshake duration: 16.42 ms
Execution 425 - QUIC Single
Handshake duration: 16.05 ms
Execution 426 - QUIC Single
Handshake duration: 16.07 ms
Execution 427 - QUIC Single
Handshake duration: 15.87 ms
Execution 428 - QUIC Single
Handshake duration: 16.23 ms
Execution 429 - QUIC Single
Handshake duration: 16.13 ms
Execution 430 - QUIC Single
Handshake duration: 17.72 ms
Execution 431 - QUIC Single
Handshake duration: 16.02 ms
Execution 432 - QUIC Single
Handshake duration: 22.91 ms
Execution 433 - QUIC Single
Handshake duration: 21.37 ms
Execution 434 - QUIC Single
Handshake duration: 16.29 ms
Execution 435 - QUIC Single
Handshake duration: 20.96 ms
Execution 436 - QUIC Single
Handshake duration: 16.01 ms
Execution 437 - QUIC Single
Handshake duration: 15.97 ms
Execution 438 - QUIC Single
Handshake duration: 24.83 ms
Execution 439 - QUIC Single
Handshake duration: 15.87 ms
Execution 440 - QUIC Single
Handshake duration: 16.51 ms
Execution 441 - QUIC Single
Handshake duration: 15.86 ms
Execution 442 - QUIC Single
Handshake duration: 15.91 ms
Execution 443 - QUIC Single
Handshake duration: 16.18 ms
Execution 444 - QUIC Single
Handshake duration: 15.92 ms
Execution 445 - QUIC Single
Handshake duration: 17.27 ms
Execution 446 - QUIC Single
Handshake duration: 16.55 ms
Execution 447 - QUIC Single
Handshake duration: 23.38 ms
Execution 448 - QUIC Single
Handshake duration: 16.09 ms
Execution 449 - QUIC Single
Handshake duration: 15.98 ms
Execution 450 - QUIC Single
Handshake duration: 15.81 ms
Execution 451 - QUIC Single
Handshake duration: 16.82 ms
Execution 452 - QUIC Single
Handshake duration: 16.14 ms
Execution 453 - QUIC Single
Handshake duration: 16.15 ms
Execution 454 - QUIC Single
Handshake duration: 15.93 ms
Execution 455 - QUIC Single
Handshake duration: 15.78 ms
Execution 456 - QUIC Single
Handshake duration: 21.53 ms
Execution 457 - QUIC Single
Handshake duration: 16.08 ms
Execution 458 - QUIC Single
Handshake duration: 22.54 ms
Execution 459 - QUIC Single
Handshake duration: 16.68 ms
Execution 460 - QUIC Single
Handshake duration: 15.98 ms
Execution 461 - QUIC Single
Handshake duration: 21.13 ms
Execution 462 - QUIC Single
Handshake duration: 16.50 ms
Execution 463 - QUIC Single
Handshake duration: 15.99 ms
Execution 464 - QUIC Single
Handshake duration: 16.09 ms
Execution 465 - QUIC Single
Handshake duration: 15.99 ms
Execution 466 - QUIC Single
Handshake duration: 16.49 ms
Execution 467 - QUIC Single
Handshake duration: 20.93 ms
Execution 468 - QUIC Single
Handshake duration: 21.53 ms
Execution 469 - QUIC Single
Handshake duration: 16.10 ms
Execution 470 - QUIC Single
Handshake duration: 15.86 ms
Execution 471 - QUIC Single
Handshake duration: 15.87 ms
Execution 472 - QUIC Single
Handshake duration: 17.50 ms
Execution 473 - QUIC Single
Handshake duration: 23.46 ms
Execution 474 - QUIC Single
Handshake duration: 16.02 ms
Execution 475 - QUIC Single
Handshake duration: 16.37 ms
Execution 476 - QUIC Single
Handshake duration: 20.34 ms
Execution 477 - QUIC Single
Handshake duration: 16.49 ms
Execution 478 - QUIC Single
Handshake duration: 16.33 ms
Execution 479 - QUIC Single
Handshake duration: 16.09 ms
Execution 480 - QUIC Single
Handshake duration: 22.44 ms
Execution 481 - QUIC Single
Handshake duration: 16.27 ms
Execution 482 - QUIC Single
Handshake duration: 16.00 ms
Execution 483 - QUIC Single
Handshake duration: 15.85 ms
Execution 484 - QUIC Single
Handshake duration: 22.95 ms
Execution 485 - QUIC Single
Handshake duration: 16.07 ms
Execution 486 - QUIC Single
Handshake duration: 15.79 ms
Execution 487 - QUIC Single
Handshake duration: 16.93 ms
Execution 488 - QUIC Single
Handshake duration: 16.53 ms
Execution 489 - QUIC Single
Handshake duration: 16.23 ms
Execution 490 - QUIC Single
Handshake duration: 16.07 ms
Execution 491 - QUIC Single
Handshake duration: 20.31 ms
Execution 492 - QUIC Single
Handshake duration: 20.89 ms
Execution 493 - QUIC Single
Handshake duration: 15.80 ms
Execution 494 - QUIC Single
Handshake duration: 22.51 ms
Execution 495 - QUIC Single
Handshake duration: 16.16 ms
Execution 496 - QUIC Single
Handshake duration: 16.10 ms
Execution 497 - QUIC Single
Handshake duration: 16.37 ms
Execution 498 - QUIC Single
Handshake duration: 16.48 ms
Execution 499 - QUIC Single
Handshake duration: 15.93 ms
Execution 500 - QUIC Single
Handshake duration: 16.27 ms
     Waiting  ... 
   Shutting down server and impairments...

****************
  -> KEM: p256_hqc128

    Executing docker Server...
servidor
cliente
./Launcherv3_pq_hqc_ge_rerun.sh : ligne 309 : 26602 Processus arrêté      /usr/local/bin/pumba netem --duration 1h --interface $NETIF loss-gemodel --pg "${args[0]}" --pb "${args[1]}" --one-h "${args[2]}" --one-k "${args[3]}" "$OQS_SERVER"
add0ee62b76d50e8187da175c2edfb81beb9879f1d66565d623b20f458fc418d
    Buscando IP.. 
    IP..  172.18.0.2
   ↳ Applying unstable network profile (loss-gemodel pg20 pb40 h90 k20)
   ✔ Pumba PID 31460 confirmed running (SIG=ed25519 KEM=p256_hqc128 PROTO=quic)
    Executing docker Client... 172.18.0.2
89cd43df8f4f70c70736b5c6e14add0df2e2d665c9baf6c0ccb61dc0bfbc7bf2
cliente
     Docker cliente executed ... 

**************************
     Executing test  ... 
Applying netem rules to lo...
Showing qdisc status for the interface: lo
qdisc netem 800a: root refcnt 2 limit 1000 seed 17626308011899350355
 Sent 0 bytes 0 pkt (dropped 0, overlimits 0 requeues 0) 
 backlog 0b 0p requeues 0
Running ./perftestClientTlsQuic.sh with SIG_ALG=ed25519 and KEM_ALG=p256_hqc128
Execution 1 - QUIC Single
Handshake duration: 38.41 ms
Execution 2 - QUIC Single
Handshake duration: 34.30 ms
Execution 3 - QUIC Single
Handshake duration: 24.36 ms
Execution 4 - QUIC Single
Handshake duration: 23.14 ms
Execution 5 - QUIC Single
Handshake duration: 22.78 ms
Execution 6 - QUIC Single
Handshake duration: 25.41 ms
Execution 7 - QUIC Single
Handshake duration: 25.11 ms
Execution 8 - QUIC Single
Handshake duration: 24.04 ms
Execution 9 - QUIC Single
Handshake duration: 23.08 ms
Execution 10 - QUIC Single
Handshake duration: 23.00 ms
Execution 11 - QUIC Single
Handshake duration: 24.34 ms
Execution 12 - QUIC Single
Handshake duration: 27.38 ms
Execution 13 - QUIC Single
Handshake duration: 28.92 ms
Execution 14 - QUIC Single
Handshake duration: 23.59 ms
Execution 15 - QUIC Single
Handshake duration: 23.98 ms
Execution 16 - QUIC Single
Handshake duration: 32.32 ms
Execution 17 - QUIC Single
Handshake duration: 24.37 ms
Execution 18 - QUIC Single
Handshake duration: 32.44 ms
Execution 19 - QUIC Single
Handshake duration: 28.55 ms
Execution 20 - QUIC Single
Handshake duration: 25.61 ms
Execution 21 - QUIC Single
Handshake duration: 24.05 ms
Execution 22 - QUIC Single
Handshake duration: 23.04 ms
Execution 23 - QUIC Single
Handshake duration: 31.79 ms
Execution 24 - QUIC Single
Handshake duration: 24.04 ms
Execution 25 - QUIC Single
Handshake duration: 23.20 ms
Execution 26 - QUIC Single
Handshake duration: 23.04 ms
Execution 27 - QUIC Single
Handshake duration: 25.91 ms
Execution 28 - QUIC Single
Handshake duration: 23.46 ms
Execution 29 - QUIC Single
Handshake duration: 33.85 ms
Execution 30 - QUIC Single
Handshake duration: 27.99 ms
Execution 31 - QUIC Single
Handshake duration: 22.72 ms
Execution 32 - QUIC Single
Handshake duration: 31.45 ms
Execution 33 - QUIC Single
Handshake duration: 23.24 ms
Execution 34 - QUIC Single
Handshake duration: 24.39 ms
Execution 35 - QUIC Single
Handshake duration: 23.27 ms
Execution 36 - QUIC Single
Handshake duration: 23.66 ms
Execution 37 - QUIC Single
Handshake duration: 23.25 ms
Execution 38 - QUIC Single
Handshake duration: 23.98 ms
Execution 39 - QUIC Single
Handshake duration: 22.93 ms
Execution 40 - QUIC Single
Handshake duration: 24.31 ms
Execution 41 - QUIC Single
Handshake duration: 23.66 ms
Execution 42 - QUIC Single
Handshake duration: 28.98 ms
Execution 43 - QUIC Single
Handshake duration: 23.45 ms
Execution 44 - QUIC Single
Handshake duration: 22.90 ms
Execution 45 - QUIC Single
Handshake duration: 23.87 ms
Execution 46 - QUIC Single
Handshake duration: 22.66 ms
Execution 47 - QUIC Single
Handshake duration: 23.33 ms
Execution 48 - QUIC Single
Handshake duration: 22.90 ms
Execution 49 - QUIC Single
Handshake duration: 23.50 ms
Execution 50 - QUIC Single
Handshake duration: 23.41 ms
Execution 51 - QUIC Single
Handshake duration: 23.34 ms
Execution 52 - QUIC Single
Handshake duration: 28.22 ms
Execution 53 - QUIC Single
Handshake duration: 27.03 ms
Execution 54 - QUIC Single
Handshake duration: 22.98 ms
Execution 55 - QUIC Single
Handshake duration: 25.66 ms
Execution 56 - QUIC Single
Handshake duration: 23.29 ms
Execution 57 - QUIC Single
Handshake duration: 23.11 ms
Execution 58 - QUIC Single
Handshake duration: 29.15 ms
Execution 59 - QUIC Single
Handshake duration: 23.08 ms
Execution 60 - QUIC Single
Handshake duration: 23.63 ms
Execution 61 - QUIC Single
Handshake duration: 22.71 ms
Execution 62 - QUIC Single
Handshake duration: 24.73 ms
Execution 63 - QUIC Single
Handshake duration: 22.96 ms
Execution 64 - QUIC Single
Handshake duration: 24.12 ms
Execution 65 - QUIC Single
Handshake duration: 23.65 ms
Execution 66 - QUIC Single
Handshake duration: 22.85 ms
Execution 67 - QUIC Single
Handshake duration: 23.52 ms
Execution 68 - QUIC Single
Handshake duration: 23.74 ms
Execution 69 - QUIC Single
Handshake duration: 30.49 ms
Execution 70 - QUIC Single
Handshake duration: 24.77 ms
Execution 71 - QUIC Single
Handshake duration: 24.87 ms
Execution 72 - QUIC Single
Handshake duration: 34.19 ms
Execution 73 - QUIC Single
Handshake duration: 24.46 ms
Execution 74 - QUIC Single
Handshake duration: 23.12 ms
Execution 75 - QUIC Single
Handshake duration: 28.39 ms
Execution 76 - QUIC Single
Handshake duration: 24.52 ms
Execution 77 - QUIC Single
Handshake duration: 28.00 ms
Execution 78 - QUIC Single
Handshake duration: 24.75 ms
Execution 79 - QUIC Single
Handshake duration: 23.53 ms
Execution 80 - QUIC Single
Handshake duration: 24.21 ms
Execution 81 - QUIC Single
Handshake duration: 23.20 ms
Execution 82 - QUIC Single
Handshake duration: 34.23 ms
Execution 83 - QUIC Single
Handshake duration: 22.92 ms
Execution 84 - QUIC Single
Handshake duration: 23.89 ms
Execution 85 - QUIC Single
Handshake duration: 25.02 ms
Execution 86 - QUIC Single
Handshake duration: 23.75 ms
Execution 87 - QUIC Single
Handshake duration: 23.93 ms
Execution 88 - QUIC Single
Handshake duration: 23.48 ms
Execution 89 - QUIC Single
Handshake duration: 28.31 ms
Execution 90 - QUIC Single
Handshake duration: 26.69 ms
Execution 91 - QUIC Single
Handshake duration: 22.91 ms
Execution 92 - QUIC Single
Handshake duration: 22.99 ms
Execution 93 - QUIC Single
Handshake duration: 23.68 ms
Execution 94 - QUIC Single
Handshake duration: 23.64 ms
Execution 95 - QUIC Single
Handshake duration: 22.95 ms
Execution 96 - QUIC Single
Handshake duration: 22.65 ms
Execution 97 - QUIC Single
Handshake duration: 22.81 ms
Execution 98 - QUIC Single
Handshake duration: 23.76 ms
Execution 99 - QUIC Single
Handshake duration: 23.73 ms
Execution 100 - QUIC Single
Handshake duration: 23.08 ms
Execution 101 - QUIC Single
Handshake duration: 23.52 ms
Execution 102 - QUIC Single
Handshake duration: 23.55 ms
Execution 103 - QUIC Single
Handshake duration: 24.06 ms
Execution 104 - QUIC Single
Handshake duration: 22.68 ms
Execution 105 - QUIC Single
Handshake duration: 27.62 ms
Execution 106 - QUIC Single
Handshake duration: 23.54 ms
Execution 107 - QUIC Single
Handshake duration: 22.96 ms
Execution 108 - QUIC Single
Handshake duration: 23.04 ms
Execution 109 - QUIC Single
Handshake duration: 23.32 ms
Execution 110 - QUIC Single
Handshake duration: 28.57 ms
Execution 111 - QUIC Single
Handshake duration: 28.25 ms
Execution 112 - QUIC Single
Handshake duration: 24.27 ms
Execution 113 - QUIC Single
Handshake duration: 23.09 ms
Execution 114 - QUIC Single
Handshake duration: 24.75 ms
Execution 115 - QUIC Single
Handshake duration: 23.43 ms
Execution 116 - QUIC Single
Handshake duration: 23.00 ms
Execution 117 - QUIC Single
Handshake duration: 22.94 ms
Execution 118 - QUIC Single
Handshake duration: 28.79 ms
Execution 119 - QUIC Single
Handshake duration: 22.69 ms
Execution 120 - QUIC Single
Handshake duration: 23.39 ms
Execution 121 - QUIC Single
Handshake duration: 24.22 ms
Execution 122 - QUIC Single
Handshake duration: 23.16 ms
Execution 123 - QUIC Single
Handshake duration: 33.49 ms
Execution 124 - QUIC Single
Handshake duration: 23.48 ms
Execution 125 - QUIC Single
Handshake duration: 34.00 ms
Execution 126 - QUIC Single
Handshake duration: 25.31 ms
Execution 127 - QUIC Single
Handshake duration: 33.55 ms
Execution 128 - QUIC Single
Handshake duration: 23.66 ms
Execution 129 - QUIC Single
Handshake duration: 23.82 ms
Execution 130 - QUIC Single
Handshake duration: 24.26 ms
Execution 131 - QUIC Single
Handshake duration: 22.57 ms
Execution 132 - QUIC Single
Handshake duration: 24.08 ms
Execution 133 - QUIC Single
Handshake duration: 23.77 ms
Execution 134 - QUIC Single
Handshake duration: 23.47 ms
Execution 135 - QUIC Single
Handshake duration: 25.74 ms
Execution 136 - QUIC Single
Handshake duration: 23.26 ms
Execution 137 - QUIC Single
Handshake duration: 23.12 ms
Execution 138 - QUIC Single
Handshake duration: 23.24 ms
Execution 139 - QUIC Single
Handshake duration: 24.99 ms
Execution 140 - QUIC Single
Handshake duration: 23.35 ms
Execution 141 - QUIC Single
Handshake duration: 29.17 ms
Execution 142 - QUIC Single
Handshake duration: 31.00 ms
Execution 143 - QUIC Single
Handshake duration: 31.16 ms
Execution 144 - QUIC Single
Handshake duration: 28.29 ms
Execution 145 - QUIC Single
Handshake duration: 23.65 ms
Execution 146 - QUIC Single
Handshake duration: 28.30 ms
Execution 147 - QUIC Single
Handshake duration: 28.21 ms
Execution 148 - QUIC Single
Handshake duration: 23.00 ms
Execution 149 - QUIC Single
Handshake duration: 28.17 ms
Execution 150 - QUIC Single
Handshake duration: 34.03 ms
Execution 151 - QUIC Single
Handshake duration: 23.81 ms
Execution 152 - QUIC Single
Handshake duration: 25.12 ms
Execution 153 - QUIC Single
Handshake duration: 22.80 ms
Execution 154 - QUIC Single
Handshake duration: 23.44 ms
Execution 155 - QUIC Single
Handshake duration: 24.16 ms
Execution 156 - QUIC Single
Handshake duration: 29.27 ms
Execution 157 - QUIC Single
Handshake duration: 33.53 ms
Execution 158 - QUIC Single
Handshake duration: 23.77 ms
Execution 159 - QUIC Single
Handshake duration: 23.29 ms
Execution 160 - QUIC Single
Handshake duration: 25.01 ms
Execution 161 - QUIC Single
Handshake duration: 23.09 ms
Execution 162 - QUIC Single
Handshake duration: 23.41 ms
Execution 163 - QUIC Single
Handshake duration: 23.14 ms
Execution 164 - QUIC Single
Handshake duration: 24.39 ms
Execution 165 - QUIC Single
Handshake duration: 22.87 ms
Execution 166 - QUIC Single
Handshake duration: 29.88 ms
Execution 167 - QUIC Single
Handshake duration: 24.13 ms
Execution 168 - QUIC Single
Handshake duration: 23.58 ms
Execution 169 - QUIC Single
Handshake duration: 23.26 ms
Execution 170 - QUIC Single
Handshake duration: 22.88 ms
Execution 171 - QUIC Single
Handshake duration: 28.48 ms
Execution 172 - QUIC Single
Handshake duration: 22.98 ms
Execution 173 - QUIC Single
Handshake duration: 23.36 ms
Execution 174 - QUIC Single
Handshake duration: 22.99 ms
Execution 175 - QUIC Single
Handshake duration: 23.72 ms
Execution 176 - QUIC Single
Handshake duration: 22.69 ms
Execution 177 - QUIC Single
Handshake duration: 28.52 ms
Execution 178 - QUIC Single
Handshake duration: 24.25 ms
Execution 179 - QUIC Single
Handshake duration: 26.39 ms
Execution 180 - QUIC Single
Handshake duration: 23.57 ms
Execution 181 - QUIC Single
Handshake duration: 23.46 ms
Execution 182 - QUIC Single
Handshake duration: 24.25 ms
Execution 183 - QUIC Single
Handshake duration: 34.13 ms
Execution 184 - QUIC Single
Handshake duration: 34.23 ms
Execution 185 - QUIC Single
Handshake duration: 22.58 ms
Execution 186 - QUIC Single
Handshake duration: 23.33 ms
Execution 187 - QUIC Single
Handshake duration: 33.75 ms
Execution 188 - QUIC Single
Handshake duration: 25.33 ms
Execution 189 - QUIC Single
Handshake duration: 23.36 ms
Execution 190 - QUIC Single
Handshake duration: 23.73 ms
Execution 191 - QUIC Single
Handshake duration: 34.29 ms
Execution 192 - QUIC Single
Handshake duration: 34.66 ms
Execution 193 - QUIC Single
Handshake duration: 23.75 ms
Execution 194 - QUIC Single
Handshake duration: 23.40 ms
Execution 195 - QUIC Single
Handshake duration: 30.80 ms
Execution 196 - QUIC Single
Handshake duration: 25.36 ms
Execution 197 - QUIC Single
Handshake duration: 23.01 ms
Execution 198 - QUIC Single
Handshake duration: 24.94 ms
Execution 199 - QUIC Single
Handshake duration: 23.64 ms
Execution 200 - QUIC Single
Handshake duration: 23.00 ms
Execution 201 - QUIC Single
Handshake duration: 22.80 ms
Execution 202 - QUIC Single
Handshake duration: 23.70 ms
Execution 203 - QUIC Single
Handshake duration: 22.79 ms
Execution 204 - QUIC Single
Handshake duration: 28.60 ms
Execution 205 - QUIC Single
Handshake duration: 24.93 ms
Execution 206 - QUIC Single
Handshake duration: 22.92 ms
Execution 207 - QUIC Single
Handshake duration: 24.30 ms
Execution 208 - QUIC Single
Handshake duration: 23.45 ms
Execution 209 - QUIC Single
Handshake duration: 23.21 ms
Execution 210 - QUIC Single
Handshake duration: 23.53 ms
Execution 211 - QUIC Single
Handshake duration: 23.68 ms
Execution 212 - QUIC Single
Handshake duration: 23.15 ms
Execution 213 - QUIC Single
Handshake duration: 23.35 ms
Execution 214 - QUIC Single
Handshake duration: 22.95 ms
Execution 215 - QUIC Single
Handshake duration: 33.86 ms
Execution 216 - QUIC Single
Handshake duration: 34.20 ms
Execution 217 - QUIC Single
Handshake duration: 24.04 ms
Execution 218 - QUIC Single
Handshake duration: 23.28 ms
Execution 219 - QUIC Single
Handshake duration: 33.64 ms
Execution 220 - QUIC Single
Handshake duration: 27.89 ms
Execution 221 - QUIC Single
Handshake duration: 22.55 ms
Execution 222 - QUIC Single
Handshake duration: 24.09 ms
Execution 223 - QUIC Single
Handshake duration: 23.43 ms
Execution 224 - QUIC Single
Handshake duration: 23.94 ms
Execution 225 - QUIC Single
Handshake duration: 23.66 ms
Execution 226 - QUIC Single
Handshake duration: 23.69 ms
Execution 227 - QUIC Single
Handshake duration: 30.97 ms
Execution 228 - QUIC Single
Handshake duration: 29.84 ms
Execution 229 - QUIC Single
Handshake duration: 23.29 ms
Execution 230 - QUIC Single
Handshake duration: 23.15 ms
Execution 231 - QUIC Single
Handshake duration: 28.99 ms
Execution 232 - QUIC Single
Handshake duration: 25.77 ms
Execution 233 - QUIC Single
Handshake duration: 24.99 ms
Execution 234 - QUIC Single
Handshake duration: 23.06 ms
Execution 235 - QUIC Single
Handshake duration: 23.08 ms
Execution 236 - QUIC Single
Handshake duration: 23.86 ms
Execution 237 - QUIC Single
Handshake duration: 24.14 ms
Execution 238 - QUIC Single
Handshake duration: 27.89 ms
Execution 239 - QUIC Single
Handshake duration: 34.75 ms
Execution 240 - QUIC Single
Handshake duration: 29.59 ms
Execution 241 - QUIC Single
Handshake duration: 24.15 ms
Execution 242 - QUIC Single
Handshake duration: 22.66 ms
Execution 243 - QUIC Single
Handshake duration: 28.81 ms
Execution 244 - QUIC Single
Handshake duration: 22.76 ms
Execution 245 - QUIC Single
Handshake duration: 22.98 ms
Execution 246 - QUIC Single
Handshake duration: 24.51 ms
Execution 247 - QUIC Single
Handshake duration: 28.66 ms
Execution 248 - QUIC Single
Handshake duration: 28.37 ms
Execution 249 - QUIC Single
Handshake duration: 22.89 ms
Execution 250 - QUIC Single
Handshake duration: 28.19 ms
Execution 251 - QUIC Single
Handshake duration: 34.05 ms
Execution 252 - QUIC Single
Handshake duration: 24.31 ms
Execution 253 - QUIC Single
Handshake duration: 23.81 ms
Execution 254 - QUIC Single
Handshake duration: 28.62 ms
Execution 255 - QUIC Single
Handshake duration: 23.39 ms
Execution 256 - QUIC Single
Handshake duration: 23.99 ms
Execution 257 - QUIC Single
Handshake duration: 23.20 ms
Execution 258 - QUIC Single
Handshake duration: 27.42 ms
Execution 259 - QUIC Single
Handshake duration: 29.49 ms
Execution 260 - QUIC Single
Handshake duration: 33.91 ms
Execution 261 - QUIC Single
Handshake duration: 23.05 ms
Execution 262 - QUIC Single
Handshake duration: 23.52 ms
Execution 263 - QUIC Single
Handshake duration: 23.32 ms
Execution 264 - QUIC Single
Handshake duration: 33.61 ms
Execution 265 - QUIC Single
Handshake duration: 22.82 ms
Execution 266 - QUIC Single
Handshake duration: 24.41 ms
Execution 267 - QUIC Single
Handshake duration: 22.80 ms
Execution 268 - QUIC Single
Handshake duration: 28.73 ms
Execution 269 - QUIC Single
Handshake duration: 29.19 ms
Execution 270 - QUIC Single
Handshake duration: 23.40 ms
Execution 271 - QUIC Single
Handshake duration: 22.87 ms
Execution 272 - QUIC Single
Handshake duration: 23.94 ms
Execution 273 - QUIC Single
Handshake duration: 23.00 ms
Execution 274 - QUIC Single
Handshake duration: 33.41 ms
Execution 275 - QUIC Single
Handshake duration: 28.64 ms
Execution 276 - QUIC Single
Handshake duration: 28.98 ms
Execution 277 - QUIC Single
Handshake duration: 33.60 ms
Execution 278 - QUIC Single
Handshake duration: 22.93 ms
Execution 279 - QUIC Single
Handshake duration: 22.69 ms
Execution 280 - QUIC Single
Handshake duration: 23.31 ms
Execution 281 - QUIC Single
Handshake duration: 22.87 ms
Execution 282 - QUIC Single
Handshake duration: 28.18 ms
Execution 283 - QUIC Single
Handshake duration: 24.10 ms
Execution 284 - QUIC Single
Handshake duration: 23.37 ms
Execution 285 - QUIC Single
Handshake duration: 23.79 ms
Execution 286 - QUIC Single
Handshake duration: 23.61 ms
Execution 287 - QUIC Single
Handshake duration: 29.08 ms
Execution 288 - QUIC Single
Handshake duration: 22.67 ms
Execution 289 - QUIC Single
Handshake duration: 30.22 ms
Execution 290 - QUIC Single
Handshake duration: 29.70 ms
Execution 291 - QUIC Single
Handshake duration: 34.16 ms
Execution 292 - QUIC Single
Handshake duration: 28.69 ms
Execution 293 - QUIC Single
Handshake duration: 23.33 ms
Execution 294 - QUIC Single
Handshake duration: 24.11 ms
Execution 295 - QUIC Single
Handshake duration: 23.59 ms
Execution 296 - QUIC Single
Handshake duration: 22.81 ms
Execution 297 - QUIC Single
Handshake duration: 22.96 ms
Execution 298 - QUIC Single
Handshake duration: 22.63 ms
Execution 299 - QUIC Single
Handshake duration: 34.03 ms
Execution 300 - QUIC Single
Handshake duration: 24.16 ms
Execution 301 - QUIC Single
Handshake duration: 23.73 ms
Execution 302 - QUIC Single
Handshake duration: 27.88 ms
Execution 303 - QUIC Single
Handshake duration: 23.20 ms
Execution 304 - QUIC Single
Handshake duration: 33.64 ms
Execution 305 - QUIC Single
Handshake duration: 23.28 ms
Execution 306 - QUIC Single
Handshake duration: 22.95 ms
Execution 307 - QUIC Single
Handshake duration: 29.08 ms
Execution 308 - QUIC Single
Handshake duration: 28.68 ms
Execution 309 - QUIC Single
Handshake duration: 28.96 ms
Execution 310 - QUIC Single
Handshake duration: 23.16 ms
Execution 311 - QUIC Single
Handshake duration: 22.85 ms
Execution 312 - QUIC Single
Handshake duration: 23.05 ms
Execution 313 - QUIC Single
Handshake duration: 22.91 ms
Execution 314 - QUIC Single
Handshake duration: 25.19 ms
Execution 315 - QUIC Single
Handshake duration: 24.31 ms
Execution 316 - QUIC Single
Handshake duration: 23.48 ms
Execution 317 - QUIC Single
Handshake duration: 33.65 ms
Execution 318 - QUIC Single
Handshake duration: 24.67 ms
Execution 319 - QUIC Single
Handshake duration: 22.87 ms
Execution 320 - QUIC Single
Handshake duration: 23.86 ms
Execution 321 - QUIC Single
Handshake duration: 22.86 ms
Execution 322 - QUIC Single
Handshake duration: 23.11 ms
Execution 323 - QUIC Single
Handshake duration: 22.80 ms
Execution 324 - QUIC Single
Handshake duration: 22.89 ms
Execution 325 - QUIC Single
Handshake duration: 24.02 ms
Execution 326 - QUIC Single
Handshake duration: 34.14 ms
Execution 327 - QUIC Single
Handshake duration: 23.85 ms
Execution 328 - QUIC Single
Handshake duration: 22.82 ms
Execution 329 - QUIC Single
Handshake duration: 22.68 ms
Execution 330 - QUIC Single
Handshake duration: 22.97 ms
Execution 331 - QUIC Single
Handshake duration: 23.12 ms
Execution 332 - QUIC Single
Handshake duration: 22.78 ms
Execution 333 - QUIC Single
Handshake duration: 22.75 ms
Execution 334 - QUIC Single
Handshake duration: 34.10 ms
Execution 335 - QUIC Single
Handshake duration: 23.61 ms
Execution 336 - QUIC Single
Handshake duration: 23.33 ms
Execution 337 - QUIC Single
Handshake duration: 23.86 ms
Execution 338 - QUIC Single
Handshake duration: 23.18 ms
Execution 339 - QUIC Single
Handshake duration: 22.90 ms
Execution 340 - QUIC Single
Handshake duration: 34.37 ms
Execution 341 - QUIC Single
Handshake duration: 33.65 ms
Execution 342 - QUIC Single
Handshake duration: 29.65 ms
Execution 343 - QUIC Single
Handshake duration: 28.07 ms
Execution 344 - QUIC Single
Handshake duration: 23.17 ms
Execution 345 - QUIC Single
Handshake duration: 22.77 ms
Execution 346 - QUIC Single
Handshake duration: 28.12 ms
Execution 347 - QUIC Single
Handshake duration: 29.07 ms
Execution 348 - QUIC Single
Handshake duration: 29.30 ms
Execution 349 - QUIC Single
Handshake duration: 22.91 ms
Execution 350 - QUIC Single
Handshake duration: 25.81 ms
Execution 351 - QUIC Single
Handshake duration: 23.19 ms
Execution 352 - QUIC Single
Handshake duration: 23.04 ms
Execution 353 - QUIC Single
Handshake duration: 22.66 ms
Execution 354 - QUIC Single
Handshake duration: 23.19 ms
Execution 355 - QUIC Single
Handshake duration: 23.72 ms
Execution 356 - QUIC Single
Handshake duration: 23.82 ms
Execution 357 - QUIC Single
Handshake duration: 25.97 ms
Execution 358 - QUIC Single
Handshake duration: 23.24 ms
Execution 359 - QUIC Single
Handshake duration: 23.66 ms
Execution 360 - QUIC Single
Handshake duration: 28.25 ms
Execution 361 - QUIC Single
Handshake duration: 23.58 ms
Execution 362 - QUIC Single
Handshake duration: 23.80 ms
Execution 363 - QUIC Single
Handshake duration: 24.39 ms
Execution 364 - QUIC Single
Handshake duration: 28.33 ms
Execution 365 - QUIC Single
Handshake duration: 23.56 ms
Execution 366 - QUIC Single
Handshake duration: 28.51 ms
Execution 367 - QUIC Single
Handshake duration: 23.72 ms
Execution 368 - QUIC Single
Handshake duration: 24.80 ms
Execution 369 - QUIC Single
Handshake duration: 23.80 ms
Execution 370 - QUIC Single
Handshake duration: 23.20 ms
Execution 371 - QUIC Single
Handshake duration: 28.27 ms
Execution 372 - QUIC Single
Handshake duration: 23.55 ms
Execution 373 - QUIC Single
Handshake duration: 32.25 ms
Execution 374 - QUIC Single
Handshake duration: 23.82 ms
Execution 375 - QUIC Single
Handshake duration: 33.49 ms
Execution 376 - QUIC Single
Handshake duration: 23.67 ms
Execution 377 - QUIC Single
Handshake duration: 23.57 ms
Execution 378 - QUIC Single
Handshake duration: 25.51 ms
Execution 379 - QUIC Single
Handshake duration: 23.02 ms
Execution 380 - QUIC Single
Handshake duration: 28.45 ms
Execution 381 - QUIC Single
Handshake duration: 23.32 ms
Execution 382 - QUIC Single
Handshake duration: 23.08 ms
Execution 383 - QUIC Single
Handshake duration: 28.21 ms
Execution 384 - QUIC Single
Handshake duration: 23.29 ms
Execution 385 - QUIC Single
Handshake duration: 23.27 ms
Execution 386 - QUIC Single
Handshake duration: 28.56 ms
Execution 387 - QUIC Single
Handshake duration: 29.50 ms
Execution 388 - QUIC Single
Handshake duration: 22.80 ms
Execution 389 - QUIC Single
Handshake duration: 23.31 ms
Execution 390 - QUIC Single
Handshake duration: 24.03 ms
Execution 391 - QUIC Single
Handshake duration: 28.47 ms
Execution 392 - QUIC Single
Handshake duration: 34.43 ms
Execution 393 - QUIC Single
Handshake duration: 23.12 ms
Execution 394 - QUIC Single
Handshake duration: 29.45 ms
Execution 395 - QUIC Single
Handshake duration: 28.89 ms
Execution 396 - QUIC Single
Handshake duration: 34.32 ms
Execution 397 - QUIC Single
Handshake duration: 22.92 ms
Execution 398 - QUIC Single
Handshake duration: 23.44 ms
Execution 399 - QUIC Single
Handshake duration: 23.18 ms
Execution 400 - QUIC Single
Handshake duration: 28.03 ms
Execution 401 - QUIC Single
Handshake duration: 22.82 ms
Execution 402 - QUIC Single
Handshake duration: 33.54 ms
Execution 403 - QUIC Single
Handshake duration: 23.16 ms
Execution 404 - QUIC Single
Handshake duration: 25.50 ms
Execution 405 - QUIC Single
Handshake duration: 30.91 ms
Execution 406 - QUIC Single
Handshake duration: 24.88 ms
Execution 407 - QUIC Single
Handshake duration: 22.47 ms
Execution 408 - QUIC Single
Handshake duration: 28.43 ms
Execution 409 - QUIC Single
Handshake duration: 22.86 ms
Execution 410 - QUIC Single
Handshake duration: 23.56 ms
Execution 411 - QUIC Single
Handshake duration: 23.46 ms
Execution 412 - QUIC Single
Handshake duration: 23.44 ms
Execution 413 - QUIC Single
Handshake duration: 22.94 ms
Execution 414 - QUIC Single
Handshake duration: 22.57 ms
Execution 415 - QUIC Single
Handshake duration: 28.38 ms
Execution 416 - QUIC Single
Handshake duration: 33.97 ms
Execution 417 - QUIC Single
Handshake duration: 28.49 ms
Execution 418 - QUIC Single
Handshake duration: 22.84 ms
Execution 419 - QUIC Single
Handshake duration: 24.62 ms
Execution 420 - QUIC Single
Handshake duration: 33.55 ms
Execution 421 - QUIC Single
Handshake duration: 23.96 ms
Execution 422 - QUIC Single
Handshake duration: 28.25 ms
Execution 423 - QUIC Single
Handshake duration: 23.68 ms
Execution 424 - QUIC Single
Handshake duration: 23.31 ms
Execution 425 - QUIC Single
Handshake duration: 22.91 ms
Execution 426 - QUIC Single
Handshake duration: 22.73 ms
Execution 427 - QUIC Single
Handshake duration: 24.43 ms
Execution 428 - QUIC Single
Handshake duration: 34.08 ms
Execution 429 - QUIC Single
Handshake duration: 23.97 ms
Execution 430 - QUIC Single
Handshake duration: 23.35 ms
Execution 431 - QUIC Single
Handshake duration: 22.90 ms
Execution 432 - QUIC Single
Handshake duration: 23.88 ms
Execution 433 - QUIC Single
Handshake duration: 23.31 ms
Execution 434 - QUIC Single
Handshake duration: 23.09 ms
Execution 435 - QUIC Single
Handshake duration: 23.75 ms
Execution 436 - QUIC Single
Handshake duration: 24.77 ms
Execution 437 - QUIC Single
Handshake duration: 23.36 ms
Execution 438 - QUIC Single
Handshake duration: 25.04 ms
Execution 439 - QUIC Single
Handshake duration: 23.32 ms
Execution 440 - QUIC Single
Handshake duration: 24.60 ms
Execution 441 - QUIC Single
Handshake duration: 22.93 ms
Execution 442 - QUIC Single
Handshake duration: 23.56 ms
Execution 443 - QUIC Single
Handshake duration: 31.51 ms
Execution 444 - QUIC Single
Handshake duration: 23.14 ms
Execution 445 - QUIC Single
Handshake duration: 31.34 ms
Execution 446 - QUIC Single
Handshake duration: 23.45 ms
Execution 447 - QUIC Single
Handshake duration: 24.99 ms
Execution 448 - QUIC Single
Handshake duration: 28.16 ms
Execution 449 - QUIC Single
Handshake duration: 23.81 ms
Execution 450 - QUIC Single
Handshake duration: 23.19 ms
Execution 451 - QUIC Single
Handshake duration: 22.80 ms
Execution 452 - QUIC Single
Handshake duration: 23.93 ms
Execution 453 - QUIC Single
Handshake duration: 23.22 ms
Execution 454 - QUIC Single
Handshake duration: 22.70 ms
Execution 455 - QUIC Single
Handshake duration: 23.05 ms
Execution 456 - QUIC Single
Handshake duration: 23.20 ms
Execution 457 - QUIC Single
Handshake duration: 22.85 ms
Execution 458 - QUIC Single
Handshake duration: 33.59 ms
Execution 459 - QUIC Single
Handshake duration: 22.97 ms
Execution 460 - QUIC Single
Handshake duration: 22.81 ms
Execution 461 - QUIC Single
Handshake duration: 23.15 ms
Execution 462 - QUIC Single
Handshake duration: 23.21 ms
Execution 463 - QUIC Single
Handshake duration: 23.09 ms
Execution 464 - QUIC Single
Handshake duration: 34.06 ms
Execution 465 - QUIC Single
Handshake duration: 23.29 ms
Execution 466 - QUIC Single
Handshake duration: 24.25 ms
Execution 467 - QUIC Single
Handshake duration: 24.46 ms
Execution 468 - QUIC Single
Handshake duration: 33.51 ms
Execution 469 - QUIC Single
Handshake duration: 27.39 ms
Execution 470 - QUIC Single
Handshake duration: 23.60 ms
Execution 471 - QUIC Single
Handshake duration: 29.15 ms
Execution 472 - QUIC Single
Handshake duration: 22.72 ms
Execution 473 - QUIC Single
Handshake duration: 28.43 ms
Execution 474 - QUIC Single
Handshake duration: 36.46 ms
Execution 475 - QUIC Single
Handshake duration: 23.19 ms
Execution 476 - QUIC Single
Handshake duration: 22.65 ms
Execution 477 - QUIC Single
Handshake duration: 22.80 ms
Execution 478 - QUIC Single
Handshake duration: 23.49 ms
Execution 479 - QUIC Single
Handshake duration: 28.44 ms
Execution 480 - QUIC Single
Handshake duration: 23.27 ms
Execution 481 - QUIC Single
Handshake duration: 34.45 ms
Execution 482 - QUIC Single
Handshake duration: 23.08 ms
Execution 483 - QUIC Single
Handshake duration: 27.80 ms
Execution 484 - QUIC Single
Handshake duration: 22.71 ms
Execution 485 - QUIC Single
Handshake duration: 22.95 ms
Execution 486 - QUIC Single
Handshake duration: 28.68 ms
Execution 487 - QUIC Single
Handshake duration: 22.83 ms
Execution 488 - QUIC Single
Handshake duration: 23.14 ms
Execution 489 - QUIC Single
Handshake duration: 24.36 ms
Execution 490 - QUIC Single
Handshake duration: 23.37 ms
Execution 491 - QUIC Single
Handshake duration: 29.40 ms
Execution 492 - QUIC Single
Handshake duration: 31.14 ms
Execution 493 - QUIC Single
Handshake duration: 27.97 ms
Execution 494 - QUIC Single
Handshake duration: 33.90 ms
Execution 495 - QUIC Single
Handshake duration: 22.81 ms
Execution 496 - QUIC Single
Handshake duration: 22.98 ms
Execution 497 - QUIC Single
Handshake duration: 23.12 ms
Execution 498 - QUIC Single
Handshake duration: 22.83 ms
Execution 499 - QUIC Single
Handshake duration: 23.36 ms
Execution 500 - QUIC Single
Handshake duration: 23.54 ms
     Waiting  ... 
   Shutting down server and impairments...

****************
  -> KEM: x25519_hqc128

    Executing docker Server...
servidor
cliente
./Launcherv3_pq_hqc_ge_rerun.sh : ligne 309 : 31460 Processus arrêté      /usr/local/bin/pumba netem --duration 1h --interface $NETIF loss-gemodel --pg "${args[0]}" --pb "${args[1]}" --one-h "${args[2]}" --one-k "${args[3]}" "$OQS_SERVER"
e877dbf30d6038f35f645a76ef3535e80e1d6af219743b8d5698095cbecade15
    Buscando IP.. 
    IP..  172.18.0.2
   ↳ Applying unstable network profile (loss-gemodel pg20 pb40 h90 k20)
   ✔ Pumba PID 36322 confirmed running (SIG=ed25519 KEM=x25519_hqc128 PROTO=quic)
    Executing docker Client... 172.18.0.2
f7b5e250859d421f7e088dbaf0142458d08861ed0001ba99465902d9ae49acb0
cliente
     Docker cliente executed ... 

**************************
     Executing test  ... 
Applying netem rules to lo...
Showing qdisc status for the interface: lo
qdisc netem 800c: root refcnt 2 limit 1000 seed 3713871870814961901
 Sent 0 bytes 0 pkt (dropped 0, overlimits 0 requeues 0) 
 backlog 0b 0p requeues 0
Running ./perftestClientTlsQuic.sh with SIG_ALG=ed25519 and KEM_ALG=x25519_hqc128
Execution 1 - QUIC Single
Handshake duration: 19.40 ms
Execution 2 - QUIC Single
Handshake duration: 17.78 ms
Execution 3 - QUIC Single
Handshake duration: 17.75 ms
Execution 4 - QUIC Single
Handshake duration: 24.90 ms
Execution 5 - QUIC Single
Handshake duration: 17.47 ms
Execution 6 - QUIC Single
Handshake duration: 22.86 ms
Execution 7 - QUIC Single
Handshake duration: 17.81 ms
Execution 8 - QUIC Single
Handshake duration: 22.36 ms
Execution 9 - QUIC Single
Handshake duration: 18.05 ms
Execution 10 - QUIC Single
Handshake duration: 17.63 ms
Execution 11 - QUIC Single
Handshake duration: 22.78 ms
Execution 12 - QUIC Single
Handshake duration: 21.50 ms
Execution 13 - QUIC Single
Handshake duration: 18.54 ms
Execution 14 - QUIC Single
Handshake duration: 17.29 ms
Execution 15 - QUIC Single
Handshake duration: 21.45 ms
Execution 16 - QUIC Single
Handshake duration: 17.83 ms
Execution 17 - QUIC Single
Handshake duration: 17.72 ms
Execution 18 - QUIC Single
Handshake duration: 25.28 ms
Execution 19 - QUIC Single
Handshake duration: 17.75 ms
Execution 20 - QUIC Single
Handshake duration: 24.54 ms
Execution 21 - QUIC Single
Handshake duration: 21.98 ms
Execution 22 - QUIC Single
Handshake duration: 17.86 ms
Execution 23 - QUIC Single
Handshake duration: 18.95 ms
Execution 24 - QUIC Single
Handshake duration: 17.89 ms
Execution 25 - QUIC Single
Handshake duration: 22.38 ms
Execution 26 - QUIC Single
Handshake duration: 22.63 ms
Execution 27 - QUIC Single
Handshake duration: 22.09 ms
Execution 28 - QUIC Single
Handshake duration: 29.23 ms
Execution 29 - QUIC Single
Handshake duration: 18.03 ms
Execution 30 - QUIC Single
Handshake duration: 17.28 ms
Execution 31 - QUIC Single
Handshake duration: 24.52 ms
Execution 32 - QUIC Single
Handshake duration: 18.28 ms
Execution 33 - QUIC Single
Handshake duration: 24.43 ms
Execution 34 - QUIC Single
Handshake duration: 17.89 ms
Execution 35 - QUIC Single
Handshake duration: 22.68 ms
Execution 36 - QUIC Single
Handshake duration: 22.21 ms
Execution 37 - QUIC Single
Handshake duration: 18.51 ms
Execution 38 - QUIC Single
Handshake duration: 24.79 ms
Execution 39 - QUIC Single
Handshake duration: 17.73 ms
Execution 40 - QUIC Single
Handshake duration: 18.10 ms
Execution 41 - QUIC Single
Handshake duration: 17.67 ms
Execution 42 - QUIC Single
Handshake duration: 17.62 ms
Execution 43 - QUIC Single
Handshake duration: 20.23 ms
Execution 44 - QUIC Single
Handshake duration: 23.05 ms
Execution 45 - QUIC Single
Handshake duration: 19.06 ms
Execution 46 - QUIC Single
Handshake duration: 24.21 ms
Execution 47 - QUIC Single
Handshake duration: 17.70 ms
Execution 48 - QUIC Single
Handshake duration: 18.16 ms
Execution 49 - QUIC Single
Handshake duration: 18.64 ms
Execution 50 - QUIC Single
Handshake duration: 17.37 ms
Execution 51 - QUIC Single
Handshake duration: 17.69 ms
Execution 52 - QUIC Single
Handshake duration: 22.20 ms
Execution 53 - QUIC Single
Handshake duration: 17.49 ms
Execution 54 - QUIC Single
Handshake duration: 19.39 ms
Execution 55 - QUIC Single
Handshake duration: 17.84 ms
Execution 56 - QUIC Single
Handshake duration: 18.61 ms
Execution 57 - QUIC Single
Handshake duration: 17.34 ms
Execution 58 - QUIC Single
Handshake duration: 22.33 ms
Execution 59 - QUIC Single
Handshake duration: 19.05 ms
Execution 60 - QUIC Single
Handshake duration: 24.60 ms
Execution 61 - QUIC Single
Handshake duration: 18.43 ms
Execution 62 - QUIC Single
Handshake duration: 17.30 ms
Execution 63 - QUIC Single
Handshake duration: 22.07 ms
Execution 64 - QUIC Single
Handshake duration: 17.90 ms
Execution 65 - QUIC Single
Handshake duration: 17.56 ms
Execution 66 - QUIC Single
Handshake duration: 17.93 ms
Execution 67 - QUIC Single
Handshake duration: 17.96 ms
Execution 68 - QUIC Single
Handshake duration: 22.15 ms
Execution 69 - QUIC Single
Handshake duration: 17.31 ms
Execution 70 - QUIC Single
Handshake duration: 24.42 ms
Execution 71 - QUIC Single
Handshake duration: 17.76 ms
Execution 72 - QUIC Single
Handshake duration: 17.42 ms
Execution 73 - QUIC Single
Handshake duration: 18.86 ms
Execution 74 - QUIC Single
Handshake duration: 22.04 ms
Execution 75 - QUIC Single
Handshake duration: 17.64 ms
Execution 76 - QUIC Single
Handshake duration: 22.48 ms
Execution 77 - QUIC Single
Handshake duration: 17.49 ms
Execution 78 - QUIC Single
Handshake duration: 25.01 ms
Execution 79 - QUIC Single
Handshake duration: 17.36 ms
Execution 80 - QUIC Single
Handshake duration: 22.42 ms
Execution 81 - QUIC Single
Handshake duration: 17.98 ms
Execution 82 - QUIC Single
Handshake duration: 21.91 ms
Execution 83 - QUIC Single
Handshake duration: 18.30 ms
Execution 84 - QUIC Single
Handshake duration: 17.73 ms
Execution 85 - QUIC Single
Handshake duration: 22.46 ms
Execution 86 - QUIC Single
Handshake duration: 17.79 ms
Execution 87 - QUIC Single
Handshake duration: 17.33 ms
Execution 88 - QUIC Single
Handshake duration: 24.71 ms
Execution 89 - QUIC Single
Handshake duration: 17.66 ms
Execution 90 - QUIC Single
Handshake duration: 19.11 ms
Execution 91 - QUIC Single
Handshake duration: 17.34 ms
Execution 92 - QUIC Single
Handshake duration: 17.40 ms
Execution 93 - QUIC Single
Handshake duration: 17.28 ms
Execution 94 - QUIC Single
Handshake duration: 17.67 ms
Execution 95 - QUIC Single
Handshake duration: 18.50 ms
Execution 96 - QUIC Single
Handshake duration: 18.22 ms
Execution 97 - QUIC Single
Handshake duration: 17.55 ms
Execution 98 - QUIC Single
Handshake duration: 22.57 ms
Execution 99 - QUIC Single
Handshake duration: 23.01 ms
Execution 100 - QUIC Single
Handshake duration: 18.43 ms
Execution 101 - QUIC Single
Handshake duration: 18.19 ms
Execution 102 - QUIC Single
Handshake duration: 17.60 ms
Execution 103 - QUIC Single
Handshake duration: 17.77 ms
Execution 104 - QUIC Single
Handshake duration: 18.05 ms
Execution 105 - QUIC Single
Handshake duration: 22.40 ms
Execution 106 - QUIC Single
Handshake duration: 18.08 ms
Execution 107 - QUIC Single
Handshake duration: 17.37 ms
Execution 108 - QUIC Single
Handshake duration: 24.41 ms
Execution 109 - QUIC Single
Handshake duration: 18.41 ms
Execution 110 - QUIC Single
Handshake duration: 24.14 ms
Execution 111 - QUIC Single
Handshake duration: 17.24 ms
Execution 112 - QUIC Single
Handshake duration: 17.60 ms
Execution 113 - QUIC Single
Handshake duration: 17.73 ms
Execution 114 - QUIC Single
Handshake duration: 17.34 ms
Execution 115 - QUIC Single
Handshake duration: 18.36 ms
Execution 116 - QUIC Single
Handshake duration: 17.65 ms
Execution 117 - QUIC Single
Handshake duration: 18.31 ms
Execution 118 - QUIC Single
Handshake duration: 17.36 ms
Execution 119 - QUIC Single
Handshake duration: 17.68 ms
Execution 120 - QUIC Single
Handshake duration: 17.66 ms
Execution 121 - QUIC Single
Handshake duration: 17.48 ms
Execution 122 - QUIC Single
Handshake duration: 17.77 ms
Execution 123 - QUIC Single
Handshake duration: 23.35 ms
Execution 124 - QUIC Single
Handshake duration: 17.25 ms
Execution 125 - QUIC Single
Handshake duration: 18.14 ms
Execution 126 - QUIC Single
Handshake duration: 17.31 ms
Execution 127 - QUIC Single
Handshake duration: 24.66 ms
Execution 128 - QUIC Single
Handshake duration: 17.61 ms
Execution 129 - QUIC Single
Handshake duration: 17.96 ms
Execution 130 - QUIC Single
Handshake duration: 22.70 ms
Execution 131 - QUIC Single
Handshake duration: 17.80 ms
Execution 132 - QUIC Single
Handshake duration: 18.81 ms
Execution 133 - QUIC Single
Handshake duration: 24.90 ms
Execution 134 - QUIC Single
Handshake duration: 17.69 ms
Execution 135 - QUIC Single
Handshake duration: 17.42 ms
Execution 136 - QUIC Single
Handshake duration: 18.33 ms
Execution 137 - QUIC Single
Handshake duration: 17.49 ms
Execution 138 - QUIC Single
Handshake duration: 18.63 ms
Execution 139 - QUIC Single
Handshake duration: 17.65 ms
Execution 140 - QUIC Single
Handshake duration: 17.87 ms
Execution 141 - QUIC Single
Handshake duration: 18.66 ms
Execution 142 - QUIC Single
Handshake duration: 17.67 ms
Execution 143 - QUIC Single
Handshake duration: 17.82 ms
Execution 144 - QUIC Single
Handshake duration: 17.34 ms
Execution 145 - QUIC Single
Handshake duration: 17.62 ms
Execution 146 - QUIC Single
Handshake duration: 18.05 ms
Execution 147 - QUIC Single
Handshake duration: 25.14 ms
Execution 148 - QUIC Single
Handshake duration: 22.41 ms
Execution 149 - QUIC Single
Handshake duration: 17.98 ms
Execution 150 - QUIC Single
Handshake duration: 21.83 ms
Execution 151 - QUIC Single
Handshake duration: 22.25 ms
Execution 152 - QUIC Single
Handshake duration: 18.07 ms
Execution 153 - QUIC Single
Handshake duration: 17.66 ms
Execution 154 - QUIC Single
Handshake duration: 17.40 ms
Execution 155 - QUIC Single
Handshake duration: 17.27 ms
Execution 156 - QUIC Single
Handshake duration: 18.21 ms
Execution 157 - QUIC Single
Handshake duration: 22.36 ms
Execution 158 - QUIC Single
Handshake duration: 18.68 ms
Execution 159 - QUIC Single
Handshake duration: 25.05 ms
Execution 160 - QUIC Single
Handshake duration: 18.02 ms
Execution 161 - QUIC Single
Handshake duration: 24.54 ms
Execution 162 - QUIC Single
Handshake duration: 18.09 ms
Execution 163 - QUIC Single
Handshake duration: 19.00 ms
Execution 164 - QUIC Single
Handshake duration: 17.33 ms
Execution 165 - QUIC Single
Handshake duration: 17.73 ms
Execution 166 - QUIC Single
Handshake duration: 17.57 ms
Execution 167 - QUIC Single
Handshake duration: 17.69 ms
Execution 168 - QUIC Single
Handshake duration: 17.35 ms
Execution 169 - QUIC Single
Handshake duration: 18.37 ms
Execution 170 - QUIC Single
Handshake duration: 18.23 ms
Execution 171 - QUIC Single
Handshake duration: 17.50 ms
Execution 172 - QUIC Single
Handshake duration: 18.49 ms
Execution 173 - QUIC Single
Handshake duration: 17.63 ms
Execution 174 - QUIC Single
Handshake duration: 18.34 ms
Execution 175 - QUIC Single
Handshake duration: 17.41 ms
Execution 176 - QUIC Single
Handshake duration: 17.67 ms
Execution 177 - QUIC Single
Handshake duration: 17.47 ms
Execution 178 - QUIC Single
Handshake duration: 17.79 ms
Execution 179 - QUIC Single
Handshake duration: 17.75 ms
Execution 180 - QUIC Single
Handshake duration: 18.02 ms
Execution 181 - QUIC Single
Handshake duration: 17.94 ms
Execution 182 - QUIC Single
Handshake duration: 24.68 ms
Execution 183 - QUIC Single
Handshake duration: 17.22 ms
Execution 184 - QUIC Single
Handshake duration: 21.93 ms
Execution 185 - QUIC Single
Handshake duration: 17.71 ms
Execution 186 - QUIC Single
Handshake duration: 17.56 ms
Execution 187 - QUIC Single
Handshake duration: 17.97 ms
Execution 188 - QUIC Single
Handshake duration: 17.67 ms
Execution 189 - QUIC Single
Handshake duration: 24.48 ms
Execution 190 - QUIC Single
Handshake duration: 24.86 ms
Execution 191 - QUIC Single
Handshake duration: 22.46 ms
Execution 192 - QUIC Single
Handshake duration: 22.10 ms
Execution 193 - QUIC Single
Handshake duration: 24.57 ms
Execution 194 - QUIC Single
Handshake duration: 22.28 ms
Execution 195 - QUIC Single
Handshake duration: 22.10 ms
Execution 196 - QUIC Single
Handshake duration: 17.51 ms
Execution 197 - QUIC Single
Handshake duration: 17.42 ms
Execution 198 - QUIC Single
Handshake duration: 22.40 ms
Execution 199 - QUIC Single
Handshake duration: 17.42 ms
Execution 200 - QUIC Single
Handshake duration: 17.68 ms
Execution 201 - QUIC Single
Handshake duration: 17.32 ms
Execution 202 - QUIC Single
Handshake duration: 18.29 ms
Execution 203 - QUIC Single
Handshake duration: 22.07 ms
Execution 204 - QUIC Single
Handshake duration: 18.35 ms
Execution 205 - QUIC Single
Handshake duration: 21.92 ms
Execution 206 - QUIC Single
Handshake duration: 22.34 ms
Execution 207 - QUIC Single
Handshake duration: 24.60 ms
Execution 208 - QUIC Single
Handshake duration: 18.84 ms
Execution 209 - QUIC Single
Handshake duration: 17.87 ms
Execution 210 - QUIC Single
Handshake duration: 22.56 ms
Execution 211 - QUIC Single
Handshake duration: 21.89 ms
Execution 212 - QUIC Single
Handshake duration: 17.93 ms
Execution 213 - QUIC Single
Handshake duration: 17.41 ms
Execution 214 - QUIC Single
Handshake duration: 24.41 ms
Execution 215 - QUIC Single
Handshake duration: 22.61 ms
Execution 216 - QUIC Single
Handshake duration: 18.08 ms
Execution 217 - QUIC Single
Handshake duration: 21.79 ms
Execution 218 - QUIC Single
Handshake duration: 17.39 ms
Execution 219 - QUIC Single
Handshake duration: 17.76 ms
Execution 220 - QUIC Single
Handshake duration: 21.89 ms
Execution 221 - QUIC Single
Handshake duration: 24.58 ms
Execution 222 - QUIC Single
Handshake duration: 22.21 ms
Execution 223 - QUIC Single
Handshake duration: 17.45 ms
Execution 224 - QUIC Single
Handshake duration: 17.71 ms
Execution 225 - QUIC Single
Handshake duration: 22.24 ms
Execution 226 - QUIC Single
Handshake duration: 17.95 ms
Execution 227 - QUIC Single
Handshake duration: 17.61 ms
Execution 228 - QUIC Single
Handshake duration: 17.52 ms
Execution 229 - QUIC Single
Handshake duration: 22.85 ms
Execution 230 - QUIC Single
Handshake duration: 17.69 ms
Execution 231 - QUIC Single
Handshake duration: 18.48 ms
Execution 232 - QUIC Single
Handshake duration: 18.57 ms
Execution 233 - QUIC Single
Handshake duration: 22.38 ms
Execution 234 - QUIC Single
Handshake duration: 22.19 ms
Execution 235 - QUIC Single
Handshake duration: 24.55 ms
Execution 236 - QUIC Single
Handshake duration: 17.54 ms
Execution 237 - QUIC Single
Handshake duration: 22.17 ms
Execution 238 - QUIC Single
Handshake duration: 22.76 ms
Execution 239 - QUIC Single
Handshake duration: 21.97 ms
Execution 240 - QUIC Single
Handshake duration: 21.95 ms
Execution 241 - QUIC Single
Handshake duration: 17.58 ms
Execution 242 - QUIC Single
Handshake duration: 17.54 ms
Execution 243 - QUIC Single
Handshake duration: 17.23 ms
Execution 244 - QUIC Single
Handshake duration: 17.31 ms
Execution 245 - QUIC Single
Handshake duration: 22.92 ms
Execution 246 - QUIC Single
Handshake duration: 24.89 ms
Execution 247 - QUIC Single
Handshake duration: 24.51 ms
Execution 248 - QUIC Single
Handshake duration: 18.02 ms
Execution 249 - QUIC Single
Handshake duration: 25.28 ms
Execution 250 - QUIC Single
Handshake duration: 22.67 ms
Execution 251 - QUIC Single
Handshake duration: 22.59 ms
Execution 252 - QUIC Single
Handshake duration: 23.27 ms
Execution 253 - QUIC Single
Handshake duration: 21.90 ms
Execution 254 - QUIC Single
Handshake duration: 22.81 ms
Execution 255 - QUIC Single
Handshake duration: 17.60 ms
Execution 256 - QUIC Single
Handshake duration: 17.66 ms
Execution 257 - QUIC Single
Handshake duration: 22.34 ms
Execution 258 - QUIC Single
Handshake duration: 17.37 ms
Execution 259 - QUIC Single
Handshake duration: 24.96 ms
Execution 260 - QUIC Single
Handshake duration: 18.05 ms
Execution 261 - QUIC Single
Handshake duration: 17.51 ms
Execution 262 - QUIC Single
Handshake duration: 22.92 ms
Execution 263 - QUIC Single
Handshake duration: 24.39 ms
Execution 264 - QUIC Single
Handshake duration: 21.96 ms
Execution 265 - QUIC Single
Handshake duration: 19.71 ms
Execution 266 - QUIC Single
Handshake duration: 17.88 ms
Execution 267 - QUIC Single
Handshake duration: 26.05 ms
Execution 268 - QUIC Single
Handshake duration: 17.23 ms
Execution 269 - QUIC Single
Handshake duration: 22.20 ms
Execution 270 - QUIC Single
Handshake duration: 18.42 ms
Execution 271 - QUIC Single
Handshake duration: 17.99 ms
Execution 272 - QUIC Single
Handshake duration: 17.36 ms
Execution 273 - QUIC Single
Handshake duration: 22.27 ms
Execution 274 - QUIC Single
Handshake duration: 17.55 ms
Execution 275 - QUIC Single
Handshake duration: 22.37 ms
Execution 276 - QUIC Single
Handshake duration: 17.60 ms
Execution 277 - QUIC Single
Handshake duration: 17.56 ms
Execution 278 - QUIC Single
Handshake duration: 17.27 ms
Execution 279 - QUIC Single
Handshake duration: 17.82 ms
Execution 280 - QUIC Single
Handshake duration: 17.56 ms
Execution 281 - QUIC Single
Handshake duration: 22.04 ms
Execution 282 - QUIC Single
Handshake duration: 17.63 ms
Execution 283 - QUIC Single
Handshake duration: 17.49 ms
Execution 284 - QUIC Single
Handshake duration: 18.16 ms
Execution 285 - QUIC Single
Handshake duration: 17.72 ms
Execution 286 - QUIC Single
Handshake duration: 17.52 ms
Execution 287 - QUIC Single
Handshake duration: 22.83 ms
Execution 288 - QUIC Single
Handshake duration: 18.03 ms
Execution 289 - QUIC Single
Handshake duration: 22.26 ms
Execution 290 - QUIC Single
Handshake duration: 17.99 ms
Execution 291 - QUIC Single
Handshake duration: 17.52 ms
Execution 292 - QUIC Single
Handshake duration: 17.78 ms
Execution 293 - QUIC Single
Handshake duration: 17.77 ms
Execution 294 - QUIC Single
Handshake duration: 18.02 ms
Execution 295 - QUIC Single
Handshake duration: 18.68 ms
Execution 296 - QUIC Single
Handshake duration: 22.72 ms
Execution 297 - QUIC Single
Handshake duration: 17.53 ms
Execution 298 - QUIC Single
Handshake duration: 17.44 ms
Execution 299 - QUIC Single
Handshake duration: 17.26 ms
Execution 300 - QUIC Single
Handshake duration: 17.54 ms
Execution 301 - QUIC Single
Handshake duration: 17.45 ms
Execution 302 - QUIC Single
Handshake duration: 18.53 ms
Execution 303 - QUIC Single
Handshake duration: 25.12 ms
Execution 304 - QUIC Single
Handshake duration: 25.93 ms
Execution 305 - QUIC Single
Handshake duration: 22.89 ms
Execution 306 - QUIC Single
Handshake duration: 21.85 ms
Execution 307 - QUIC Single
Handshake duration: 21.91 ms
Execution 308 - QUIC Single
Handshake duration: 17.32 ms
Execution 309 - QUIC Single
Handshake duration: 20.36 ms
Execution 310 - QUIC Single
Handshake duration: 18.67 ms
Execution 311 - QUIC Single
Handshake duration: 17.34 ms
Execution 312 - QUIC Single
Handshake duration: 17.27 ms
Execution 313 - QUIC Single
Handshake duration: 17.80 ms
Execution 314 - QUIC Single
Handshake duration: 17.46 ms
Execution 315 - QUIC Single
Handshake duration: 22.54 ms
Execution 316 - QUIC Single
Handshake duration: 22.98 ms
Execution 317 - QUIC Single
Handshake duration: 17.25 ms
Execution 318 - QUIC Single
Handshake duration: 17.36 ms
Execution 319 - QUIC Single
Handshake duration: 17.50 ms
Execution 320 - QUIC Single
Handshake duration: 22.65 ms
Execution 321 - QUIC Single
Handshake duration: 17.96 ms
Execution 322 - QUIC Single
Handshake duration: 22.46 ms
Execution 323 - QUIC Single
Handshake duration: 22.96 ms
Execution 324 - QUIC Single
Handshake duration: 18.21 ms
Execution 325 - QUIC Single
Handshake duration: 17.30 ms
Execution 326 - QUIC Single
Handshake duration: 17.34 ms
Execution 327 - QUIC Single
Handshake duration: 17.20 ms
Execution 328 - QUIC Single
Handshake duration: 17.69 ms
Execution 329 - QUIC Single
Handshake duration: 17.65 ms
Execution 330 - QUIC Single
Handshake duration: 17.78 ms
Execution 331 - QUIC Single
Handshake duration: 17.77 ms
Execution 332 - QUIC Single
Handshake duration: 17.54 ms
Execution 333 - QUIC Single
Handshake duration: 17.38 ms
Execution 334 - QUIC Single
Handshake duration: 17.55 ms
Execution 335 - QUIC Single
Handshake duration: 17.70 ms
Execution 336 - QUIC Single
Handshake duration: 18.20 ms
Execution 337 - QUIC Single
Handshake duration: 17.37 ms
Execution 338 - QUIC Single
Handshake duration: 17.62 ms
Execution 339 - QUIC Single
Handshake duration: 17.23 ms
Execution 340 - QUIC Single
Handshake duration: 25.42 ms
Execution 341 - QUIC Single
Handshake duration: 18.04 ms
Execution 342 - QUIC Single
Handshake duration: 17.31 ms
Execution 343 - QUIC Single
Handshake duration: 17.83 ms
Execution 344 - QUIC Single
Handshake duration: 17.62 ms
Execution 345 - QUIC Single
Handshake duration: 18.37 ms
Execution 346 - QUIC Single
Handshake duration: 17.32 ms
Execution 347 - QUIC Single
Handshake duration: 17.57 ms
Execution 348 - QUIC Single
Handshake duration: 17.86 ms
Execution 349 - QUIC Single
Handshake duration: 24.62 ms
Execution 350 - QUIC Single
Handshake duration: 17.58 ms
Execution 351 - QUIC Single
Handshake duration: 17.85 ms
Execution 352 - QUIC Single
Handshake duration: 18.07 ms
Execution 353 - QUIC Single
Handshake duration: 17.64 ms
Execution 354 - QUIC Single
Handshake duration: 17.58 ms
Execution 355 - QUIC Single
Handshake duration: 18.00 ms
Execution 356 - QUIC Single
Handshake duration: 18.03 ms
Execution 357 - QUIC Single
Handshake duration: 27.39 ms
Execution 358 - QUIC Single
Handshake duration: 17.69 ms
Execution 359 - QUIC Single
Handshake duration: 18.21 ms
Execution 360 - QUIC Single
Handshake duration: 17.33 ms
Execution 361 - QUIC Single
Handshake duration: 17.82 ms
Execution 362 - QUIC Single
Handshake duration: 17.33 ms
Execution 363 - QUIC Single
Handshake duration: 17.53 ms
Execution 364 - QUIC Single
Handshake duration: 17.52 ms
Execution 365 - QUIC Single
Handshake duration: 17.82 ms
Execution 366 - QUIC Single
Handshake duration: 17.76 ms
Execution 367 - QUIC Single
Handshake duration: 17.51 ms
Execution 368 - QUIC Single
Handshake duration: 17.46 ms
Execution 369 - QUIC Single
Handshake duration: 19.93 ms
Execution 370 - QUIC Single
Handshake duration: 17.34 ms
Execution 371 - QUIC Single
Handshake duration: 17.38 ms
Execution 372 - QUIC Single
Handshake duration: 21.98 ms
Execution 373 - QUIC Single
Handshake duration: 25.32 ms
Execution 374 - QUIC Single
Handshake duration: 17.82 ms
Execution 375 - QUIC Single
Handshake duration: 17.58 ms
Execution 376 - QUIC Single
Handshake duration: 17.41 ms
Execution 377 - QUIC Single
Handshake duration: 21.83 ms
Execution 378 - QUIC Single
Handshake duration: 17.95 ms
Execution 379 - QUIC Single
Handshake duration: 17.90 ms
Execution 380 - QUIC Single
Handshake duration: 18.39 ms
Execution 381 - QUIC Single
Handshake duration: 17.42 ms
Execution 382 - QUIC Single
Handshake duration: 17.30 ms
Execution 383 - QUIC Single
Handshake duration: 17.31 ms
Execution 384 - QUIC Single
Handshake duration: 23.12 ms
Execution 385 - QUIC Single
Handshake duration: 26.65 ms
Execution 386 - QUIC Single
Handshake duration: 17.51 ms
Execution 387 - QUIC Single
Handshake duration: 17.91 ms
Execution 388 - QUIC Single
Handshake duration: 25.62 ms
Execution 389 - QUIC Single
Handshake duration: 17.53 ms
Execution 390 - QUIC Single
Handshake duration: 17.25 ms
Execution 391 - QUIC Single
Handshake duration: 21.98 ms
Execution 392 - QUIC Single
Handshake duration: 17.59 ms
Execution 393 - QUIC Single
Handshake duration: 17.28 ms
Execution 394 - QUIC Single
Handshake duration: 17.57 ms
Execution 395 - QUIC Single
Handshake duration: 17.52 ms
Execution 396 - QUIC Single
Handshake duration: 25.08 ms
Execution 397 - QUIC Single
Handshake duration: 18.31 ms
Execution 398 - QUIC Single
Handshake duration: 17.36 ms
Execution 399 - QUIC Single
Handshake duration: 17.44 ms
Execution 400 - QUIC Single
Handshake duration: 17.40 ms
Execution 401 - QUIC Single
Handshake duration: 23.45 ms
Execution 402 - QUIC Single
Handshake duration: 23.73 ms
Execution 403 - QUIC Single
Handshake duration: 18.27 ms
Execution 404 - QUIC Single
Handshake duration: 17.45 ms
Execution 405 - QUIC Single
Handshake duration: 17.54 ms
Execution 406 - QUIC Single
Handshake duration: 17.35 ms
Execution 407 - QUIC Single
Handshake duration: 17.94 ms
Execution 408 - QUIC Single
Handshake duration: 17.24 ms
Execution 409 - QUIC Single
Handshake duration: 22.64 ms
Execution 410 - QUIC Single
Handshake duration: 17.45 ms
Execution 411 - QUIC Single
Handshake duration: 17.29 ms
Execution 412 - QUIC Single
Handshake duration: 21.87 ms
Execution 413 - QUIC Single
Handshake duration: 17.41 ms
Execution 414 - QUIC Single
Handshake duration: 17.71 ms
Execution 415 - QUIC Single
Handshake duration: 17.81 ms
Execution 416 - QUIC Single
Handshake duration: 17.55 ms
Execution 417 - QUIC Single
Handshake duration: 17.51 ms
Execution 418 - QUIC Single
Handshake duration: 17.62 ms
Execution 419 - QUIC Single
Handshake duration: 23.09 ms
Execution 420 - QUIC Single
Handshake duration: 17.41 ms
Execution 421 - QUIC Single
Handshake duration: 18.04 ms
Execution 422 - QUIC Single
Handshake duration: 17.71 ms
Execution 423 - QUIC Single
Handshake duration: 17.31 ms
Execution 424 - QUIC Single
Handshake duration: 17.31 ms
Execution 425 - QUIC Single
Handshake duration: 17.80 ms
Execution 426 - QUIC Single
Handshake duration: 19.44 ms
Execution 427 - QUIC Single
Handshake duration: 18.09 ms
Execution 428 - QUIC Single
Handshake duration: 18.00 ms
Execution 429 - QUIC Single
Handshake duration: 24.95 ms
Execution 430 - QUIC Single
Handshake duration: 20.03 ms
Execution 431 - QUIC Single
Handshake duration: 17.20 ms
Execution 432 - QUIC Single
Handshake duration: 17.61 ms
Execution 433 - QUIC Single
Handshake duration: 17.55 ms
Execution 434 - QUIC Single
Handshake duration: 17.61 ms
Execution 435 - QUIC Single
Handshake duration: 18.16 ms
Execution 436 - QUIC Single
Handshake duration: 17.70 ms
Execution 437 - QUIC Single
Handshake duration: 17.42 ms
Execution 438 - QUIC Single
Handshake duration: 17.93 ms
Execution 439 - QUIC Single
Handshake duration: 18.18 ms
Execution 440 - QUIC Single
Handshake duration: 26.48 ms
Execution 441 - QUIC Single
Handshake duration: 22.41 ms
Execution 442 - QUIC Single
Handshake duration: 18.46 ms
Execution 443 - QUIC Single
Handshake duration: 17.80 ms
Execution 444 - QUIC Single
Handshake duration: 22.21 ms
Execution 445 - QUIC Single
Handshake duration: 18.16 ms
Execution 446 - QUIC Single
Handshake duration: 17.40 ms
Execution 447 - QUIC Single
Handshake duration: 18.34 ms
Execution 448 - QUIC Single
Handshake duration: 17.88 ms
Execution 449 - QUIC Single
Handshake duration: 17.69 ms
Execution 450 - QUIC Single
Handshake duration: 19.12 ms
Execution 451 - QUIC Single
Handshake duration: 18.07 ms
Execution 452 - QUIC Single
Handshake duration: 18.02 ms
Execution 453 - QUIC Single
Handshake duration: 17.94 ms
Execution 454 - QUIC Single
Handshake duration: 18.46 ms
Execution 455 - QUIC Single
Handshake duration: 17.65 ms
Execution 456 - QUIC Single
Handshake duration: 17.83 ms
Execution 457 - QUIC Single
Handshake duration: 18.37 ms
Execution 458 - QUIC Single
Handshake duration: 21.90 ms
Execution 459 - QUIC Single
Handshake duration: 17.22 ms
Execution 460 - QUIC Single
Handshake duration: 17.22 ms
Execution 461 - QUIC Single
Handshake duration: 24.73 ms
Execution 462 - QUIC Single
Handshake duration: 23.26 ms
Execution 463 - QUIC Single
Handshake duration: 17.42 ms
Execution 464 - QUIC Single
Handshake duration: 17.36 ms
Execution 465 - QUIC Single
Handshake duration: 17.96 ms
Execution 466 - QUIC Single
Handshake duration: 22.80 ms
Execution 467 - QUIC Single
Handshake duration: 22.11 ms
Execution 468 - QUIC Single
Handshake duration: 18.02 ms
Execution 469 - QUIC Single
Handshake duration: 22.54 ms
Execution 470 - QUIC Single
Handshake duration: 17.73 ms
Execution 471 - QUIC Single
Handshake duration: 24.46 ms
Execution 472 - QUIC Single
Handshake duration: 17.74 ms
Execution 473 - QUIC Single
Handshake duration: 17.70 ms
Execution 474 - QUIC Single
Handshake duration: 22.84 ms
Execution 475 - QUIC Single
Handshake duration: 25.64 ms
Execution 476 - QUIC Single
Handshake duration: 23.26 ms
Execution 477 - QUIC Single
Handshake duration: 17.19 ms
Execution 478 - QUIC Single
Handshake duration: 17.56 ms
Execution 479 - QUIC Single
Handshake duration: 23.08 ms
Execution 480 - QUIC Single
Handshake duration: 17.85 ms
Execution 481 - QUIC Single
Handshake duration: 17.56 ms
Execution 482 - QUIC Single
Handshake duration: 17.93 ms
Execution 483 - QUIC Single
Handshake duration: 17.33 ms
Execution 484 - QUIC Single
Handshake duration: 17.47 ms
Execution 485 - QUIC Single
Handshake duration: 17.72 ms
Execution 486 - QUIC Single
Handshake duration: 17.81 ms
Execution 487 - QUIC Single
Handshake duration: 17.86 ms
Execution 488 - QUIC Single
Handshake duration: 18.92 ms
Execution 489 - QUIC Single
Handshake duration: 17.98 ms
Execution 490 - QUIC Single
Handshake duration: 17.70 ms
Execution 491 - QUIC Single
Handshake duration: 17.55 ms
Execution 492 - QUIC Single
Handshake duration: 18.69 ms
Execution 493 - QUIC Single
Handshake duration: 17.73 ms
Execution 494 - QUIC Single
Handshake duration: 18.07 ms
Execution 495 - QUIC Single
Handshake duration: 17.50 ms
Execution 496 - QUIC Single
Handshake duration: 18.33 ms
Execution 497 - QUIC Single
Handshake duration: 17.85 ms
Execution 498 - QUIC Single
Handshake duration: 18.45 ms
Execution 499 - QUIC Single
Handshake duration: 17.46 ms
Execution 500 - QUIC Single
Handshake duration: 18.04 ms
     Waiting  ... 
   Shutting down server and impairments...

 ==> Executing for SIG_ALG: secp384r1

 ==> Creating Certs and Keys
Creating certificates
Using ECDSA procedure for secp384r1
Certificate request self-signature ok
subject=CN=localhost
Certificate request self-signature ok
subject=CN=user
Running /opt/oqssa/bin/doCert.sh with SIG_ALG=secp384r1 and certificates created

./Launcherv3_pq_hqc_ge_rerun.sh : ligne 281 : 36322 Processus arrêté      /usr/local/bin/pumba netem --duration 1h --interface $NETIF loss-gemodel --pg "${args[0]}" --pb "${args[1]}" --one-h "${args[2]}" --one-k "${args[3]}" "$OQS_SERVER"

****************
  -> KEM: P-384

    Executing docker Server...
servidor
cliente
059bf80bf23d50e1fd5315fe4d9341eed2ad95396e9c78abafdbb5e3c60866b9
    Buscando IP.. 
    IP..  172.18.0.2
   ↳ Applying unstable network profile (loss-gemodel pg20 pb40 h90 k20)
   ✔ Pumba PID 41278 confirmed running (SIG=secp384r1 KEM=P-384 PROTO=quic)
    Executing docker Client... 172.18.0.2
16d32913bdd8180bdd9050e950ec406a038a264826802f9da1a5835efc0e0e6c
cliente
     Docker cliente executed ... 

**************************
     Executing test  ... 
Applying netem rules to lo...
Showing qdisc status for the interface: lo
qdisc netem 800e: root refcnt 2 limit 1000 seed 9268712016438108563
 Sent 0 bytes 0 pkt (dropped 0, overlimits 0 requeues 0) 
 backlog 0b 0p requeues 0
Running ./perftestClientTlsQuic.sh with SIG_ALG=secp384r1 and KEM_ALG=P-384
Execution 1 - QUIC Single
Handshake duration: 5.72 ms
Execution 2 - QUIC Single
Handshake duration: 5.24 ms
Execution 3 - QUIC Single
Handshake duration: 5.27 ms
Execution 4 - QUIC Single
Handshake duration: 5.04 ms
Execution 5 - QUIC Single
Handshake duration: 7.61 ms
Execution 6 - QUIC Single
Handshake duration: 5.51 ms
Execution 7 - QUIC Single
Handshake duration: 5.07 ms
Execution 8 - QUIC Single
Handshake duration: 5.10 ms
Execution 9 - QUIC Single
Handshake duration: 7.37 ms
Execution 10 - QUIC Single
Handshake duration: 5.27 ms
Execution 11 - QUIC Single
Handshake duration: 5.25 ms
Execution 12 - QUIC Single
Handshake duration: 5.24 ms
Execution 13 - QUIC Single
Handshake duration: 5.12 ms
Execution 14 - QUIC Single
Handshake duration: 5.88 ms
Execution 15 - QUIC Single
Handshake duration: 7.17 ms
Execution 16 - QUIC Single
Handshake duration: 7.16 ms
Execution 17 - QUIC Single
Handshake duration: 5.14 ms
Execution 18 - QUIC Single
Handshake duration: 7.15 ms
Execution 19 - QUIC Single
Handshake duration: 5.12 ms
Execution 20 - QUIC Single
Handshake duration: 5.42 ms
Execution 21 - QUIC Single
Handshake duration: 5.13 ms
Execution 22 - QUIC Single
Handshake duration: 5.08 ms
Execution 23 - QUIC Single
Handshake duration: 6.59 ms
Execution 24 - QUIC Single
Handshake duration: 5.15 ms
Execution 25 - QUIC Single
Handshake duration: 5.05 ms
Execution 26 - QUIC Single
Handshake duration: 5.38 ms
Execution 27 - QUIC Single
Handshake duration: 5.04 ms
Execution 28 - QUIC Single
Handshake duration: 7.55 ms
Execution 29 - QUIC Single
Handshake duration: 5.09 ms
Execution 30 - QUIC Single
Handshake duration: 7.12 ms
Execution 31 - QUIC Single
Handshake duration: 5.09 ms
Execution 32 - QUIC Single
Handshake duration: 5.20 ms
Execution 33 - QUIC Single
Handshake duration: 6.41 ms
Execution 34 - QUIC Single
Handshake duration: 6.62 ms
Execution 35 - QUIC Single
Handshake duration: 5.13 ms
Execution 36 - QUIC Single
Handshake duration: 5.42 ms
Execution 37 - QUIC Single
Handshake duration: 5.05 ms
Execution 38 - QUIC Single
Handshake duration: 5.11 ms
Execution 39 - QUIC Single
Handshake duration: 5.64 ms
Execution 40 - QUIC Single
Handshake duration: 6.56 ms
Execution 41 - QUIC Single
Handshake duration: 5.48 ms
Execution 42 - QUIC Single
Handshake duration: 5.03 ms
Execution 43 - QUIC Single
Handshake duration: 6.38 ms
Execution 44 - QUIC Single
Handshake duration: 6.00 ms
Execution 45 - QUIC Single
Handshake duration: 6.46 ms
Execution 46 - QUIC Single
Handshake duration: 5.44 ms
Execution 47 - QUIC Single
Handshake duration: 6.35 ms
Execution 48 - QUIC Single
Handshake duration: 5.17 ms
Execution 49 - QUIC Single
Handshake duration: 6.43 ms
Execution 50 - QUIC Single
Handshake duration: 5.09 ms
Execution 51 - QUIC Single
Handshake duration: 5.12 ms
Execution 52 - QUIC Single
Handshake duration: 5.07 ms
Execution 53 - QUIC Single
Handshake duration: 5.06 ms
Execution 54 - QUIC Single
Handshake duration: 5.29 ms
Execution 55 - QUIC Single
Handshake duration: 5.04 ms
Execution 56 - QUIC Single
Handshake duration: 5.08 ms
Execution 57 - QUIC Single
Handshake duration: 5.06 ms
Execution 58 - QUIC Single
Handshake duration: 5.28 ms
Execution 59 - QUIC Single
Handshake duration: 5.09 ms
Execution 60 - QUIC Single
Handshake duration: 5.27 ms
Execution 61 - QUIC Single
Handshake duration: 5.11 ms
Execution 62 - QUIC Single
Handshake duration: 5.26 ms
Execution 63 - QUIC Single
Handshake duration: 5.33 ms
Execution 64 - QUIC Single
Handshake duration: 6.37 ms
Execution 65 - QUIC Single
Handshake duration: 7.18 ms
Execution 66 - QUIC Single
Handshake duration: 6.14 ms
Execution 67 - QUIC Single
Handshake duration: 8.01 ms
Execution 68 - QUIC Single
Handshake duration: 5.47 ms
Execution 69 - QUIC Single
Handshake duration: 5.23 ms
Execution 70 - QUIC Single
Handshake duration: 5.19 ms
Execution 71 - QUIC Single
Handshake duration: 5.20 ms
Execution 72 - QUIC Single
Handshake duration: 5.16 ms
Execution 73 - QUIC Single
Handshake duration: 5.49 ms
Execution 74 - QUIC Single
Handshake duration: 6.53 ms
Execution 75 - QUIC Single
Handshake duration: 5.26 ms
Execution 76 - QUIC Single
Handshake duration: 5.78 ms
Execution 77 - QUIC Single
Handshake duration: 5.17 ms
Execution 78 - QUIC Single
Handshake duration: 5.07 ms
Execution 79 - QUIC Single
Handshake duration: 5.17 ms
Execution 80 - QUIC Single
Handshake duration: 6.33 ms
Execution 81 - QUIC Single
Handshake duration: 5.06 ms
Execution 82 - QUIC Single
Handshake duration: 5.23 ms
Execution 83 - QUIC Single
Handshake duration: 6.34 ms
Execution 84 - QUIC Single
Handshake duration: 5.35 ms
Execution 85 - QUIC Single
Handshake duration: 6.32 ms
Execution 86 - QUIC Single
Handshake duration: 5.10 ms
Execution 87 - QUIC Single
Handshake duration: 7.59 ms
Execution 88 - QUIC Single
Handshake duration: 5.03 ms
Execution 89 - QUIC Single
Handshake duration: 5.39 ms
Execution 90 - QUIC Single
Handshake duration: 5.11 ms
Execution 91 - QUIC Single
Handshake duration: 5.42 ms
Execution 92 - QUIC Single
Handshake duration: 5.08 ms
Execution 93 - QUIC Single
Handshake duration: 5.54 ms
Execution 94 - QUIC Single
Handshake duration: 5.13 ms
Execution 95 - QUIC Single
Handshake duration: 5.19 ms
Execution 96 - QUIC Single
Handshake duration: 5.41 ms
Execution 97 - QUIC Single
Handshake duration: 5.13 ms
Execution 98 - QUIC Single
Handshake duration: 6.88 ms
Execution 99 - QUIC Single
Handshake duration: 7.14 ms
Execution 100 - QUIC Single
Handshake duration: 5.04 ms
Execution 101 - QUIC Single
Handshake duration: 5.16 ms
Execution 102 - QUIC Single
Handshake duration: 5.38 ms
Execution 103 - QUIC Single
Handshake duration: 5.10 ms
Execution 104 - QUIC Single
Handshake duration: 5.13 ms
Execution 105 - QUIC Single
Handshake duration: 5.14 ms
Execution 106 - QUIC Single
Handshake duration: 6.15 ms
Execution 107 - QUIC Single
Handshake duration: 5.07 ms
Execution 108 - QUIC Single
Handshake duration: 5.10 ms
Execution 109 - QUIC Single
Handshake duration: 6.82 ms
Execution 110 - QUIC Single
Handshake duration: 5.83 ms
Execution 111 - QUIC Single
Handshake duration: 6.64 ms
Execution 112 - QUIC Single
Handshake duration: 5.35 ms
Execution 113 - QUIC Single
Handshake duration: 5.20 ms
Execution 114 - QUIC Single
Handshake duration: 6.59 ms
Execution 115 - QUIC Single
Handshake duration: 5.29 ms
Execution 116 - QUIC Single
Handshake duration: 6.47 ms
Execution 117 - QUIC Single
Handshake duration: 5.29 ms
Execution 118 - QUIC Single
Handshake duration: 6.72 ms
Execution 119 - QUIC Single
Handshake duration: 5.14 ms
Execution 120 - QUIC Single
Handshake duration: 5.74 ms
Execution 121 - QUIC Single
Handshake duration: 5.05 ms
Execution 122 - QUIC Single
Handshake duration: 5.62 ms
Execution 123 - QUIC Single
Handshake duration: 5.05 ms
Execution 124 - QUIC Single
Handshake duration: 5.15 ms
Execution 125 - QUIC Single
Handshake duration: 5.91 ms
Execution 126 - QUIC Single
Handshake duration: 5.12 ms
Execution 127 - QUIC Single
Handshake duration: 5.05 ms
Execution 128 - QUIC Single
Handshake duration: 5.66 ms
Execution 129 - QUIC Single
Handshake duration: 7.11 ms
Execution 130 - QUIC Single
Handshake duration: 5.00 ms
Execution 131 - QUIC Single
Handshake duration: 5.11 ms
Execution 132 - QUIC Single
Handshake duration: 4.99 ms
Execution 133 - QUIC Single
Handshake duration: 5.19 ms
Execution 134 - QUIC Single
Handshake duration: 5.15 ms
Execution 135 - QUIC Single
Handshake duration: 5.09 ms
Execution 136 - QUIC Single
Handshake duration: 5.28 ms
Execution 137 - QUIC Single
Handshake duration: 5.47 ms
Execution 138 - QUIC Single
Handshake duration: 5.63 ms
Execution 139 - QUIC Single
Handshake duration: 7.34 ms
Execution 140 - QUIC Single
Handshake duration: 5.35 ms
Execution 141 - QUIC Single
Handshake duration: 5.22 ms
Execution 142 - QUIC Single
Handshake duration: 5.51 ms
Execution 143 - QUIC Single
Handshake duration: 4.99 ms
Execution 144 - QUIC Single
Handshake duration: 5.56 ms
Execution 145 - QUIC Single
Handshake duration: 7.12 ms
Execution 146 - QUIC Single
Handshake duration: 5.10 ms
Execution 147 - QUIC Single
Handshake duration: 7.87 ms
Execution 148 - QUIC Single
Handshake duration: 5.11 ms
Execution 149 - QUIC Single
Handshake duration: 5.13 ms
Execution 150 - QUIC Single
Handshake duration: 5.64 ms
Execution 151 - QUIC Single
Handshake duration: 5.41 ms
Execution 152 - QUIC Single
Handshake duration: 5.57 ms
Execution 153 - QUIC Single
Handshake duration: 5.06 ms
Execution 154 - QUIC Single
Handshake duration: 5.24 ms
Execution 155 - QUIC Single
Handshake duration: 5.41 ms
Execution 156 - QUIC Single
Handshake duration: 5.17 ms
Execution 157 - QUIC Single
Handshake duration: 5.19 ms
Execution 158 - QUIC Single
Handshake duration: 5.08 ms
Execution 159 - QUIC Single
Handshake duration: 7.28 ms
Execution 160 - QUIC Single
Handshake duration: 5.18 ms
Execution 161 - QUIC Single
Handshake duration: 5.66 ms
Execution 162 - QUIC Single
Handshake duration: 5.36 ms
Execution 163 - QUIC Single
Handshake duration: 5.18 ms
Execution 164 - QUIC Single
Handshake duration: 5.35 ms
Execution 165 - QUIC Single
Handshake duration: 5.24 ms
Execution 166 - QUIC Single
Handshake duration: 5.14 ms
Execution 167 - QUIC Single
Handshake duration: 5.03 ms
Execution 168 - QUIC Single
Handshake duration: 5.08 ms
Execution 169 - QUIC Single
Handshake duration: 5.31 ms
Execution 170 - QUIC Single
Handshake duration: 7.16 ms
Execution 171 - QUIC Single
Handshake duration: 5.08 ms
Execution 172 - QUIC Single
Handshake duration: 5.08 ms
Execution 173 - QUIC Single
Handshake duration: 5.19 ms
Execution 174 - QUIC Single
Handshake duration: 5.43 ms
Execution 175 - QUIC Single
Handshake duration: 5.19 ms
Execution 176 - QUIC Single
Handshake duration: 5.37 ms
Execution 177 - QUIC Single
Handshake duration: 5.23 ms
Execution 178 - QUIC Single
Handshake duration: 5.27 ms
Execution 179 - QUIC Single
Handshake duration: 5.16 ms
Execution 180 - QUIC Single
Handshake duration: 5.42 ms
Execution 181 - QUIC Single
Handshake duration: 5.13 ms
Execution 182 - QUIC Single
Handshake duration: 7.42 ms
Execution 183 - QUIC Single
Handshake duration: 7.63 ms
Execution 184 - QUIC Single
Handshake duration: 7.42 ms
Execution 185 - QUIC Single
Handshake duration: 5.44 ms
Execution 186 - QUIC Single
Handshake duration: 5.15 ms
Execution 187 - QUIC Single
Handshake duration: 5.27 ms
Execution 188 - QUIC Single
Handshake duration: 5.15 ms
Execution 189 - QUIC Single
Handshake duration: 5.07 ms
Execution 190 - QUIC Single
Handshake duration: 5.22 ms
Execution 191 - QUIC Single
Handshake duration: 5.18 ms
Execution 192 - QUIC Single
Handshake duration: 5.00 ms
Execution 193 - QUIC Single
Handshake duration: 5.16 ms
Execution 194 - QUIC Single
Handshake duration: 5.20 ms
Execution 195 - QUIC Single
Handshake duration: 5.07 ms
Execution 196 - QUIC Single
Handshake duration: 5.04 ms
Execution 197 - QUIC Single
Handshake duration: 6.14 ms
Execution 198 - QUIC Single
Handshake duration: 5.08 ms
Execution 199 - QUIC Single
Handshake duration: 5.46 ms
Execution 200 - QUIC Single
Handshake duration: 5.05 ms
Execution 201 - QUIC Single
Handshake duration: 5.10 ms
Execution 202 - QUIC Single
Handshake duration: 5.46 ms
Execution 203 - QUIC Single
Handshake duration: 5.03 ms
Execution 204 - QUIC Single
Handshake duration: 5.22 ms
Execution 205 - QUIC Single
Handshake duration: 5.28 ms
Execution 206 - QUIC Single
Handshake duration: 5.68 ms
Execution 207 - QUIC Single
Handshake duration: 5.17 ms
Execution 208 - QUIC Single
Handshake duration: 7.18 ms
Execution 209 - QUIC Single
Handshake duration: 5.27 ms
Execution 210 - QUIC Single
Handshake duration: 5.13 ms
Execution 211 - QUIC Single
Handshake duration: 5.11 ms
Execution 212 - QUIC Single
Handshake duration: 7.78 ms
Execution 213 - QUIC Single
Handshake duration: 5.16 ms
Execution 214 - QUIC Single
Handshake duration: 6.18 ms
Execution 215 - QUIC Single
Handshake duration: 5.42 ms
Execution 216 - QUIC Single
Handshake duration: 5.58 ms
Execution 217 - QUIC Single
Handshake duration: 7.25 ms
Execution 218 - QUIC Single
Handshake duration: 5.21 ms
Execution 219 - QUIC Single
Handshake duration: 5.11 ms
Execution 220 - QUIC Single
Handshake duration: 5.06 ms
Execution 221 - QUIC Single
Handshake duration: 5.31 ms
Execution 222 - QUIC Single
Handshake duration: 7.30 ms
Execution 223 - QUIC Single
Handshake duration: 5.04 ms
Execution 224 - QUIC Single
Handshake duration: 6.03 ms
Execution 225 - QUIC Single
Handshake duration: 5.04 ms
Execution 226 - QUIC Single
Handshake duration: 8.10 ms
Execution 227 - QUIC Single
Handshake duration: 5.38 ms
Execution 228 - QUIC Single
Handshake duration: 6.01 ms
Execution 229 - QUIC Single
Handshake duration: 7.35 ms
Execution 230 - QUIC Single
Handshake duration: 5.05 ms
Execution 231 - QUIC Single
Handshake duration: 7.15 ms
Execution 232 - QUIC Single
Handshake duration: 7.63 ms
Execution 233 - QUIC Single
Handshake duration: 5.08 ms
Execution 234 - QUIC Single
Handshake duration: 5.35 ms
Execution 235 - QUIC Single
Handshake duration: 5.76 ms
Execution 236 - QUIC Single
Handshake duration: 5.06 ms
Execution 237 - QUIC Single
Handshake duration: 5.16 ms
Execution 238 - QUIC Single
Handshake duration: 5.17 ms
Execution 239 - QUIC Single
Handshake duration: 7.17 ms
Execution 240 - QUIC Single
Handshake duration: 7.25 ms
Execution 241 - QUIC Single
Handshake duration: 5.09 ms
Execution 242 - QUIC Single
Handshake duration: 7.24 ms
Execution 243 - QUIC Single
Handshake duration: 5.13 ms
Execution 244 - QUIC Single
Handshake duration: 7.11 ms
Execution 245 - QUIC Single
Handshake duration: 5.14 ms
Execution 246 - QUIC Single
Handshake duration: 5.08 ms
Execution 247 - QUIC Single
Handshake duration: 5.12 ms
Execution 248 - QUIC Single
Handshake duration: 5.10 ms
Execution 249 - QUIC Single
Handshake duration: 5.26 ms
Execution 250 - QUIC Single
Handshake duration: 5.20 ms
Execution 251 - QUIC Single
Handshake duration: 6.34 ms
Execution 252 - QUIC Single
Handshake duration: 5.47 ms
Execution 253 - QUIC Single
Handshake duration: 5.17 ms
Execution 254 - QUIC Single
Handshake duration: 5.13 ms
Execution 255 - QUIC Single
Handshake duration: 7.09 ms
Execution 256 - QUIC Single
Handshake duration: 5.40 ms
Execution 257 - QUIC Single
Handshake duration: 6.02 ms
Execution 258 - QUIC Single
Handshake duration: 5.10 ms
Execution 259 - QUIC Single
Handshake duration: 7.47 ms
Execution 260 - QUIC Single
Handshake duration: 5.08 ms
Execution 261 - QUIC Single
Handshake duration: 5.58 ms
Execution 262 - QUIC Single
Handshake duration: 7.25 ms
Execution 263 - QUIC Single
Handshake duration: 5.10 ms
Execution 264 - QUIC Single
Handshake duration: 5.24 ms
Execution 265 - QUIC Single
Handshake duration: 5.06 ms
Execution 266 - QUIC Single
Handshake duration: 5.77 ms
Execution 267 - QUIC Single
Handshake duration: 5.16 ms
Execution 268 - QUIC Single
Handshake duration: 7.16 ms
Execution 269 - QUIC Single
Handshake duration: 5.11 ms
Execution 270 - QUIC Single
Handshake duration: 5.10 ms
Execution 271 - QUIC Single
Handshake duration: 5.18 ms
Execution 272 - QUIC Single
Handshake duration: 5.12 ms
Execution 273 - QUIC Single
Handshake duration: 5.03 ms
Execution 274 - QUIC Single
Handshake duration: 6.00 ms
Execution 275 - QUIC Single
Handshake duration: 5.17 ms
Execution 276 - QUIC Single
Handshake duration: 5.24 ms
Execution 277 - QUIC Single
Handshake duration: 5.34 ms
Execution 278 - QUIC Single
Handshake duration: 5.99 ms
Execution 279 - QUIC Single
Handshake duration: 5.42 ms
Execution 280 - QUIC Single
Handshake duration: 5.13 ms
Execution 281 - QUIC Single
Handshake duration: 5.04 ms
Execution 282 - QUIC Single
Handshake duration: 5.37 ms
Execution 283 - QUIC Single
Handshake duration: 5.12 ms
Execution 284 - QUIC Single
Handshake duration: 7.20 ms
Execution 285 - QUIC Single
Handshake duration: 5.07 ms
Execution 286 - QUIC Single
Handshake duration: 5.20 ms
Execution 287 - QUIC Single
Handshake duration: 5.12 ms
Execution 288 - QUIC Single
Handshake duration: 5.14 ms
Execution 289 - QUIC Single
Handshake duration: 5.05 ms
Execution 290 - QUIC Single
Handshake duration: 5.59 ms
Execution 291 - QUIC Single
Handshake duration: 5.06 ms
Execution 292 - QUIC Single
Handshake duration: 5.35 ms
Execution 293 - QUIC Single
Handshake duration: 5.12 ms
Execution 294 - QUIC Single
Handshake duration: 5.13 ms
Execution 295 - QUIC Single
Handshake duration: 7.29 ms
Execution 296 - QUIC Single
Handshake duration: 5.12 ms
Execution 297 - QUIC Single
Handshake duration: 5.16 ms
Execution 298 - QUIC Single
Handshake duration: 5.43 ms
Execution 299 - QUIC Single
Handshake duration: 5.08 ms
Execution 300 - QUIC Single
Handshake duration: 5.53 ms
Execution 301 - QUIC Single
Handshake duration: 5.08 ms
Execution 302 - QUIC Single
Handshake duration: 5.10 ms
Execution 303 - QUIC Single
Handshake duration: 5.22 ms
Execution 304 - QUIC Single
Handshake duration: 5.09 ms
Execution 305 - QUIC Single
Handshake duration: 5.65 ms
Execution 306 - QUIC Single
Handshake duration: 5.11 ms
Execution 307 - QUIC Single
Handshake duration: 5.34 ms
Execution 308 - QUIC Single
Handshake duration: 5.05 ms
Execution 309 - QUIC Single
Handshake duration: 5.31 ms
Execution 310 - QUIC Single
Handshake duration: 5.09 ms
Execution 311 - QUIC Single
Handshake duration: 4.99 ms
Execution 312 - QUIC Single
Handshake duration: 5.29 ms
Execution 313 - QUIC Single
Handshake duration: 5.42 ms
Execution 314 - QUIC Single
Handshake duration: 5.16 ms
Execution 315 - QUIC Single
Handshake duration: 7.15 ms
Execution 316 - QUIC Single
Handshake duration: 5.41 ms
Execution 317 - QUIC Single
Handshake duration: 5.04 ms
Execution 318 - QUIC Single
Handshake duration: 7.18 ms
Execution 319 - QUIC Single
Handshake duration: 5.01 ms
Execution 320 - QUIC Single
Handshake duration: 7.11 ms
Execution 321 - QUIC Single
Handshake duration: 5.28 ms
Execution 322 - QUIC Single
Handshake duration: 5.11 ms
Execution 323 - QUIC Single
Handshake duration: 5.43 ms
Execution 324 - QUIC Single
Handshake duration: 5.36 ms
Execution 325 - QUIC Single
Handshake duration: 5.29 ms
Execution 326 - QUIC Single
Handshake duration: 5.49 ms
Execution 327 - QUIC Single
Handshake duration: 5.60 ms
Execution 328 - QUIC Single
Handshake duration: 5.27 ms
Execution 329 - QUIC Single
Handshake duration: 5.18 ms
Execution 330 - QUIC Single
Handshake duration: 5.27 ms
Execution 331 - QUIC Single
Handshake duration: 5.30 ms
Execution 332 - QUIC Single
Handshake duration: 7.17 ms
Execution 333 - QUIC Single
Handshake duration: 5.61 ms
Execution 334 - QUIC Single
Handshake duration: 7.45 ms
Execution 335 - QUIC Single
Handshake duration: 5.17 ms
Execution 336 - QUIC Single
Handshake duration: 5.20 ms
Execution 337 - QUIC Single
Handshake duration: 5.06 ms
Execution 338 - QUIC Single
Handshake duration: 7.28 ms
Execution 339 - QUIC Single
Handshake duration: 5.36 ms
Execution 340 - QUIC Single
Handshake duration: 5.13 ms
Execution 341 - QUIC Single
Handshake duration: 5.02 ms
Execution 342 - QUIC Single
Handshake duration: 5.19 ms
Execution 343 - QUIC Single
Handshake duration: 4.99 ms
Execution 344 - QUIC Single
Handshake duration: 5.51 ms
Execution 345 - QUIC Single
Handshake duration: 4.97 ms
Execution 346 - QUIC Single
Handshake duration: 5.08 ms
Execution 347 - QUIC Single
Handshake duration: 6.47 ms
Execution 348 - QUIC Single
Handshake duration: 5.18 ms
Execution 349 - QUIC Single
Handshake duration: 5.17 ms
Execution 350 - QUIC Single
Handshake duration: 5.23 ms
Execution 351 - QUIC Single
Handshake duration: 5.50 ms
Execution 352 - QUIC Single
Handshake duration: 5.34 ms
Execution 353 - QUIC Single
Handshake duration: 5.52 ms
Execution 354 - QUIC Single
Handshake duration: 5.22 ms
Execution 355 - QUIC Single
Handshake duration: 5.37 ms
Execution 356 - QUIC Single
Handshake duration: 5.70 ms
Execution 357 - QUIC Single
Handshake duration: 5.16 ms
Execution 358 - QUIC Single
Handshake duration: 6.82 ms
Execution 359 - QUIC Single
Handshake duration: 7.18 ms
Execution 360 - QUIC Single
Handshake duration: 7.16 ms
Execution 361 - QUIC Single
Handshake duration: 5.46 ms
Execution 362 - QUIC Single
Handshake duration: 5.10 ms
Execution 363 - QUIC Single
Handshake duration: 5.14 ms
Execution 364 - QUIC Single
Handshake duration: 5.00 ms
Execution 365 - QUIC Single
Handshake duration: 5.01 ms
Execution 366 - QUIC Single
Handshake duration: 5.70 ms
Execution 367 - QUIC Single
Handshake duration: 8.12 ms
Execution 368 - QUIC Single
Handshake duration: 5.12 ms
Execution 369 - QUIC Single
Handshake duration: 5.13 ms
Execution 370 - QUIC Single
Handshake duration: 5.33 ms
Execution 371 - QUIC Single
Handshake duration: 5.26 ms
Execution 372 - QUIC Single
Handshake duration: 6.88 ms
Execution 373 - QUIC Single
Handshake duration: 5.30 ms
Execution 374 - QUIC Single
Handshake duration: 5.23 ms
Execution 375 - QUIC Single
Handshake duration: 5.03 ms
Execution 376 - QUIC Single
Handshake duration: 5.26 ms
Execution 377 - QUIC Single
Handshake duration: 5.25 ms
Execution 378 - QUIC Single
Handshake duration: 7.14 ms
Execution 379 - QUIC Single
Handshake duration: 5.25 ms
Execution 380 - QUIC Single
Handshake duration: 5.02 ms
Execution 381 - QUIC Single
Handshake duration: 5.07 ms
Execution 382 - QUIC Single
Handshake duration: 7.47 ms
Execution 383 - QUIC Single
Handshake duration: 5.17 ms
Execution 384 - QUIC Single
Handshake duration: 5.14 ms
Execution 385 - QUIC Single
Handshake duration: 5.07 ms
Execution 386 - QUIC Single
Handshake duration: 7.27 ms
Execution 387 - QUIC Single
Handshake duration: 5.08 ms
Execution 388 - QUIC Single
Handshake duration: 6.58 ms
Execution 389 - QUIC Single
Handshake duration: 6.76 ms
Execution 390 - QUIC Single
Handshake duration: 5.07 ms
Execution 391 - QUIC Single
Handshake duration: 5.12 ms
Execution 392 - QUIC Single
Handshake duration: 5.21 ms
Execution 393 - QUIC Single
Handshake duration: 5.36 ms
Execution 394 - QUIC Single
Handshake duration: 5.21 ms
Execution 395 - QUIC Single
Handshake duration: 5.31 ms
Execution 396 - QUIC Single
Handshake duration: 8.06 ms
Execution 397 - QUIC Single
Handshake duration: 5.41 ms
Execution 398 - QUIC Single
Handshake duration: 7.35 ms
Execution 399 - QUIC Single
Handshake duration: 5.11 ms
Execution 400 - QUIC Single
Handshake duration: 5.14 ms
Execution 401 - QUIC Single
Handshake duration: 5.33 ms
Execution 402 - QUIC Single
Handshake duration: 7.64 ms
Execution 403 - QUIC Single
Handshake duration: 5.10 ms
Execution 404 - QUIC Single
Handshake duration: 5.07 ms
Execution 405 - QUIC Single
Handshake duration: 5.16 ms
Execution 406 - QUIC Single
Handshake duration: 5.14 ms
Execution 407 - QUIC Single
Handshake duration: 5.37 ms
Execution 408 - QUIC Single
Handshake duration: 6.37 ms
Execution 409 - QUIC Single
Handshake duration: 5.12 ms
Execution 410 - QUIC Single
Handshake duration: 5.07 ms
Execution 411 - QUIC Single
Handshake duration: 5.06 ms
Execution 412 - QUIC Single
Handshake duration: 5.14 ms
Execution 413 - QUIC Single
Handshake duration: 5.07 ms
Execution 414 - QUIC Single
Handshake duration: 5.37 ms
Execution 415 - QUIC Single
Handshake duration: 5.04 ms
Execution 416 - QUIC Single
Handshake duration: 5.50 ms
Execution 417 - QUIC Single
Handshake duration: 5.17 ms
Execution 418 - QUIC Single
Handshake duration: 5.47 ms
Execution 419 - QUIC Single
Handshake duration: 5.35 ms
Execution 420 - QUIC Single
Handshake duration: 5.17 ms
Execution 421 - QUIC Single
Handshake duration: 5.08 ms
Execution 422 - QUIC Single
Handshake duration: 5.13 ms
Execution 423 - QUIC Single
Handshake duration: 6.39 ms
Execution 424 - QUIC Single
Handshake duration: 5.14 ms
Execution 425 - QUIC Single
Handshake duration: 6.42 ms
Execution 426 - QUIC Single
Handshake duration: 5.06 ms
Execution 427 - QUIC Single
Handshake duration: 5.18 ms
Execution 428 - QUIC Single
Handshake duration: 5.34 ms
Execution 429 - QUIC Single
Handshake duration: 5.71 ms
Execution 430 - QUIC Single
Handshake duration: 5.29 ms
Execution 431 - QUIC Single
Handshake duration: 5.43 ms
Execution 432 - QUIC Single
Handshake duration: 6.32 ms
Execution 433 - QUIC Single
Handshake duration: 5.23 ms
Execution 434 - QUIC Single
Handshake duration: 5.06 ms
Execution 435 - QUIC Single
Handshake duration: 7.44 ms
Execution 436 - QUIC Single
Handshake duration: 5.33 ms
Execution 437 - QUIC Single
Handshake duration: 5.01 ms
Execution 438 - QUIC Single
Handshake duration: 5.52 ms
Execution 439 - QUIC Single
Handshake duration: 5.04 ms
Execution 440 - QUIC Single
Handshake duration: 5.44 ms
Execution 441 - QUIC Single
Handshake duration: 7.14 ms
Execution 442 - QUIC Single
Handshake duration: 5.08 ms
Execution 443 - QUIC Single
Handshake duration: 5.09 ms
Execution 444 - QUIC Single
Handshake duration: 5.33 ms
Execution 445 - QUIC Single
Handshake duration: 5.34 ms
Execution 446 - QUIC Single
Handshake duration: 5.41 ms
Execution 447 - QUIC Single
Handshake duration: 5.58 ms
Execution 448 - QUIC Single
Handshake duration: 5.11 ms
Execution 449 - QUIC Single
Handshake duration: 5.42 ms
Execution 450 - QUIC Single
Handshake duration: 5.58 ms
Execution 451 - QUIC Single
Handshake duration: 5.53 ms
Execution 452 - QUIC Single
Handshake duration: 5.01 ms
Execution 453 - QUIC Single
Handshake duration: 5.25 ms
Execution 454 - QUIC Single
Handshake duration: 6.40 ms
Execution 455 - QUIC Single
Handshake duration: 5.12 ms
Execution 456 - QUIC Single
Handshake duration: 7.11 ms
Execution 457 - QUIC Single
Handshake duration: 5.02 ms
Execution 458 - QUIC Single
Handshake duration: 5.17 ms
Execution 459 - QUIC Single
Handshake duration: 5.28 ms
Execution 460 - QUIC Single
Handshake duration: 5.77 ms
Execution 461 - QUIC Single
Handshake duration: 5.04 ms
Execution 462 - QUIC Single
Handshake duration: 5.18 ms
Execution 463 - QUIC Single
Handshake duration: 5.17 ms
Execution 464 - QUIC Single
Handshake duration: 7.58 ms
Execution 465 - QUIC Single
Handshake duration: 5.21 ms
Execution 466 - QUIC Single
Handshake duration: 5.02 ms
Execution 467 - QUIC Single
Handshake duration: 5.29 ms
Execution 468 - QUIC Single
Handshake duration: 5.16 ms
Execution 469 - QUIC Single
Handshake duration: 5.41 ms
Execution 470 - QUIC Single
Handshake duration: 5.32 ms
Execution 471 - QUIC Single
Handshake duration: 7.16 ms
Execution 472 - QUIC Single
Handshake duration: 7.03 ms
Execution 473 - QUIC Single
Handshake duration: 7.28 ms
Execution 474 - QUIC Single
Handshake duration: 5.05 ms
Execution 475 - QUIC Single
Handshake duration: 6.50 ms
Execution 476 - QUIC Single
Handshake duration: 6.61 ms
Execution 477 - QUIC Single
Handshake duration: 6.41 ms
Execution 478 - QUIC Single
Handshake duration: 6.35 ms
Execution 479 - QUIC Single
Handshake duration: 5.13 ms
Execution 480 - QUIC Single
Handshake duration: 6.72 ms
Execution 481 - QUIC Single
Handshake duration: 5.03 ms
Execution 482 - QUIC Single
Handshake duration: 5.10 ms
Execution 483 - QUIC Single
Handshake duration: 5.17 ms
Execution 484 - QUIC Single
Handshake duration: 5.22 ms
Execution 485 - QUIC Single
Handshake duration: 5.33 ms
Execution 486 - QUIC Single
Handshake duration: 7.13 ms
Execution 487 - QUIC Single
Handshake duration: 5.18 ms
Execution 488 - QUIC Single
Handshake duration: 7.67 ms
Execution 489 - QUIC Single
Handshake duration: 5.15 ms
Execution 490 - QUIC Single
Handshake duration: 5.12 ms
Execution 491 - QUIC Single
Handshake duration: 5.24 ms
Execution 492 - QUIC Single
Handshake duration: 5.32 ms
Execution 493 - QUIC Single
Handshake duration: 5.33 ms
Execution 494 - QUIC Single
Handshake duration: 5.24 ms
Execution 495 - QUIC Single
Handshake duration: 9.82 ms
Execution 496 - QUIC Single
Handshake duration: 5.22 ms
Execution 497 - QUIC Single
Handshake duration: 5.18 ms
Execution 498 - QUIC Single
Handshake duration: 6.32 ms
Execution 499 - QUIC Single
Handshake duration: 7.34 ms
Execution 500 - QUIC Single
Handshake duration: 5.15 ms
     Waiting  ... 
   Shutting down server and impairments...

****************
  -> KEM: x448

    Executing docker Server...
servidor
cliente
./Launcherv3_pq_hqc_ge_rerun.sh : ligne 309 : 41278 Processus arrêté      /usr/local/bin/pumba netem --duration 1h --interface $NETIF loss-gemodel --pg "${args[0]}" --pb "${args[1]}" --one-h "${args[2]}" --one-k "${args[3]}" "$OQS_SERVER"
2b781aaa2f3cc3f4aa4d1921e083b077bbe2dcad498e52b99135b3276c56275c
    Buscando IP.. 
    IP..  172.18.0.2
   ↳ Applying unstable network profile (loss-gemodel pg20 pb40 h90 k20)
   ✔ Pumba PID 46136 confirmed running (SIG=secp384r1 KEM=x448 PROTO=quic)
    Executing docker Client... 172.18.0.2
122c86f046f13fa3eca65417df6ed6df640f4dc44e5e39e6d59f1f081ecb2d70
cliente
     Docker cliente executed ... 

**************************
     Executing test  ... 
Applying netem rules to lo...
Showing qdisc status for the interface: lo
qdisc netem 8010: root refcnt 2 limit 1000 seed 14971091760790305141
 Sent 0 bytes 0 pkt (dropped 0, overlimits 0 requeues 0) 
 backlog 0b 0p requeues 0
Running ./perftestClientTlsQuic.sh with SIG_ALG=secp384r1 and KEM_ALG=x448
Execution 1 - QUIC Single
Handshake duration: 4.02 ms
Execution 2 - QUIC Single
Handshake duration: 4.79 ms
Execution 3 - QUIC Single
Handshake duration: 4.05 ms
Execution 4 - QUIC Single
Handshake duration: 3.90 ms
Execution 5 - QUIC Single
Handshake duration: 4.67 ms
Execution 6 - QUIC Single
Handshake duration: 3.97 ms
Execution 7 - QUIC Single
Handshake duration: 3.66 ms
Execution 8 - QUIC Single
Handshake duration: 3.75 ms
Execution 9 - QUIC Single
Handshake duration: 3.84 ms
Execution 10 - QUIC Single
Handshake duration: 3.89 ms
Execution 11 - QUIC Single
Handshake duration: 3.78 ms
Execution 12 - QUIC Single
Handshake duration: 3.93 ms
Execution 13 - QUIC Single
Handshake duration: 4.55 ms
Execution 14 - QUIC Single
Handshake duration: 3.98 ms
Execution 15 - QUIC Single
Handshake duration: 3.77 ms
Execution 16 - QUIC Single
Handshake duration: 5.64 ms
Execution 17 - QUIC Single
Handshake duration: 3.90 ms
Execution 18 - QUIC Single
Handshake duration: 3.80 ms
Execution 19 - QUIC Single
Handshake duration: 3.72 ms
Execution 20 - QUIC Single
Handshake duration: 3.69 ms
Execution 21 - QUIC Single
Handshake duration: 4.20 ms
Execution 22 - QUIC Single
Handshake duration: 4.41 ms
Execution 23 - QUIC Single
Handshake duration: 3.79 ms
Execution 24 - QUIC Single
Handshake duration: 3.70 ms
Execution 25 - QUIC Single
Handshake duration: 4.43 ms
Execution 26 - QUIC Single
Handshake duration: 3.73 ms
Execution 27 - QUIC Single
Handshake duration: 4.35 ms
Execution 28 - QUIC Single
Handshake duration: 3.76 ms
Execution 29 - QUIC Single
Handshake duration: 5.56 ms
Execution 30 - QUIC Single
Handshake duration: 3.69 ms
Execution 31 - QUIC Single
Handshake duration: 4.02 ms
Execution 32 - QUIC Single
Handshake duration: 3.75 ms
Execution 33 - QUIC Single
Handshake duration: 3.75 ms
Execution 34 - QUIC Single
Handshake duration: 3.71 ms
Execution 35 - QUIC Single
Handshake duration: 4.10 ms
Execution 36 - QUIC Single
Handshake duration: 3.72 ms
Execution 37 - QUIC Single
Handshake duration: 3.73 ms
Execution 38 - QUIC Single
Handshake duration: 3.86 ms
Execution 39 - QUIC Single
Handshake duration: 5.35 ms
Execution 40 - QUIC Single
Handshake duration: 3.72 ms
Execution 41 - QUIC Single
Handshake duration: 3.77 ms
Execution 42 - QUIC Single
Handshake duration: 4.07 ms
Execution 43 - QUIC Single
Handshake duration: 3.97 ms
Execution 44 - QUIC Single
Handshake duration: 5.28 ms
Execution 45 - QUIC Single
Handshake duration: 4.30 ms
Execution 46 - QUIC Single
Handshake duration: 3.80 ms
Execution 47 - QUIC Single
Handshake duration: 4.08 ms
Execution 48 - QUIC Single
Handshake duration: 4.51 ms
Execution 49 - QUIC Single
Handshake duration: 4.58 ms
Execution 50 - QUIC Single
Handshake duration: 3.89 ms
Execution 51 - QUIC Single
Handshake duration: 3.74 ms
Execution 52 - QUIC Single
Handshake duration: 3.65 ms
Execution 53 - QUIC Single
Handshake duration: 6.21 ms
Execution 54 - QUIC Single
Handshake duration: 5.52 ms
Execution 55 - QUIC Single
Handshake duration: 4.00 ms
Execution 56 - QUIC Single
Handshake duration: 3.70 ms
Execution 57 - QUIC Single
Handshake duration: 3.77 ms
Execution 58 - QUIC Single
Handshake duration: 5.39 ms
Execution 59 - QUIC Single
Handshake duration: 4.63 ms
Execution 60 - QUIC Single
Handshake duration: 5.29 ms
Execution 61 - QUIC Single
Handshake duration: 5.09 ms
Execution 62 - QUIC Single
Handshake duration: 4.38 ms
Execution 63 - QUIC Single
Handshake duration: 3.80 ms
Execution 64 - QUIC Single
Handshake duration: 4.00 ms
Execution 65 - QUIC Single
Handshake duration: 5.17 ms
Execution 66 - QUIC Single
Handshake duration: 3.77 ms
Execution 67 - QUIC Single
Handshake duration: 3.95 ms
Execution 68 - QUIC Single
Handshake duration: 4.71 ms
Execution 69 - QUIC Single
Handshake duration: 3.92 ms
Execution 70 - QUIC Single
Handshake duration: 3.76 ms
Execution 71 - QUIC Single
Handshake duration: 3.77 ms
Execution 72 - QUIC Single
Handshake duration: 5.29 ms
Execution 73 - QUIC Single
Handshake duration: 3.78 ms
Execution 74 - QUIC Single
Handshake duration: 3.69 ms
Execution 75 - QUIC Single
Handshake duration: 3.85 ms
Execution 76 - QUIC Single
Handshake duration: 5.45 ms
Execution 77 - QUIC Single
Handshake duration: 3.94 ms
Execution 78 - QUIC Single
Handshake duration: 3.73 ms
Execution 79 - QUIC Single
Handshake duration: 5.27 ms
Execution 80 - QUIC Single
Handshake duration: 3.70 ms
Execution 81 - QUIC Single
Handshake duration: 4.23 ms
Execution 82 - QUIC Single
Handshake duration: 3.84 ms
Execution 83 - QUIC Single
Handshake duration: 4.89 ms
Execution 84 - QUIC Single
Handshake duration: 3.77 ms
Execution 85 - QUIC Single
Handshake duration: 3.84 ms
Execution 86 - QUIC Single
Handshake duration: 3.90 ms
Execution 87 - QUIC Single
Handshake duration: 3.98 ms
Execution 88 - QUIC Single
Handshake duration: 3.73 ms
Execution 89 - QUIC Single
Handshake duration: 3.90 ms
Execution 90 - QUIC Single
Handshake duration: 3.93 ms
Execution 91 - QUIC Single
Handshake duration: 4.72 ms
Execution 92 - QUIC Single
Handshake duration: 5.33 ms
Execution 93 - QUIC Single
Handshake duration: 3.81 ms
Execution 94 - QUIC Single
Handshake duration: 3.73 ms
Execution 95 - QUIC Single
Handshake duration: 3.83 ms
Execution 96 - QUIC Single
Handshake duration: 4.85 ms
Execution 97 - QUIC Single
Handshake duration: 4.23 ms
Execution 98 - QUIC Single
Handshake duration: 3.96 ms
Execution 99 - QUIC Single
Handshake duration: 3.72 ms
Execution 100 - QUIC Single
Handshake duration: 3.75 ms
Execution 101 - QUIC Single
Handshake duration: 3.74 ms
Execution 102 - QUIC Single
Handshake duration: 3.75 ms
Execution 103 - QUIC Single
Handshake duration: 3.70 ms
Execution 104 - QUIC Single
Handshake duration: 5.76 ms
Execution 105 - QUIC Single
Handshake duration: 5.16 ms
Execution 106 - QUIC Single
Handshake duration: 4.14 ms
Execution 107 - QUIC Single
Handshake duration: 4.18 ms
Execution 108 - QUIC Single
Handshake duration: 6.33 ms
Execution 109 - QUIC Single
Handshake duration: 3.77 ms
Execution 110 - QUIC Single
Handshake duration: 5.49 ms
Execution 111 - QUIC Single
Handshake duration: 3.74 ms
Execution 112 - QUIC Single
Handshake duration: 4.04 ms
Execution 113 - QUIC Single
Handshake duration: 4.94 ms
Execution 114 - QUIC Single
Handshake duration: 3.78 ms
Execution 115 - QUIC Single
Handshake duration: 3.73 ms
Execution 116 - QUIC Single
Handshake duration: 3.74 ms
Execution 117 - QUIC Single
Handshake duration: 3.87 ms
Execution 118 - QUIC Single
Handshake duration: 3.75 ms
Execution 119 - QUIC Single
Handshake duration: 5.11 ms
Execution 120 - QUIC Single
Handshake duration: 5.11 ms
Execution 121 - QUIC Single
Handshake duration: 4.18 ms
Execution 122 - QUIC Single
Handshake duration: 3.79 ms
Execution 123 - QUIC Single
Handshake duration: 4.17 ms
Execution 124 - QUIC Single
Handshake duration: 4.21 ms
Execution 125 - QUIC Single
Handshake duration: 4.78 ms
Execution 126 - QUIC Single
Handshake duration: 3.73 ms
Execution 127 - QUIC Single
Handshake duration: 5.47 ms
Execution 128 - QUIC Single
Handshake duration: 3.76 ms
Execution 129 - QUIC Single
Handshake duration: 3.72 ms
Execution 130 - QUIC Single
Handshake duration: 3.66 ms
Execution 131 - QUIC Single
Handshake duration: 3.77 ms
Execution 132 - QUIC Single
Handshake duration: 3.74 ms
Execution 133 - QUIC Single
Handshake duration: 4.33 ms
Execution 134 - QUIC Single
Handshake duration: 3.74 ms
Execution 135 - QUIC Single
Handshake duration: 3.87 ms
Execution 136 - QUIC Single
Handshake duration: 3.70 ms
Execution 137 - QUIC Single
Handshake duration: 3.69 ms
Execution 138 - QUIC Single
Handshake duration: 3.90 ms
Execution 139 - QUIC Single
Handshake duration: 4.55 ms
Execution 140 - QUIC Single
Handshake duration: 3.74 ms
Execution 141 - QUIC Single
Handshake duration: 3.76 ms
Execution 142 - QUIC Single
Handshake duration: 3.70 ms
Execution 143 - QUIC Single
Handshake duration: 5.55 ms
Execution 144 - QUIC Single
Handshake duration: 4.50 ms
Execution 145 - QUIC Single
Handshake duration: 4.49 ms
Execution 146 - QUIC Single
Handshake duration: 3.70 ms
Execution 147 - QUIC Single
Handshake duration: 3.77 ms
Execution 148 - QUIC Single
Handshake duration: 3.95 ms
Execution 149 - QUIC Single
Handshake duration: 3.84 ms
Execution 150 - QUIC Single
Handshake duration: 4.04 ms
Execution 151 - QUIC Single
Handshake duration: 3.70 ms
Execution 152 - QUIC Single
Handshake duration: 5.39 ms
Execution 153 - QUIC Single
Handshake duration: 3.70 ms
Execution 154 - QUIC Single
Handshake duration: 3.94 ms
Execution 155 - QUIC Single
Handshake duration: 3.71 ms
Execution 156 - QUIC Single
Handshake duration: 5.60 ms
Execution 157 - QUIC Single
Handshake duration: 3.65 ms
Execution 158 - QUIC Single
Handshake duration: 3.95 ms
Execution 159 - QUIC Single
Handshake duration: 3.70 ms
Execution 160 - QUIC Single
Handshake duration: 5.54 ms
Execution 161 - QUIC Single
Handshake duration: 4.49 ms
Execution 162 - QUIC Single
Handshake duration: 4.09 ms
Execution 163 - QUIC Single
Handshake duration: 4.13 ms
Execution 164 - QUIC Single
Handshake duration: 3.86 ms
Execution 165 - QUIC Single
Handshake duration: 5.34 ms
Execution 166 - QUIC Single
Handshake duration: 3.79 ms
Execution 167 - QUIC Single
Handshake duration: 5.27 ms
Execution 168 - QUIC Single
Handshake duration: 3.88 ms
Execution 169 - QUIC Single
Handshake duration: 4.49 ms
Execution 170 - QUIC Single
Handshake duration: 4.12 ms
Execution 171 - QUIC Single
Handshake duration: 3.75 ms
Execution 172 - QUIC Single
Handshake duration: 3.72 ms
Execution 173 - QUIC Single
Handshake duration: 3.70 ms
Execution 174 - QUIC Single
Handshake duration: 3.86 ms
Execution 175 - QUIC Single
Handshake duration: 3.77 ms
Execution 176 - QUIC Single
Handshake duration: 3.68 ms
Execution 177 - QUIC Single
Handshake duration: 4.68 ms
Execution 178 - QUIC Single
Handshake duration: 3.90 ms
Execution 179 - QUIC Single
Handshake duration: 3.74 ms
Execution 180 - QUIC Single
Handshake duration: 4.62 ms
Execution 181 - QUIC Single
Handshake duration: 5.79 ms
Execution 182 - QUIC Single
Handshake duration: 4.13 ms
Execution 183 - QUIC Single
Handshake duration: 4.78 ms
Execution 184 - QUIC Single
Handshake duration: 3.73 ms
Execution 185 - QUIC Single
Handshake duration: 5.95 ms
Execution 186 - QUIC Single
Handshake duration: 4.10 ms
Execution 187 - QUIC Single
Handshake duration: 4.63 ms
Execution 188 - QUIC Single
Handshake duration: 5.29 ms
Execution 189 - QUIC Single
Handshake duration: 3.70 ms
Execution 190 - QUIC Single
Handshake duration: 4.88 ms
Execution 191 - QUIC Single
Handshake duration: 3.74 ms
Execution 192 - QUIC Single
Handshake duration: 3.68 ms
Execution 193 - QUIC Single
Handshake duration: 3.95 ms
Execution 194 - QUIC Single
Handshake duration: 4.75 ms
Execution 195 - QUIC Single
Handshake duration: 3.77 ms
Execution 196 - QUIC Single
Handshake duration: 5.33 ms
Execution 197 - QUIC Single
Handshake duration: 3.95 ms
Execution 198 - QUIC Single
Handshake duration: 5.01 ms
Execution 199 - QUIC Single
Handshake duration: 3.84 ms
Execution 200 - QUIC Single
Handshake duration: 4.69 ms
Execution 201 - QUIC Single
Handshake duration: 4.51 ms
Execution 202 - QUIC Single
Handshake duration: 4.65 ms
Execution 203 - QUIC Single
Handshake duration: 4.28 ms
Execution 204 - QUIC Single
Handshake duration: 4.21 ms
Execution 205 - QUIC Single
Handshake duration: 4.51 ms
Execution 206 - QUIC Single
Handshake duration: 3.73 ms
Execution 207 - QUIC Single
Handshake duration: 3.70 ms
Execution 208 - QUIC Single
Handshake duration: 4.90 ms
Execution 209 - QUIC Single
Handshake duration: 4.13 ms
Execution 210 - QUIC Single
Handshake duration: 4.37 ms
Execution 211 - QUIC Single
Handshake duration: 4.50 ms
Execution 212 - QUIC Single
Handshake duration: 3.95 ms
Execution 213 - QUIC Single
Handshake duration: 4.50 ms
Execution 214 - QUIC Single
Handshake duration: 4.53 ms
Execution 215 - QUIC Single
Handshake duration: 3.70 ms
Execution 216 - QUIC Single
Handshake duration: 4.50 ms
Execution 217 - QUIC Single
Handshake duration: 3.77 ms
Execution 218 - QUIC Single
Handshake duration: 4.02 ms
Execution 219 - QUIC Single
Handshake duration: 5.02 ms
Execution 220 - QUIC Single
Handshake duration: 4.65 ms
Execution 221 - QUIC Single
Handshake duration: 4.82 ms
Execution 222 - QUIC Single
Handshake duration: 3.73 ms
Execution 223 - QUIC Single
Handshake duration: 3.89 ms
Execution 224 - QUIC Single
Handshake duration: 4.63 ms
Execution 225 - QUIC Single
Handshake duration: 3.80 ms
Execution 226 - QUIC Single
Handshake duration: 3.91 ms
Execution 227 - QUIC Single
Handshake duration: 3.67 ms
Execution 228 - QUIC Single
Handshake duration: 4.08 ms
Execution 229 - QUIC Single
Handshake duration: 4.68 ms
Execution 230 - QUIC Single
Handshake duration: 3.94 ms
Execution 231 - QUIC Single
Handshake duration: 3.73 ms
Execution 232 - QUIC Single
Handshake duration: 4.17 ms
Execution 233 - QUIC Single
Handshake duration: 4.53 ms
Execution 234 - QUIC Single
Handshake duration: 3.67 ms
Execution 235 - QUIC Single
Handshake duration: 3.83 ms
Execution 236 - QUIC Single
Handshake duration: 3.69 ms
Execution 237 - QUIC Single
Handshake duration: 3.67 ms
Execution 238 - QUIC Single
Handshake duration: 3.74 ms
Execution 239 - QUIC Single
Handshake duration: 4.57 ms
Execution 240 - QUIC Single
Handshake duration: 3.87 ms
Execution 241 - QUIC Single
Handshake duration: 5.74 ms
Execution 242 - QUIC Single
Handshake duration: 3.63 ms
Execution 243 - QUIC Single
Handshake duration: 4.53 ms
Execution 244 - QUIC Single
Handshake duration: 3.64 ms
Execution 245 - QUIC Single
Handshake duration: 5.32 ms
Execution 246 - QUIC Single
Handshake duration: 5.48 ms
Execution 247 - QUIC Single
Handshake duration: 4.50 ms
Execution 248 - QUIC Single
Handshake duration: 3.82 ms
Execution 249 - QUIC Single
Handshake duration: 4.54 ms
Execution 250 - QUIC Single
Handshake duration: 4.13 ms
Execution 251 - QUIC Single
Handshake duration: 5.75 ms
Execution 252 - QUIC Single
Handshake duration: 4.01 ms
Execution 253 - QUIC Single
Handshake duration: 3.73 ms
Execution 254 - QUIC Single
Handshake duration: 3.87 ms
Execution 255 - QUIC Single
Handshake duration: 3.69 ms
Execution 256 - QUIC Single
Handshake duration: 3.71 ms
Execution 257 - QUIC Single
Handshake duration: 3.72 ms
Execution 258 - QUIC Single
Handshake duration: 6.05 ms
Execution 259 - QUIC Single
Handshake duration: 6.62 ms
Execution 260 - QUIC Single
Handshake duration: 5.98 ms
Execution 261 - QUIC Single
Handshake duration: 3.96 ms
Execution 262 - QUIC Single
Handshake duration: 5.31 ms
Execution 263 - QUIC Single
Handshake duration: 5.86 ms
Execution 264 - QUIC Single
Handshake duration: 4.57 ms
Execution 265 - QUIC Single
Handshake duration: 5.59 ms
Execution 266 - QUIC Single
Handshake duration: 3.93 ms
Execution 267 - QUIC Single
Handshake duration: 5.66 ms
Execution 268 - QUIC Single
Handshake duration: 5.28 ms
Execution 269 - QUIC Single
Handshake duration: 4.54 ms
Execution 270 - QUIC Single
Handshake duration: 4.08 ms
Execution 271 - QUIC Single
Handshake duration: 5.37 ms
Execution 272 - QUIC Single
Handshake duration: 4.04 ms
Execution 273 - QUIC Single
Handshake duration: 3.68 ms
Execution 274 - QUIC Single
Handshake duration: 3.72 ms
Execution 275 - QUIC Single
Handshake duration: 3.71 ms
Execution 276 - QUIC Single
Handshake duration: 4.11 ms
Execution 277 - QUIC Single
Handshake duration: 3.76 ms
Execution 278 - QUIC Single
Handshake duration: 4.01 ms
Execution 279 - QUIC Single
Handshake duration: 4.48 ms
Execution 280 - QUIC Single
Handshake duration: 4.56 ms
Execution 281 - QUIC Single
Handshake duration: 5.28 ms
Execution 282 - QUIC Single
Handshake duration: 3.78 ms
Execution 283 - QUIC Single
Handshake duration: 4.51 ms
Execution 284 - QUIC Single
Handshake duration: 3.94 ms
Execution 285 - QUIC Single
Handshake duration: 3.80 ms
Execution 286 - QUIC Single
Handshake duration: 4.25 ms
Execution 287 - QUIC Single
Handshake duration: 3.64 ms
Execution 288 - QUIC Single
Handshake duration: 3.76 ms
Execution 289 - QUIC Single
Handshake duration: 4.54 ms
Execution 290 - QUIC Single
Handshake duration: 3.91 ms
Execution 291 - QUIC Single
Handshake duration: 3.85 ms
Execution 292 - QUIC Single
Handshake duration: 5.73 ms
Execution 293 - QUIC Single
Handshake duration: 3.82 ms
Execution 294 - QUIC Single
Handshake duration: 4.06 ms
Execution 295 - QUIC Single
Handshake duration: 3.70 ms
Execution 296 - QUIC Single
Handshake duration: 3.85 ms
Execution 297 - QUIC Single
Handshake duration: 3.73 ms
Execution 298 - QUIC Single
Handshake duration: 3.76 ms
Execution 299 - QUIC Single
Handshake duration: 4.38 ms
Execution 300 - QUIC Single
Handshake duration: 5.69 ms
Execution 301 - QUIC Single
Handshake duration: 3.63 ms
Execution 302 - QUIC Single
Handshake duration: 3.73 ms
Execution 303 - QUIC Single
Handshake duration: 3.88 ms
Execution 304 - QUIC Single
Handshake duration: 3.70 ms
Execution 305 - QUIC Single
Handshake duration: 3.78 ms
Execution 306 - QUIC Single
Handshake duration: 3.75 ms
Execution 307 - QUIC Single
Handshake duration: 3.95 ms
Execution 308 - QUIC Single
Handshake duration: 4.12 ms
Execution 309 - QUIC Single
Handshake duration: 3.89 ms
Execution 310 - QUIC Single
Handshake duration: 3.88 ms
Execution 311 - QUIC Single
Handshake duration: 3.71 ms
Execution 312 - QUIC Single
Handshake duration: 3.96 ms
Execution 313 - QUIC Single
Handshake duration: 3.75 ms
Execution 314 - QUIC Single
Handshake duration: 3.73 ms
Execution 315 - QUIC Single
Handshake duration: 3.76 ms
Execution 316 - QUIC Single
Handshake duration: 5.59 ms
Execution 317 - QUIC Single
Handshake duration: 3.72 ms
Execution 318 - QUIC Single
Handshake duration: 4.67 ms
Execution 319 - QUIC Single
Handshake duration: 4.52 ms
Execution 320 - QUIC Single
Handshake duration: 3.72 ms
Execution 321 - QUIC Single
Handshake duration: 3.72 ms
Execution 322 - QUIC Single
Handshake duration: 3.97 ms
Execution 323 - QUIC Single
Handshake duration: 4.87 ms
Execution 324 - QUIC Single
Handshake duration: 5.29 ms
Execution 325 - QUIC Single
Handshake duration: 4.61 ms
Execution 326 - QUIC Single
Handshake duration: 4.37 ms
Execution 327 - QUIC Single
Handshake duration: 3.73 ms
Execution 328 - QUIC Single
Handshake duration: 5.26 ms
Execution 329 - QUIC Single
Handshake duration: 3.82 ms
Execution 330 - QUIC Single
Handshake duration: 3.92 ms
Execution 331 - QUIC Single
Handshake duration: 5.81 ms
Execution 332 - QUIC Single
Handshake duration: 4.02 ms
Execution 333 - QUIC Single
Handshake duration: 3.71 ms
Execution 334 - QUIC Single
Handshake duration: 3.81 ms
Execution 335 - QUIC Single
Handshake duration: 3.73 ms
Execution 336 - QUIC Single
Handshake duration: 3.73 ms
Execution 337 - QUIC Single
Handshake duration: 3.68 ms
Execution 338 - QUIC Single
Handshake duration: 3.74 ms
Execution 339 - QUIC Single
Handshake duration: 4.82 ms
Execution 340 - QUIC Single
Handshake duration: 5.09 ms
Execution 341 - QUIC Single
Handshake duration: 4.28 ms
Execution 342 - QUIC Single
Handshake duration: 4.05 ms
Execution 343 - QUIC Single
Handshake duration: 4.57 ms
Execution 344 - QUIC Single
Handshake duration: 5.53 ms
Execution 345 - QUIC Single
Handshake duration: 3.65 ms
Execution 346 - QUIC Single
Handshake duration: 5.45 ms
Execution 347 - QUIC Single
Handshake duration: 3.79 ms
Execution 348 - QUIC Single
Handshake duration: 3.90 ms
Execution 349 - QUIC Single
Handshake duration: 4.54 ms
Execution 350 - QUIC Single
Handshake duration: 4.54 ms
Execution 351 - QUIC Single
Handshake duration: 3.76 ms
Execution 352 - QUIC Single
Handshake duration: 5.49 ms
Execution 353 - QUIC Single
Handshake duration: 5.28 ms
Execution 354 - QUIC Single
Handshake duration: 3.72 ms
Execution 355 - QUIC Single
Handshake duration: 3.77 ms
Execution 356 - QUIC Single
Handshake duration: 3.85 ms
Execution 357 - QUIC Single
Handshake duration: 3.69 ms
Execution 358 - QUIC Single
Handshake duration: 3.88 ms
Execution 359 - QUIC Single
Handshake duration: 3.95 ms
Execution 360 - QUIC Single
Handshake duration: 3.83 ms
Execution 361 - QUIC Single
Handshake duration: 4.35 ms
Execution 362 - QUIC Single
Handshake duration: 4.04 ms
Execution 363 - QUIC Single
Handshake duration: 3.94 ms
Execution 364 - QUIC Single
Handshake duration: 4.62 ms
Execution 365 - QUIC Single
Handshake duration: 4.93 ms
Execution 366 - QUIC Single
Handshake duration: 4.53 ms
Execution 367 - QUIC Single
Handshake duration: 4.51 ms
Execution 368 - QUIC Single
Handshake duration: 3.92 ms
Execution 369 - QUIC Single
Handshake duration: 3.79 ms
Execution 370 - QUIC Single
Handshake duration: 4.00 ms
Execution 371 - QUIC Single
Handshake duration: 5.86 ms
Execution 372 - QUIC Single
Handshake duration: 4.02 ms
Execution 373 - QUIC Single
Handshake duration: 5.02 ms
Execution 374 - QUIC Single
Handshake duration: 4.08 ms
Execution 375 - QUIC Single
Handshake duration: 3.65 ms
Execution 376 - QUIC Single
Handshake duration: 4.09 ms
Execution 377 - QUIC Single
Handshake duration: 3.71 ms
Execution 378 - QUIC Single
Handshake duration: 4.31 ms
Execution 379 - QUIC Single
Handshake duration: 4.59 ms
Execution 380 - QUIC Single
Handshake duration: 5.30 ms
Execution 381 - QUIC Single
Handshake duration: 3.81 ms
Execution 382 - QUIC Single
Handshake duration: 4.47 ms
Execution 383 - QUIC Single
Handshake duration: 4.63 ms
Execution 384 - QUIC Single
Handshake duration: 3.69 ms
Execution 385 - QUIC Single
Handshake duration: 3.66 ms
Execution 386 - QUIC Single
Handshake duration: 3.82 ms
Execution 387 - QUIC Single
Handshake duration: 3.92 ms
Execution 388 - QUIC Single
Handshake duration: 3.68 ms
Execution 389 - QUIC Single
Handshake duration: 3.87 ms
Execution 390 - QUIC Single
Handshake duration: 3.83 ms
Execution 391 - QUIC Single
Handshake duration: 3.88 ms
Execution 392 - QUIC Single
Handshake duration: 3.82 ms
Execution 393 - QUIC Single
Handshake duration: 4.48 ms
Execution 394 - QUIC Single
Handshake duration: 3.71 ms
Execution 395 - QUIC Single
Handshake duration: 4.52 ms
Execution 396 - QUIC Single
Handshake duration: 3.98 ms
Execution 397 - QUIC Single
Handshake duration: 3.72 ms
Execution 398 - QUIC Single
Handshake duration: 3.72 ms
Execution 399 - QUIC Single
Handshake duration: 4.55 ms
Execution 400 - QUIC Single
Handshake duration: 4.47 ms
Execution 401 - QUIC Single
Handshake duration: 3.68 ms
Execution 402 - QUIC Single
Handshake duration: 3.72 ms
Execution 403 - QUIC Single
Handshake duration: 5.57 ms
Execution 404 - QUIC Single
Handshake duration: 3.77 ms
Execution 405 - QUIC Single
Handshake duration: 3.92 ms
Execution 406 - QUIC Single
Handshake duration: 5.36 ms
Execution 407 - QUIC Single
Handshake duration: 5.45 ms
Execution 408 - QUIC Single
Handshake duration: 3.67 ms
Execution 409 - QUIC Single
Handshake duration: 3.94 ms
Execution 410 - QUIC Single
Handshake duration: 5.35 ms
Execution 411 - QUIC Single
Handshake duration: 3.91 ms
Execution 412 - QUIC Single
Handshake duration: 4.24 ms
Execution 413 - QUIC Single
Handshake duration: 3.76 ms
Execution 414 - QUIC Single
Handshake duration: 3.73 ms
Execution 415 - QUIC Single
Handshake duration: 3.73 ms
Execution 416 - QUIC Single
Handshake duration: 5.30 ms
Execution 417 - QUIC Single
Handshake duration: 3.81 ms
Execution 418 - QUIC Single
Handshake duration: 3.76 ms
Execution 419 - QUIC Single
Handshake duration: 5.31 ms
Execution 420 - QUIC Single
Handshake duration: 4.94 ms
Execution 421 - QUIC Single
Handshake duration: 3.91 ms
Execution 422 - QUIC Single
Handshake duration: 3.74 ms
Execution 423 - QUIC Single
Handshake duration: 3.92 ms
Execution 424 - QUIC Single
Handshake duration: 5.28 ms
Execution 425 - QUIC Single
Handshake duration: 3.80 ms
Execution 426 - QUIC Single
Handshake duration: 3.93 ms
Execution 427 - QUIC Single
Handshake duration: 4.05 ms
Execution 428 - QUIC Single
Handshake duration: 3.65 ms
Execution 429 - QUIC Single
Handshake duration: 3.87 ms
Execution 430 - QUIC Single
Handshake duration: 4.18 ms
Execution 431 - QUIC Single
Handshake duration: 3.86 ms
Execution 432 - QUIC Single
Handshake duration: 3.73 ms
Execution 433 - QUIC Single
Handshake duration: 3.73 ms
Execution 434 - QUIC Single
Handshake duration: 5.30 ms
Execution 435 - QUIC Single
Handshake duration: 3.73 ms
Execution 436 - QUIC Single
Handshake duration: 3.65 ms
Execution 437 - QUIC Single
Handshake duration: 3.68 ms
Execution 438 - QUIC Single
Handshake duration: 3.83 ms
Execution 439 - QUIC Single
Handshake duration: 3.94 ms
Execution 440 - QUIC Single
Handshake duration: 3.70 ms
Execution 441 - QUIC Single
Handshake duration: 3.72 ms
Execution 442 - QUIC Single
Handshake duration: 4.08 ms
Execution 443 - QUIC Single
Handshake duration: 3.81 ms
Execution 444 - QUIC Single
Handshake duration: 3.69 ms
Execution 445 - QUIC Single
Handshake duration: 3.72 ms
Execution 446 - QUIC Single
Handshake duration: 3.67 ms
Execution 447 - QUIC Single
Handshake duration: 5.69 ms
Execution 448 - QUIC Single
Handshake duration: 3.96 ms
Execution 449 - QUIC Single
Handshake duration: 3.75 ms
Execution 450 - QUIC Single
Handshake duration: 3.71 ms
Execution 451 - QUIC Single
Handshake duration: 3.74 ms
Execution 452 - QUIC Single
Handshake duration: 3.65 ms
Execution 453 - QUIC Single
Handshake duration: 3.84 ms
Execution 454 - QUIC Single
Handshake duration: 5.33 ms
Execution 455 - QUIC Single
Handshake duration: 3.76 ms
Execution 456 - QUIC Single
Handshake duration: 3.70 ms
Execution 457 - QUIC Single
Handshake duration: 3.82 ms
Execution 458 - QUIC Single
Handshake duration: 3.70 ms
Execution 459 - QUIC Single
Handshake duration: 4.05 ms
Execution 460 - QUIC Single
Handshake duration: 3.67 ms
Execution 461 - QUIC Single
Handshake duration: 3.80 ms
Execution 462 - QUIC Single
Handshake duration: 4.19 ms
Execution 463 - QUIC Single
Handshake duration: 3.77 ms
Execution 464 - QUIC Single
Handshake duration: 3.73 ms
Execution 465 - QUIC Single
Handshake duration: 3.65 ms
Execution 466 - QUIC Single
Handshake duration: 3.74 ms
Execution 467 - QUIC Single
Handshake duration: 4.03 ms
Execution 468 - QUIC Single
Handshake duration: 4.04 ms
Execution 469 - QUIC Single
Handshake duration: 4.29 ms
Execution 470 - QUIC Single
Handshake duration: 4.73 ms
Execution 471 - QUIC Single
Handshake duration: 3.78 ms
Execution 472 - QUIC Single
Handshake duration: 3.69 ms
Execution 473 - QUIC Single
Handshake duration: 3.71 ms
Execution 474 - QUIC Single
Handshake duration: 3.71 ms
Execution 475 - QUIC Single
Handshake duration: 3.64 ms
Execution 476 - QUIC Single
Handshake duration: 4.49 ms
Execution 477 - QUIC Single
Handshake duration: 4.75 ms
Execution 478 - QUIC Single
Handshake duration: 3.73 ms
Execution 479 - QUIC Single
Handshake duration: 4.78 ms
Execution 480 - QUIC Single
Handshake duration: 3.89 ms
Execution 481 - QUIC Single
Handshake duration: 3.81 ms
Execution 482 - QUIC Single
Handshake duration: 4.54 ms
Execution 483 - QUIC Single
Handshake duration: 3.72 ms
Execution 484 - QUIC Single
Handshake duration: 4.49 ms
Execution 485 - QUIC Single
Handshake duration: 4.56 ms
Execution 486 - QUIC Single
Handshake duration: 4.44 ms
Execution 487 - QUIC Single
Handshake duration: 4.14 ms
Execution 488 - QUIC Single
Handshake duration: 3.69 ms
Execution 489 - QUIC Single
Handshake duration: 3.68 ms
Execution 490 - QUIC Single
Handshake duration: 5.30 ms
Execution 491 - QUIC Single
Handshake duration: 3.80 ms
Execution 492 - QUIC Single
Handshake duration: 3.85 ms
Execution 493 - QUIC Single
Handshake duration: 5.05 ms
Execution 494 - QUIC Single
Handshake duration: 3.79 ms
Execution 495 - QUIC Single
Handshake duration: 3.74 ms
Execution 496 - QUIC Single
Handshake duration: 3.74 ms
Execution 497 - QUIC Single
Handshake duration: 3.73 ms
Execution 498 - QUIC Single
Handshake duration: 4.00 ms
Execution 499 - QUIC Single
Handshake duration: 3.88 ms
Execution 500 - QUIC Single
Handshake duration: 3.76 ms
     Waiting  ... 
   Shutting down server and impairments...

****************
  -> KEM: hqc192

    Executing docker Server...
servidor
cliente
./Launcherv3_pq_hqc_ge_rerun.sh : ligne 309 : 46136 Processus arrêté      /usr/local/bin/pumba netem --duration 1h --interface $NETIF loss-gemodel --pg "${args[0]}" --pb "${args[1]}" --one-h "${args[2]}" --one-k "${args[3]}" "$OQS_SERVER"
6aa27ef7488826bccb7590f56945e07308cd5e22de223dbfc34e735349a036f6
    Buscando IP.. 
    IP..  172.18.0.2
   ↳ Applying unstable network profile (loss-gemodel pg20 pb40 h90 k20)
   ✔ Pumba PID 50981 confirmed running (SIG=secp384r1 KEM=hqc192 PROTO=quic)
    Executing docker Client... 172.18.0.2
9045604e0d4ed7d8e67c2a7f7d1f6d9f224a2417c69380dec4bb668e769a81f4
cliente
     Docker cliente executed ... 

**************************
     Executing test  ... 
Applying netem rules to lo...
Showing qdisc status for the interface: lo
qdisc netem 8012: root refcnt 2 limit 1000 seed 6926870241820798506
 Sent 0 bytes 0 pkt (dropped 0, overlimits 0 requeues 0) 
 backlog 0b 0p requeues 0
Running ./perftestClientTlsQuic.sh with SIG_ALG=secp384r1 and KEM_ALG=hqc192
Execution 1 - QUIC Single
Handshake duration: 49.42 ms
Execution 2 - QUIC Single
Handshake duration: 45.42 ms
Execution 3 - QUIC Single
Handshake duration: 46.84 ms
Execution 4 - QUIC Single
Handshake duration: 45.73 ms
Execution 5 - QUIC Single
Handshake duration: 50.98 ms
Execution 6 - QUIC Single
Handshake duration: 47.41 ms
Execution 7 - QUIC Single
Handshake duration: 53.17 ms
Execution 8 - QUIC Single
Handshake duration: 45.98 ms
Execution 9 - QUIC Single
Handshake duration: 47.00 ms
Execution 10 - QUIC Single
Handshake duration: 46.13 ms
Execution 11 - QUIC Single
Handshake duration: 47.73 ms
Execution 12 - QUIC Single
Handshake duration: 50.04 ms
Execution 13 - QUIC Single
Handshake duration: 46.73 ms
Execution 14 - QUIC Single
Handshake duration: 52.58 ms
Execution 15 - QUIC Single
Handshake duration: 47.60 ms
Execution 16 - QUIC Single
Handshake duration: 45.56 ms
Execution 17 - QUIC Single
Handshake duration: 45.53 ms
Execution 18 - QUIC Single
Handshake duration: 62.65 ms
Execution 19 - QUIC Single
Handshake duration: 57.78 ms
Execution 20 - QUIC Single
Handshake duration: 45.55 ms
Execution 21 - QUIC Single
Handshake duration: 49.40 ms
Execution 22 - QUIC Single
Handshake duration: 45.88 ms
Execution 23 - QUIC Single
Handshake duration: 45.81 ms
Execution 24 - QUIC Single
Handshake duration: 46.98 ms
Execution 25 - QUIC Single
Handshake duration: 45.89 ms
Execution 26 - QUIC Single
Handshake duration: 45.52 ms
Execution 27 - QUIC Single
Handshake duration: 47.73 ms
Execution 28 - QUIC Single
Handshake duration: 47.68 ms
Execution 29 - QUIC Single
Handshake duration: 60.05 ms
Execution 30 - QUIC Single
Handshake duration: 46.13 ms
Execution 31 - QUIC Single
Handshake duration: 56.72 ms
Execution 32 - QUIC Single
Handshake duration: 46.52 ms
Execution 33 - QUIC Single
Handshake duration: 46.25 ms
Execution 34 - QUIC Single
Handshake duration: 45.61 ms
Execution 35 - QUIC Single
Handshake duration: 60.71 ms
Execution 36 - QUIC Single
Handshake duration: 62.38 ms
Execution 37 - QUIC Single
Handshake duration: 46.91 ms
Execution 38 - QUIC Single
Handshake duration: 45.80 ms
Execution 39 - QUIC Single
Handshake duration: 45.75 ms
Execution 40 - QUIC Single
Handshake duration: 46.71 ms
Execution 41 - QUIC Single
Handshake duration: 45.62 ms
Execution 42 - QUIC Single
Handshake duration: 58.26 ms
Execution 43 - QUIC Single
Handshake duration: 50.34 ms
Execution 44 - QUIC Single
Handshake duration: 45.73 ms
Execution 45 - QUIC Single
Handshake duration: 45.84 ms
Execution 46 - QUIC Single
Handshake duration: 58.89 ms
Execution 47 - QUIC Single
Handshake duration: 65.02 ms
Execution 48 - QUIC Single
Handshake duration: 58.87 ms
Execution 49 - QUIC Single
Handshake duration: 58.83 ms
Execution 50 - QUIC Single
Handshake duration: 48.23 ms
Execution 51 - QUIC Single
Handshake duration: 45.82 ms
Execution 52 - QUIC Single
Handshake duration: 45.67 ms
Execution 53 - QUIC Single
Handshake duration: 46.21 ms
Execution 54 - QUIC Single
Handshake duration: 45.55 ms
Execution 55 - QUIC Single
Handshake duration: 48.96 ms
Execution 56 - QUIC Single
Handshake duration: 46.45 ms
Execution 57 - QUIC Single
Handshake duration: 45.25 ms
Execution 58 - QUIC Single
Handshake duration: 61.13 ms
Execution 59 - QUIC Single
Handshake duration: 46.05 ms
Execution 60 - QUIC Single
Handshake duration: 58.42 ms
Execution 61 - QUIC Single
Handshake duration: 45.56 ms
Execution 62 - QUIC Single
Handshake duration: 50.83 ms
Execution 63 - QUIC Single
Handshake duration: 68.83 ms
Execution 64 - QUIC Single
Handshake duration: 52.77 ms
Execution 65 - QUIC Single
Handshake duration: 45.35 ms
Execution 66 - QUIC Single
Handshake duration: 45.28 ms
Execution 67 - QUIC Single
Handshake duration: 45.37 ms
Execution 68 - QUIC Single
Handshake duration: 45.56 ms
Execution 69 - QUIC Single
Handshake duration: 58.75 ms
Execution 70 - QUIC Single
Handshake duration: 60.12 ms
Execution 71 - QUIC Single
Handshake duration: 45.95 ms
Execution 72 - QUIC Single
Handshake duration: 59.18 ms
Execution 73 - QUIC Single
Handshake duration: 54.33 ms
Execution 74 - QUIC Single
Handshake duration: 45.50 ms
Execution 75 - QUIC Single
Handshake duration: 45.44 ms
Execution 76 - QUIC Single
Handshake duration: 45.90 ms
Execution 77 - QUIC Single
Handshake duration: 45.36 ms
Execution 78 - QUIC Single
Handshake duration: 50.59 ms
Execution 79 - QUIC Single
Handshake duration: 45.91 ms
Execution 80 - QUIC Single
Handshake duration: 55.19 ms
Execution 81 - QUIC Single
Handshake duration: 45.76 ms
Execution 82 - QUIC Single
Handshake duration: 57.95 ms
Execution 83 - QUIC Single
Handshake duration: 45.44 ms
Execution 84 - QUIC Single
Handshake duration: 63.43 ms
Execution 85 - QUIC Single
Handshake duration: 46.39 ms
Execution 86 - QUIC Single
Handshake duration: 55.11 ms
Execution 87 - QUIC Single
Handshake duration: 51.38 ms
Execution 88 - QUIC Single
Handshake duration: 50.40 ms
Execution 89 - QUIC Single
Handshake duration: 45.29 ms
Execution 90 - QUIC Single
Handshake duration: 46.38 ms
Execution 91 - QUIC Single
Handshake duration: 46.37 ms
Execution 92 - QUIC Single
Handshake duration: 59.72 ms
Execution 93 - QUIC Single
Handshake duration: 45.97 ms
Execution 94 - QUIC Single
Handshake duration: 45.74 ms
Execution 95 - QUIC Single
Handshake duration: 46.42 ms
Execution 96 - QUIC Single
Handshake duration: 46.79 ms
Execution 97 - QUIC Single
Handshake duration: 46.49 ms
Execution 98 - QUIC Single
Handshake duration: 46.22 ms
Execution 99 - QUIC Single
Handshake duration: 46.67 ms
Execution 100 - QUIC Single
Handshake duration: 45.48 ms
Execution 101 - QUIC Single
Handshake duration: 45.81 ms
Execution 102 - QUIC Single
Handshake duration: 46.53 ms
Execution 103 - QUIC Single
Handshake duration: 46.06 ms
Execution 104 - QUIC Single
Handshake duration: 46.37 ms
Execution 105 - QUIC Single
Handshake duration: 45.94 ms
Execution 106 - QUIC Single
Handshake duration: 46.16 ms
Execution 107 - QUIC Single
Handshake duration: 46.75 ms
Execution 108 - QUIC Single
Handshake duration: 46.76 ms
Execution 109 - QUIC Single
Handshake duration: 45.54 ms
Execution 110 - QUIC Single
Handshake duration: 45.88 ms
Execution 111 - QUIC Single
Handshake duration: 47.31 ms
Execution 112 - QUIC Single
Handshake duration: 46.34 ms
Execution 113 - QUIC Single
Handshake duration: 46.16 ms
Execution 114 - QUIC Single
Handshake duration: 46.55 ms
Execution 115 - QUIC Single
Handshake duration: 46.14 ms
Execution 116 - QUIC Single
Handshake duration: 45.48 ms
Execution 117 - QUIC Single
Handshake duration: 61.49 ms
Execution 118 - QUIC Single
Handshake duration: 45.23 ms
Execution 119 - QUIC Single
Handshake duration: 45.38 ms
Execution 120 - QUIC Single
Handshake duration: 50.65 ms
Execution 121 - QUIC Single
Handshake duration: 69.77 ms
Execution 122 - QUIC Single
Handshake duration: 45.25 ms
Execution 123 - QUIC Single
Handshake duration: 60.64 ms
Execution 124 - QUIC Single
Handshake duration: 45.53 ms
Execution 125 - QUIC Single
Handshake duration: 45.48 ms
Execution 126 - QUIC Single
Handshake duration: 56.06 ms
Execution 127 - QUIC Single
Handshake duration: 58.56 ms
Execution 128 - QUIC Single
Handshake duration: 45.81 ms
Execution 129 - QUIC Single
Handshake duration: 46.73 ms
Execution 130 - QUIC Single
Handshake duration: 45.75 ms
Execution 131 - QUIC Single
Handshake duration: 45.44 ms
Execution 132 - QUIC Single
Handshake duration: 48.27 ms
Execution 133 - QUIC Single
Handshake duration: 45.67 ms
Execution 134 - QUIC Single
Handshake duration: 45.35 ms
Execution 135 - QUIC Single
Handshake duration: 47.07 ms
Execution 136 - QUIC Single
Handshake duration: 53.91 ms
Execution 137 - QUIC Single
Handshake duration: 45.36 ms
Execution 138 - QUIC Single
Handshake duration: 47.84 ms
Execution 139 - QUIC Single
Handshake duration: 59.30 ms
Execution 140 - QUIC Single
Handshake duration: 46.74 ms
Execution 141 - QUIC Single
Handshake duration: 46.04 ms
Execution 142 - QUIC Single
Handshake duration: 45.37 ms
Execution 143 - QUIC Single
Handshake duration: 60.08 ms
Execution 144 - QUIC Single
Handshake duration: 45.99 ms
Execution 145 - QUIC Single
Handshake duration: 45.36 ms
Execution 146 - QUIC Single
Handshake duration: 45.74 ms
Execution 147 - QUIC Single
Handshake duration: 45.45 ms
Execution 148 - QUIC Single
Handshake duration: 46.08 ms
Execution 149 - QUIC Single
Handshake duration: 45.36 ms
Execution 150 - QUIC Single
Handshake duration: 46.75 ms
Execution 151 - QUIC Single
Handshake duration: 45.21 ms
Execution 152 - QUIC Single
Handshake duration: 45.90 ms
Execution 153 - QUIC Single
Handshake duration: 45.82 ms
Execution 154 - QUIC Single
Handshake duration: 45.27 ms
Execution 155 - QUIC Single
Handshake duration: 45.43 ms
Execution 156 - QUIC Single
Handshake duration: 58.97 ms
Execution 157 - QUIC Single
Handshake duration: 45.54 ms
Execution 158 - QUIC Single
Handshake duration: 45.32 ms
Execution 159 - QUIC Single
Handshake duration: 45.66 ms
Execution 160 - QUIC Single
Handshake duration: 46.51 ms
Execution 161 - QUIC Single
Handshake duration: 45.32 ms
Execution 162 - QUIC Single
Handshake duration: 45.71 ms
Execution 163 - QUIC Single
Handshake duration: 61.20 ms
Execution 164 - QUIC Single
Handshake duration: 56.76 ms
Execution 165 - QUIC Single
Handshake duration: 45.74 ms
Execution 166 - QUIC Single
Handshake duration: 46.15 ms
Execution 167 - QUIC Single
Handshake duration: 45.63 ms
Execution 168 - QUIC Single
Handshake duration: 46.04 ms
Execution 169 - QUIC Single
Handshake duration: 45.39 ms
Execution 170 - QUIC Single
Handshake duration: 47.67 ms
Execution 171 - QUIC Single
Handshake duration: 46.19 ms
Execution 172 - QUIC Single
Handshake duration: 49.92 ms
Execution 173 - QUIC Single
Handshake duration: 46.89 ms
Execution 174 - QUIC Single
Handshake duration: 46.02 ms
Execution 175 - QUIC Single
Handshake duration: 45.42 ms
Execution 176 - QUIC Single
Handshake duration: 45.52 ms
Execution 177 - QUIC Single
Handshake duration: 45.49 ms
Execution 178 - QUIC Single
Handshake duration: 46.27 ms
Execution 179 - QUIC Single
Handshake duration: 46.59 ms
Execution 180 - QUIC Single
Handshake duration: 45.67 ms
Execution 181 - QUIC Single
Handshake duration: 45.59 ms
Execution 182 - QUIC Single
Handshake duration: 45.80 ms
Execution 183 - QUIC Single
Handshake duration: 46.29 ms
Execution 184 - QUIC Single
Handshake duration: 45.61 ms
Execution 185 - QUIC Single
Handshake duration: 60.68 ms
Execution 186 - QUIC Single
Handshake duration: 45.61 ms
Execution 187 - QUIC Single
Handshake duration: 57.14 ms
Execution 188 - QUIC Single
Handshake duration: 46.02 ms
Execution 189 - QUIC Single
Handshake duration: 46.03 ms
Execution 190 - QUIC Single
Handshake duration: 45.34 ms
Execution 191 - QUIC Single
Handshake duration: 46.51 ms
Execution 192 - QUIC Single
Handshake duration: 45.95 ms
Execution 193 - QUIC Single
Handshake duration: 45.45 ms
Execution 194 - QUIC Single
Handshake duration: 46.65 ms
Execution 195 - QUIC Single
Handshake duration: 45.83 ms
Execution 196 - QUIC Single
Handshake duration: 46.19 ms
Execution 197 - QUIC Single
Handshake duration: 45.98 ms
Execution 198 - QUIC Single
Handshake duration: 45.76 ms
Execution 199 - QUIC Single
Handshake duration: 45.91 ms
Execution 200 - QUIC Single
Handshake duration: 47.19 ms
Execution 201 - QUIC Single
Handshake duration: 45.42 ms
Execution 202 - QUIC Single
Handshake duration: 45.61 ms
Execution 203 - QUIC Single
Handshake duration: 45.89 ms
Execution 204 - QUIC Single
Handshake duration: 45.59 ms
Execution 205 - QUIC Single
Handshake duration: 57.22 ms
Execution 206 - QUIC Single
Handshake duration: 45.76 ms
Execution 207 - QUIC Single
Handshake duration: 47.42 ms
Execution 208 - QUIC Single
Handshake duration: 45.50 ms
Execution 209 - QUIC Single
Handshake duration: 46.72 ms
Execution 210 - QUIC Single
Handshake duration: 45.75 ms
Execution 211 - QUIC Single
Handshake duration: 45.76 ms
Execution 212 - QUIC Single
Handshake duration: 46.14 ms
Execution 213 - QUIC Single
Handshake duration: 60.81 ms
Execution 214 - QUIC Single
Handshake duration: 45.40 ms
Execution 215 - QUIC Single
Handshake duration: 45.87 ms
Execution 216 - QUIC Single
Handshake duration: 45.79 ms
Execution 217 - QUIC Single
Handshake duration: 46.01 ms
Execution 218 - QUIC Single
Handshake duration: 48.18 ms
Execution 219 - QUIC Single
Handshake duration: 45.38 ms
Execution 220 - QUIC Single
Handshake duration: 45.72 ms
Execution 221 - QUIC Single
Handshake duration: 46.15 ms
Execution 222 - QUIC Single
Handshake duration: 45.30 ms
Execution 223 - QUIC Single
Handshake duration: 46.17 ms
Execution 224 - QUIC Single
Handshake duration: 47.23 ms
Execution 225 - QUIC Single
Handshake duration: 59.23 ms
Execution 226 - QUIC Single
Handshake duration: 45.84 ms
Execution 227 - QUIC Single
Handshake duration: 64.77 ms
Execution 228 - QUIC Single
Handshake duration: 45.23 ms
Execution 229 - QUIC Single
Handshake duration: 60.43 ms
Execution 230 - QUIC Single
Handshake duration: 46.47 ms
Execution 231 - QUIC Single
Handshake duration: 46.06 ms
Execution 232 - QUIC Single
Handshake duration: 45.28 ms
Execution 233 - QUIC Single
Handshake duration: 46.41 ms
Execution 234 - QUIC Single
Handshake duration: 46.33 ms
Execution 235 - QUIC Single
Handshake duration: 45.67 ms
Execution 236 - QUIC Single
Handshake duration: 46.54 ms
Execution 237 - QUIC Single
Handshake duration: 45.48 ms
Execution 238 - QUIC Single
Handshake duration: 45.39 ms
Execution 239 - QUIC Single
Handshake duration: 65.47 ms
Execution 240 - QUIC Single
Handshake duration: 55.97 ms
Execution 241 - QUIC Single
Handshake duration: 45.78 ms
Execution 242 - QUIC Single
Handshake duration: 52.41 ms
Execution 243 - QUIC Single
Handshake duration: 45.95 ms
Execution 244 - QUIC Single
Handshake duration: 45.63 ms
Execution 245 - QUIC Single
Handshake duration: 45.77 ms
Execution 246 - QUIC Single
Handshake duration: 45.21 ms
Execution 247 - QUIC Single
Handshake duration: 45.48 ms
Execution 248 - QUIC Single
Handshake duration: 47.23 ms
Execution 249 - QUIC Single
Handshake duration: 45.17 ms
Execution 250 - QUIC Single
Handshake duration: 45.66 ms
Execution 251 - QUIC Single
Handshake duration: 45.98 ms
Execution 252 - QUIC Single
Handshake duration: 53.69 ms
Execution 253 - QUIC Single
Handshake duration: 46.58 ms
Execution 254 - QUIC Single
Handshake duration: 45.79 ms
Execution 255 - QUIC Single
Handshake duration: 46.65 ms
Execution 256 - QUIC Single
Handshake duration: 61.09 ms
Execution 257 - QUIC Single
Handshake duration: 45.83 ms
Execution 258 - QUIC Single
Handshake duration: 55.67 ms
Execution 259 - QUIC Single
Handshake duration: 46.84 ms
Execution 260 - QUIC Single
Handshake duration: 61.94 ms
Execution 261 - QUIC Single
Handshake duration: 45.94 ms
Execution 262 - QUIC Single
Handshake duration: 45.58 ms
Execution 263 - QUIC Single
Handshake duration: 45.29 ms
Execution 264 - QUIC Single
Handshake duration: 45.58 ms
Execution 265 - QUIC Single
Handshake duration: 46.75 ms
Execution 266 - QUIC Single
Handshake duration: 46.00 ms
Execution 267 - QUIC Single
Handshake duration: 45.68 ms
Execution 268 - QUIC Single
Handshake duration: 50.27 ms
Execution 269 - QUIC Single
Handshake duration: 46.27 ms
Execution 270 - QUIC Single
Handshake duration: 45.29 ms
Execution 271 - QUIC Single
Handshake duration: 46.22 ms
Execution 272 - QUIC Single
Handshake duration: 46.02 ms
Execution 273 - QUIC Single
Handshake duration: 45.69 ms
Execution 274 - QUIC Single
Handshake duration: 47.16 ms
Execution 275 - QUIC Single
Handshake duration: 46.13 ms
Execution 276 - QUIC Single
Handshake duration: 46.01 ms
Execution 277 - QUIC Single
Handshake duration: 45.88 ms
Execution 278 - QUIC Single
Handshake duration: 46.54 ms
Execution 279 - QUIC Single
Handshake duration: 50.23 ms
Execution 280 - QUIC Single
Handshake duration: 46.09 ms
Execution 281 - QUIC Single
Handshake duration: 45.74 ms
Execution 282 - QUIC Single
Handshake duration: 45.97 ms
Execution 283 - QUIC Single
Handshake duration: 46.05 ms
Execution 284 - QUIC Single
Handshake duration: 45.56 ms
Execution 285 - QUIC Single
Handshake duration: 45.59 ms
Execution 286 - QUIC Single
Handshake duration: 45.86 ms
Execution 287 - QUIC Single
Handshake duration: 46.63 ms
Execution 288 - QUIC Single
Handshake duration: 60.93 ms
Execution 289 - QUIC Single
Handshake duration: 59.14 ms
Execution 290 - QUIC Single
Handshake duration: 45.98 ms
Execution 291 - QUIC Single
Handshake duration: 45.45 ms
Execution 292 - QUIC Single
Handshake duration: 55.58 ms
Execution 293 - QUIC Single
Handshake duration: 57.86 ms
Execution 294 - QUIC Single
Handshake duration: 45.28 ms
Execution 295 - QUIC Single
Handshake duration: 62.60 ms
Execution 296 - QUIC Single
Handshake duration: 62.34 ms
Execution 297 - QUIC Single
Handshake duration: 45.50 ms
Execution 298 - QUIC Single
Handshake duration: 45.89 ms
Execution 299 - QUIC Single
Handshake duration: 45.73 ms
Execution 300 - QUIC Single
Handshake duration: 45.70 ms
Execution 301 - QUIC Single
Handshake duration: 64.66 ms
Execution 302 - QUIC Single
Handshake duration: 45.41 ms
Execution 303 - QUIC Single
Handshake duration: 46.04 ms
Execution 304 - QUIC Single
Handshake duration: 45.86 ms
Execution 305 - QUIC Single
Handshake duration: 45.31 ms
Execution 306 - QUIC Single
Handshake duration: 60.61 ms
Execution 307 - QUIC Single
Handshake duration: 46.28 ms
Execution 308 - QUIC Single
Handshake duration: 61.26 ms
Execution 309 - QUIC Single
Handshake duration: 47.01 ms
Execution 310 - QUIC Single
Handshake duration: 45.54 ms
Execution 311 - QUIC Single
Handshake duration: 45.43 ms
Execution 312 - QUIC Single
Handshake duration: 46.09 ms
Execution 313 - QUIC Single
Handshake duration: 47.48 ms
Execution 314 - QUIC Single
Handshake duration: 47.62 ms
Execution 315 - QUIC Single
Handshake duration: 45.95 ms
Execution 316 - QUIC Single
Handshake duration: 45.53 ms
Execution 317 - QUIC Single
Handshake duration: 45.98 ms
Execution 318 - QUIC Single
Handshake duration: 46.08 ms
Execution 319 - QUIC Single
Handshake duration: 45.28 ms
Execution 320 - QUIC Single
Handshake duration: 62.41 ms
Execution 321 - QUIC Single
Handshake duration: 58.54 ms
Execution 322 - QUIC Single
Handshake duration: 45.20 ms
Execution 323 - QUIC Single
Handshake duration: 47.51 ms
Execution 324 - QUIC Single
Handshake duration: 62.55 ms
Execution 325 - QUIC Single
Handshake duration: 45.22 ms
Execution 326 - QUIC Single
Handshake duration: 46.52 ms
Execution 327 - QUIC Single
Handshake duration: 46.42 ms
Execution 328 - QUIC Single
Handshake duration: 45.72 ms
Execution 329 - QUIC Single
Handshake duration: 59.96 ms
Execution 330 - QUIC Single
Handshake duration: 61.24 ms
Execution 331 - QUIC Single
Handshake duration: 45.43 ms
Execution 332 - QUIC Single
Handshake duration: 55.56 ms
Execution 333 - QUIC Single
Handshake duration: 61.29 ms
Execution 334 - QUIC Single
Handshake duration: 45.81 ms
Execution 335 - QUIC Single
Handshake duration: 46.24 ms
Execution 336 - QUIC Single
Handshake duration: 60.92 ms
Execution 337 - QUIC Single
Handshake duration: 45.33 ms
Execution 338 - QUIC Single
Handshake duration: 46.28 ms
Execution 339 - QUIC Single
Handshake duration: 47.24 ms
Execution 340 - QUIC Single
Handshake duration: 77.38 ms
Execution 341 - QUIC Single
Handshake duration: 45.65 ms
Execution 342 - QUIC Single
Handshake duration: 45.88 ms
Execution 343 - QUIC Single
Handshake duration: 46.57 ms
Execution 344 - QUIC Single
Handshake duration: 46.01 ms
Execution 345 - QUIC Single
Handshake duration: 45.70 ms
Execution 346 - QUIC Single
Handshake duration: 46.86 ms
Execution 347 - QUIC Single
Handshake duration: 49.45 ms
Execution 348 - QUIC Single
Handshake duration: 45.90 ms
Execution 349 - QUIC Single
Handshake duration: 47.86 ms
Execution 350 - QUIC Single
Handshake duration: 45.54 ms
Execution 351 - QUIC Single
Handshake duration: 45.40 ms
Execution 352 - QUIC Single
Handshake duration: 46.36 ms
Execution 353 - QUIC Single
Handshake duration: 45.23 ms
Execution 354 - QUIC Single
Handshake duration: 46.06 ms
Execution 355 - QUIC Single
Handshake duration: 47.12 ms
Execution 356 - QUIC Single
Handshake duration: 60.23 ms
Execution 357 - QUIC Single
Handshake duration: 45.36 ms
Execution 358 - QUIC Single
Handshake duration: 46.29 ms
Execution 359 - QUIC Single
Handshake duration: 45.97 ms
Execution 360 - QUIC Single
Handshake duration: 45.27 ms
Execution 361 - QUIC Single
Handshake duration: 46.82 ms
Execution 362 - QUIC Single
Handshake duration: 60.21 ms
Execution 363 - QUIC Single
Handshake duration: 45.55 ms
Execution 364 - QUIC Single
Handshake duration: 45.78 ms
Execution 365 - QUIC Single
Handshake duration: 45.75 ms
Execution 366 - QUIC Single
Handshake duration: 45.39 ms
Execution 367 - QUIC Single
Handshake duration: 46.24 ms
Execution 368 - QUIC Single
Handshake duration: 46.11 ms
Execution 369 - QUIC Single
Handshake duration: 45.17 ms
Execution 370 - QUIC Single
Handshake duration: 45.75 ms
Execution 371 - QUIC Single
Handshake duration: 45.79 ms
Execution 372 - QUIC Single
Handshake duration: 45.27 ms
Execution 373 - QUIC Single
Handshake duration: 47.62 ms
Execution 374 - QUIC Single
Handshake duration: 45.81 ms
Execution 375 - QUIC Single
Handshake duration: 45.09 ms
Execution 376 - QUIC Single
Handshake duration: 46.38 ms
Execution 377 - QUIC Single
Handshake duration: 45.82 ms
Execution 378 - QUIC Single
Handshake duration: 45.30 ms
Execution 379 - QUIC Single
Handshake duration: 45.65 ms
Execution 380 - QUIC Single
Handshake duration: 46.53 ms
Execution 381 - QUIC Single
Handshake duration: 45.54 ms
Execution 382 - QUIC Single
Handshake duration: 47.48 ms
Execution 383 - QUIC Single
Handshake duration: 45.65 ms
Execution 384 - QUIC Single
Handshake duration: 45.51 ms
Execution 385 - QUIC Single
Handshake duration: 46.47 ms
Execution 386 - QUIC Single
Handshake duration: 45.68 ms
Execution 387 - QUIC Single
Handshake duration: 45.27 ms
Execution 388 - QUIC Single
Handshake duration: 46.51 ms
Execution 389 - QUIC Single
Handshake duration: 46.26 ms
Execution 390 - QUIC Single
Handshake duration: 45.71 ms
Execution 391 - QUIC Single
Handshake duration: 55.62 ms
Execution 392 - QUIC Single
Handshake duration: 56.56 ms
Execution 393 - QUIC Single
Handshake duration: 45.41 ms
Execution 394 - QUIC Single
Handshake duration: 45.82 ms
Execution 395 - QUIC Single
Handshake duration: 60.57 ms
Execution 396 - QUIC Single
Handshake duration: 57.49 ms
Execution 397 - QUIC Single
Handshake duration: 50.25 ms
Execution 398 - QUIC Single
Handshake duration: 59.05 ms
Execution 399 - QUIC Single
Handshake duration: 45.38 ms
Execution 400 - QUIC Single
Handshake duration: 46.95 ms
Execution 401 - QUIC Single
Handshake duration: 46.15 ms
Execution 402 - QUIC Single
Handshake duration: 64.27 ms
Execution 403 - QUIC Single
Handshake duration: 49.77 ms
Execution 404 - QUIC Single
Handshake duration: 45.51 ms
Execution 405 - QUIC Single
Handshake duration: 45.20 ms
Execution 406 - QUIC Single
Handshake duration: 47.67 ms
Execution 407 - QUIC Single
Handshake duration: 60.43 ms
Execution 408 - QUIC Single
Handshake duration: 48.35 ms
Execution 409 - QUIC Single
Handshake duration: 45.96 ms
Execution 410 - QUIC Single
Handshake duration: 45.59 ms
Execution 411 - QUIC Single
Handshake duration: 46.00 ms
Execution 412 - QUIC Single
Handshake duration: 45.37 ms
Execution 413 - QUIC Single
Handshake duration: 45.58 ms
Execution 414 - QUIC Single
Handshake duration: 47.26 ms
Execution 415 - QUIC Single
Handshake duration: 46.07 ms
Execution 416 - QUIC Single
Handshake duration: 46.11 ms
Execution 417 - QUIC Single
Handshake duration: 46.74 ms
Execution 418 - QUIC Single
Handshake duration: 46.22 ms
Execution 419 - QUIC Single
Handshake duration: 45.61 ms
Execution 420 - QUIC Single
Handshake duration: 46.51 ms
Execution 421 - QUIC Single
Handshake duration: 45.39 ms
Execution 422 - QUIC Single
Handshake duration: 45.17 ms
Execution 423 - QUIC Single
Handshake duration: 45.95 ms
Execution 424 - QUIC Single
Handshake duration: 46.13 ms
Execution 425 - QUIC Single
Handshake duration: 48.65 ms
Execution 426 - QUIC Single
Handshake duration: 45.67 ms
Execution 427 - QUIC Single
Handshake duration: 45.31 ms
Execution 428 - QUIC Single
Handshake duration: 50.54 ms
Execution 429 - QUIC Single
Handshake duration: 62.13 ms
Execution 430 - QUIC Single
Handshake duration: 45.69 ms
Execution 431 - QUIC Single
Handshake duration: 45.23 ms
Execution 432 - QUIC Single
Handshake duration: 45.60 ms
Execution 433 - QUIC Single
Handshake duration: 46.03 ms
Execution 434 - QUIC Single
Handshake duration: 45.71 ms
Execution 435 - QUIC Single
Handshake duration: 46.54 ms
Execution 436 - QUIC Single
Handshake duration: 45.43 ms
Execution 437 - QUIC Single
Handshake duration: 52.71 ms
Execution 438 - QUIC Single
Handshake duration: 58.38 ms
Execution 439 - QUIC Single
Handshake duration: 58.67 ms
Execution 440 - QUIC Single
Handshake duration: 45.37 ms
Execution 441 - QUIC Single
Handshake duration: 45.64 ms
Execution 442 - QUIC Single
Handshake duration: 46.05 ms
Execution 443 - QUIC Single
Handshake duration: 45.56 ms
Execution 444 - QUIC Single
Handshake duration: 45.88 ms
Execution 445 - QUIC Single
Handshake duration: 50.18 ms
Execution 446 - QUIC Single
Handshake duration: 45.50 ms
Execution 447 - QUIC Single
Handshake duration: 45.75 ms
Execution 448 - QUIC Single
Handshake duration: 46.01 ms
Execution 449 - QUIC Single
Handshake duration: 45.40 ms
Execution 450 - QUIC Single
Handshake duration: 46.93 ms
Execution 451 - QUIC Single
Handshake duration: 45.73 ms
Execution 452 - QUIC Single
Handshake duration: 45.56 ms
Execution 453 - QUIC Single
Handshake duration: 46.67 ms
Execution 454 - QUIC Single
Handshake duration: 45.83 ms
Execution 455 - QUIC Single
Handshake duration: 45.79 ms
Execution 456 - QUIC Single
Handshake duration: 45.69 ms
Execution 457 - QUIC Single
Handshake duration: 45.94 ms
Execution 458 - QUIC Single
Handshake duration: 45.64 ms
Execution 459 - QUIC Single
Handshake duration: 46.61 ms
Execution 460 - QUIC Single
Handshake duration: 46.47 ms
Execution 461 - QUIC Single
Handshake duration: 45.48 ms
Execution 462 - QUIC Single
Handshake duration: 46.73 ms
Execution 463 - QUIC Single
Handshake duration: 45.88 ms
Execution 464 - QUIC Single
Handshake duration: 53.64 ms
Execution 465 - QUIC Single
Handshake duration: 46.29 ms
Execution 466 - QUIC Single
Handshake duration: 46.14 ms
Execution 467 - QUIC Single
Handshake duration: 45.59 ms
Execution 468 - QUIC Single
Handshake duration: 59.30 ms
Execution 469 - QUIC Single
Handshake duration: 58.89 ms
Execution 470 - QUIC Single
Handshake duration: 58.70 ms
Execution 471 - QUIC Single
Handshake duration: 58.19 ms
Execution 472 - QUIC Single
Handshake duration: 46.12 ms
Execution 473 - QUIC Single
Handshake duration: 45.26 ms
Execution 474 - QUIC Single
Handshake duration: 45.55 ms
Execution 475 - QUIC Single
Handshake duration: 45.43 ms
Execution 476 - QUIC Single
Handshake duration: 53.74 ms
Execution 477 - QUIC Single
Handshake duration: 46.10 ms
Execution 478 - QUIC Single
Handshake duration: 50.38 ms
Execution 479 - QUIC Single
Handshake duration: 45.88 ms
Execution 480 - QUIC Single
Handshake duration: 46.43 ms
Execution 481 - QUIC Single
Handshake duration: 45.50 ms
Execution 482 - QUIC Single
Handshake duration: 45.93 ms
Execution 483 - QUIC Single
Handshake duration: 45.43 ms
Execution 484 - QUIC Single
Handshake duration: 46.00 ms
Execution 485 - QUIC Single
Handshake duration: 48.08 ms
Execution 486 - QUIC Single
Handshake duration: 46.02 ms
Execution 487 - QUIC Single
Handshake duration: 46.25 ms
Execution 488 - QUIC Single
Handshake duration: 46.01 ms
Execution 489 - QUIC Single
Handshake duration: 45.70 ms
Execution 490 - QUIC Single
Handshake duration: 45.63 ms
Execution 491 - QUIC Single
Handshake duration: 47.66 ms
Execution 492 - QUIC Single
Handshake duration: 45.94 ms
Execution 493 - QUIC Single
Handshake duration: 45.52 ms
Execution 494 - QUIC Single
Handshake duration: 45.92 ms
Execution 495 - QUIC Single
Handshake duration: 45.62 ms
Execution 496 - QUIC Single
Handshake duration: 45.73 ms
Execution 497 - QUIC Single
Handshake duration: 45.22 ms
Execution 498 - QUIC Single
Handshake duration: 45.92 ms
Execution 499 - QUIC Single
Handshake duration: 45.76 ms
Execution 500 - QUIC Single
Handshake duration: 54.62 ms
     Waiting  ... 
   Shutting down server and impairments...

****************
  -> KEM: p384_hqc192

    Executing docker Server...
servidor
cliente
./Launcherv3_pq_hqc_ge_rerun.sh : ligne 309 : 50981 Processus arrêté      /usr/local/bin/pumba netem --duration 1h --interface $NETIF loss-gemodel --pg "${args[0]}" --pb "${args[1]}" --one-h "${args[2]}" --one-k "${args[3]}" "$OQS_SERVER"
f8dbe7d34e0be82e8e07bb89248312583ac31ecda0b7075afcd96c2f7c37fe87
    Buscando IP.. 
    IP..  172.18.0.2
   ↳ Applying unstable network profile (loss-gemodel pg20 pb40 h90 k20)
   ✔ Pumba PID 55857 confirmed running (SIG=secp384r1 KEM=p384_hqc192 PROTO=quic)
    Executing docker Client... 172.18.0.2
fc709e2f9c1ca94e5ed488f3761e48adbfdfd008fb3821907d99dda5b3d804e8
cliente
     Docker cliente executed ... 

**************************
     Executing test  ... 
Applying netem rules to lo...
Showing qdisc status for the interface: lo
qdisc netem 8014: root refcnt 2 limit 1000 seed 9280384879329304688
 Sent 0 bytes 0 pkt (dropped 0, overlimits 0 requeues 0) 
 backlog 0b 0p requeues 0
Running ./perftestClientTlsQuic.sh with SIG_ALG=secp384r1 and KEM_ALG=p384_hqc192
Execution 1 - QUIC Single
Handshake duration: 81.35 ms
Execution 2 - QUIC Single
Handshake duration: 55.05 ms
Execution 3 - QUIC Single
Handshake duration: 58.11 ms
Execution 4 - QUIC Single
Handshake duration: 84.38 ms
Execution 5 - QUIC Single
Handshake duration: 56.51 ms
Execution 6 - QUIC Single
Handshake duration: 56.17 ms
Execution 7 - QUIC Single
Handshake duration: 56.88 ms
Execution 8 - QUIC Single
Handshake duration: 68.41 ms
Execution 9 - QUIC Single
Handshake duration: 56.23 ms
Execution 10 - QUIC Single
Handshake duration: 56.57 ms
Execution 11 - QUIC Single
Handshake duration: 65.04 ms
Execution 12 - QUIC Single
Handshake duration: 69.19 ms
Execution 13 - QUIC Single
Handshake duration: 67.27 ms
Execution 14 - QUIC Single
Handshake duration: 55.49 ms
Execution 15 - QUIC Single
Handshake duration: 57.30 ms
Execution 16 - QUIC Single
Handshake duration: 60.40 ms
Execution 17 - QUIC Single
Handshake duration: 67.30 ms
Execution 18 - QUIC Single
Handshake duration: 55.37 ms
Execution 19 - QUIC Single
Handshake duration: 66.21 ms
Execution 20 - QUIC Single
Handshake duration: 55.61 ms
Execution 21 - QUIC Single
Handshake duration: 56.51 ms
Execution 22 - QUIC Single
Handshake duration: 55.76 ms
Execution 23 - QUIC Single
Handshake duration: 54.82 ms
Execution 24 - QUIC Single
Handshake duration: 55.71 ms
Execution 25 - QUIC Single
Handshake duration: 54.56 ms
Execution 26 - QUIC Single
Handshake duration: 63.11 ms
Execution 27 - QUIC Single
Handshake duration: 55.12 ms
Execution 28 - QUIC Single
Handshake duration: 55.00 ms
Execution 29 - QUIC Single
Handshake duration: 55.81 ms
Execution 30 - QUIC Single
Handshake duration: 57.04 ms
Execution 31 - QUIC Single
Handshake duration: 55.86 ms
Execution 32 - QUIC Single
Handshake duration: 54.96 ms
Execution 33 - QUIC Single
Handshake duration: 54.94 ms
Execution 34 - QUIC Single
Handshake duration: 54.50 ms
Execution 35 - QUIC Single
Handshake duration: 54.66 ms
Execution 36 - QUIC Single
Handshake duration: 55.38 ms
Execution 37 - QUIC Single
Handshake duration: 54.29 ms
Execution 38 - QUIC Single
Handshake duration: 59.27 ms
Execution 39 - QUIC Single
Handshake duration: 63.88 ms
Execution 40 - QUIC Single
Handshake duration: 56.54 ms
Execution 41 - QUIC Single
Handshake duration: 54.42 ms
Execution 42 - QUIC Single
Handshake duration: 64.94 ms
Execution 43 - QUIC Single
Handshake duration: 55.89 ms
Execution 44 - QUIC Single
Handshake duration: 77.89 ms
Execution 45 - QUIC Single
Handshake duration: 56.75 ms
Execution 46 - QUIC Single
Handshake duration: 54.33 ms
Execution 47 - QUIC Single
Handshake duration: 55.24 ms
Execution 48 - QUIC Single
Handshake duration: 54.82 ms
Execution 49 - QUIC Single
Handshake duration: 56.07 ms
Execution 50 - QUIC Single
Handshake duration: 69.59 ms
Execution 51 - QUIC Single
Handshake duration: 54.94 ms
Execution 52 - QUIC Single
Handshake duration: 54.31 ms
Execution 53 - QUIC Single
Handshake duration: 61.72 ms
Execution 54 - QUIC Single
Handshake duration: 54.49 ms
Execution 55 - QUIC Single
Handshake duration: 57.71 ms
Execution 56 - QUIC Single
Handshake duration: 55.34 ms
Execution 57 - QUIC Single
Handshake duration: 54.43 ms
Execution 58 - QUIC Single
Handshake duration: 55.22 ms
Execution 59 - QUIC Single
Handshake duration: 77.23 ms
Execution 60 - QUIC Single
Handshake duration: 55.84 ms
Execution 61 - QUIC Single
Handshake duration: 55.33 ms
Execution 62 - QUIC Single
Handshake duration: 70.38 ms
Execution 63 - QUIC Single
Handshake duration: 54.95 ms
Execution 64 - QUIC Single
Handshake duration: 54.72 ms
Execution 65 - QUIC Single
Handshake duration: 65.89 ms
Execution 66 - QUIC Single
Handshake duration: 55.20 ms
Execution 67 - QUIC Single
Handshake duration: 54.31 ms
Execution 68 - QUIC Single
Handshake duration: 55.02 ms
Execution 69 - QUIC Single
Handshake duration: 54.54 ms
Execution 70 - QUIC Single
Handshake duration: 56.42 ms
Execution 71 - QUIC Single
Handshake duration: 75.03 ms
Execution 72 - QUIC Single
Handshake duration: 76.26 ms
Execution 73 - QUIC Single
Handshake duration: 54.52 ms
Execution 74 - QUIC Single
Handshake duration: 55.06 ms
Execution 75 - QUIC Single
Handshake duration: 56.11 ms
Execution 76 - QUIC Single
Handshake duration: 54.39 ms
Execution 77 - QUIC Single
Handshake duration: 55.27 ms
Execution 78 - QUIC Single
Handshake duration: 55.56 ms
Execution 79 - QUIC Single
Handshake duration: 54.73 ms
Execution 80 - QUIC Single
Handshake duration: 55.26 ms
Execution 81 - QUIC Single
Handshake duration: 55.81 ms
Execution 82 - QUIC Single
Handshake duration: 54.37 ms
Execution 83 - QUIC Single
Handshake duration: 56.00 ms
Execution 84 - QUIC Single
Handshake duration: 54.33 ms
Execution 85 - QUIC Single
Handshake duration: 54.59 ms
Execution 86 - QUIC Single
Handshake duration: 55.17 ms
Execution 87 - QUIC Single
Handshake duration: 55.30 ms
Execution 88 - QUIC Single
Handshake duration: 54.99 ms
Execution 89 - QUIC Single
Handshake duration: 78.41 ms
Execution 90 - QUIC Single
Handshake duration: 56.20 ms
Execution 91 - QUIC Single
Handshake duration: 56.69 ms
Execution 92 - QUIC Single
Handshake duration: 58.11 ms
Execution 93 - QUIC Single
Handshake duration: 55.63 ms
Execution 94 - QUIC Single
Handshake duration: 62.58 ms
Execution 95 - QUIC Single
Handshake duration: 54.66 ms
Execution 96 - QUIC Single
Handshake duration: 55.21 ms
Execution 97 - QUIC Single
Handshake duration: 59.45 ms
Execution 98 - QUIC Single
Handshake duration: 55.41 ms
Execution 99 - QUIC Single
Handshake duration: 55.69 ms
Execution 100 - QUIC Single
Handshake duration: 54.57 ms
Execution 101 - QUIC Single
Handshake duration: 55.28 ms
Execution 102 - QUIC Single
Handshake duration: 60.86 ms
Execution 103 - QUIC Single
Handshake duration: 54.52 ms
Execution 104 - QUIC Single
Handshake duration: 63.44 ms
Execution 105 - QUIC Single
Handshake duration: 55.37 ms
Execution 106 - QUIC Single
Handshake duration: 54.52 ms
Execution 107 - QUIC Single
Handshake duration: 56.28 ms
Execution 108 - QUIC Single
Handshake duration: 54.67 ms
Execution 109 - QUIC Single
Handshake duration: 55.60 ms
Execution 110 - QUIC Single
Handshake duration: 55.19 ms
Execution 111 - QUIC Single
Handshake duration: 55.57 ms
Execution 112 - QUIC Single
Handshake duration: 55.71 ms
Execution 113 - QUIC Single
Handshake duration: 55.36 ms
Execution 114 - QUIC Single
Handshake duration: 55.65 ms
Execution 115 - QUIC Single
Handshake duration: 54.32 ms
Execution 116 - QUIC Single
Handshake duration: 55.10 ms
Execution 117 - QUIC Single
Handshake duration: 83.36 ms
Execution 118 - QUIC Single
Handshake duration: 54.30 ms
Execution 119 - QUIC Single
Handshake duration: 79.39 ms
Execution 120 - QUIC Single
Handshake duration: 55.01 ms
Execution 121 - QUIC Single
Handshake duration: 55.19 ms
Execution 122 - QUIC Single
Handshake duration: 55.03 ms
Execution 123 - QUIC Single
Handshake duration: 54.76 ms
Execution 124 - QUIC Single
Handshake duration: 56.09 ms
Execution 125 - QUIC Single
Handshake duration: 54.45 ms
Execution 126 - QUIC Single
Handshake duration: 55.25 ms
Execution 127 - QUIC Single
Handshake duration: 54.71 ms
Execution 128 - QUIC Single
Handshake duration: 67.09 ms
Execution 129 - QUIC Single
Handshake duration: 68.15 ms
Execution 130 - QUIC Single
Handshake duration: 54.33 ms
Execution 131 - QUIC Single
Handshake duration: 62.77 ms
Execution 132 - QUIC Single
Handshake duration: 56.14 ms
Execution 133 - QUIC Single
Handshake duration: 55.23 ms
Execution 134 - QUIC Single
Handshake duration: 61.85 ms
Execution 135 - QUIC Single
Handshake duration: 77.19 ms
Execution 136 - QUIC Single
Handshake duration: 54.83 ms
Execution 137 - QUIC Single
Handshake duration: 56.19 ms
Execution 138 - QUIC Single
Handshake duration: 55.29 ms
Execution 139 - QUIC Single
Handshake duration: 54.86 ms
Execution 140 - QUIC Single
Handshake duration: 55.52 ms
Execution 141 - QUIC Single
Handshake duration: 55.42 ms
Execution 142 - QUIC Single
Handshake duration: 54.96 ms
Execution 143 - QUIC Single
Handshake duration: 55.10 ms
Execution 144 - QUIC Single
Handshake duration: 54.62 ms
Execution 145 - QUIC Single
Handshake duration: 79.60 ms
Execution 146 - QUIC Single
Handshake duration: 80.49 ms
Execution 147 - QUIC Single
Handshake duration: 55.97 ms
Execution 148 - QUIC Single
Handshake duration: 62.67 ms
Execution 149 - QUIC Single
Handshake duration: 54.66 ms
Execution 150 - QUIC Single
Handshake duration: 55.34 ms
Execution 151 - QUIC Single
Handshake duration: 54.63 ms
Execution 152 - QUIC Single
Handshake duration: 54.41 ms
Execution 153 - QUIC Single
Handshake duration: 56.70 ms
Execution 154 - QUIC Single
Handshake duration: 54.58 ms
Execution 155 - QUIC Single
Handshake duration: 56.10 ms
Execution 156 - QUIC Single
Handshake duration: 54.54 ms
Execution 157 - QUIC Single
Handshake duration: 54.16 ms
Execution 158 - QUIC Single
Handshake duration: 57.65 ms
Execution 159 - QUIC Single
Handshake duration: 55.74 ms
Execution 160 - QUIC Single
Handshake duration: 53.97 ms
Execution 161 - QUIC Single
Handshake duration: 61.55 ms
Execution 162 - QUIC Single
Handshake duration: 54.57 ms
Execution 163 - QUIC Single
Handshake duration: 56.14 ms
Execution 164 - QUIC Single
Handshake duration: 55.88 ms
Execution 165 - QUIC Single
Handshake duration: 55.21 ms
Execution 166 - QUIC Single
Handshake duration: 55.86 ms
Execution 167 - QUIC Single
Handshake duration: 54.95 ms
Execution 168 - QUIC Single
Handshake duration: 54.69 ms
Execution 169 - QUIC Single
Handshake duration: 79.53 ms
Execution 170 - QUIC Single
Handshake duration: 54.33 ms
Execution 171 - QUIC Single
Handshake duration: 56.28 ms
Execution 172 - QUIC Single
Handshake duration: 59.16 ms
Execution 173 - QUIC Single
Handshake duration: 55.01 ms
Execution 174 - QUIC Single
Handshake duration: 77.60 ms
Execution 175 - QUIC Single
Handshake duration: 56.08 ms
Execution 176 - QUIC Single
Handshake duration: 54.81 ms
Execution 177 - QUIC Single
Handshake duration: 54.82 ms
Execution 178 - QUIC Single
Handshake duration: 54.82 ms
Execution 179 - QUIC Single
Handshake duration: 75.13 ms
Execution 180 - QUIC Single
Handshake duration: 54.78 ms
Execution 181 - QUIC Single
Handshake duration: 56.01 ms
Execution 182 - QUIC Single
Handshake duration: 55.21 ms
Execution 183 - QUIC Single
Handshake duration: 74.51 ms
Execution 184 - QUIC Single
Handshake duration: 55.98 ms
Execution 185 - QUIC Single
Handshake duration: 54.55 ms
Execution 186 - QUIC Single
Handshake duration: 55.16 ms
Execution 187 - QUIC Single
Handshake duration: 55.31 ms
Execution 188 - QUIC Single
Handshake duration: 55.29 ms
Execution 189 - QUIC Single
Handshake duration: 64.28 ms
Execution 190 - QUIC Single
Handshake duration: 67.48 ms
Execution 191 - QUIC Single
Handshake duration: 55.60 ms
Execution 192 - QUIC Single
Handshake duration: 55.10 ms
Execution 193 - QUIC Single
Handshake duration: 54.76 ms
Execution 194 - QUIC Single
Handshake duration: 56.15 ms
Execution 195 - QUIC Single
Handshake duration: 74.90 ms
Execution 196 - QUIC Single
Handshake duration: 55.17 ms
Execution 197 - QUIC Single
Handshake duration: 56.07 ms
Execution 198 - QUIC Single
Handshake duration: 55.52 ms
Execution 199 - QUIC Single
Handshake duration: 73.97 ms
Execution 200 - QUIC Single
Handshake duration: 55.16 ms
Execution 201 - QUIC Single
Handshake duration: 54.79 ms
Execution 202 - QUIC Single
Handshake duration: 55.43 ms
Execution 203 - QUIC Single
Handshake duration: 55.64 ms
Execution 204 - QUIC Single
Handshake duration: 57.22 ms
Execution 205 - QUIC Single
Handshake duration: 71.15 ms
Execution 206 - QUIC Single
Handshake duration: 76.78 ms
Execution 207 - QUIC Single
Handshake duration: 73.32 ms
Execution 208 - QUIC Single
Handshake duration: 55.18 ms
Execution 209 - QUIC Single
Handshake duration: 66.96 ms
Execution 210 - QUIC Single
Handshake duration: 80.91 ms
Execution 211 - QUIC Single
Handshake duration: 65.67 ms
Execution 212 - QUIC Single
Handshake duration: 65.63 ms
Execution 213 - QUIC Single
Handshake duration: 64.84 ms
Execution 214 - QUIC Single
Handshake duration: 54.41 ms
Execution 215 - QUIC Single
Handshake duration: 54.60 ms
Execution 216 - QUIC Single
Handshake duration: 55.50 ms
Execution 217 - QUIC Single
Handshake duration: 55.27 ms
Execution 218 - QUIC Single
Handshake duration: 56.39 ms
Execution 219 - QUIC Single
Handshake duration: 55.31 ms
Execution 220 - QUIC Single
Handshake duration: 58.11 ms
Execution 221 - QUIC Single
Handshake duration: 55.32 ms
Execution 222 - QUIC Single
Handshake duration: 62.33 ms
Execution 223 - QUIC Single
Handshake duration: 57.16 ms
Execution 224 - QUIC Single
Handshake duration: 54.67 ms
Execution 225 - QUIC Single
Handshake duration: 73.84 ms
Execution 226 - QUIC Single
Handshake duration: 55.41 ms
Execution 227 - QUIC Single
Handshake duration: 55.15 ms
Execution 228 - QUIC Single
Handshake duration: 54.38 ms
Execution 229 - QUIC Single
Handshake duration: 54.68 ms
Execution 230 - QUIC Single
Handshake duration: 54.36 ms
Execution 231 - QUIC Single
Handshake duration: 55.48 ms
Execution 232 - QUIC Single
Handshake duration: 54.91 ms
Execution 233 - QUIC Single
Handshake duration: 55.01 ms
Execution 234 - QUIC Single
Handshake duration: 55.73 ms
Execution 235 - QUIC Single
Handshake duration: 54.61 ms
Execution 236 - QUIC Single
Handshake duration: 80.71 ms
Execution 237 - QUIC Single
Handshake duration: 55.69 ms
Execution 238 - QUIC Single
Handshake duration: 54.28 ms
Execution 239 - QUIC Single
Handshake duration: 54.80 ms
Execution 240 - QUIC Single
Handshake duration: 54.93 ms
Execution 241 - QUIC Single
Handshake duration: 54.38 ms
Execution 242 - QUIC Single
Handshake duration: 55.57 ms
Execution 243 - QUIC Single
Handshake duration: 54.45 ms
Execution 244 - QUIC Single
Handshake duration: 55.39 ms
Execution 245 - QUIC Single
Handshake duration: 54.88 ms
Execution 246 - QUIC Single
Handshake duration: 54.75 ms
Execution 247 - QUIC Single
Handshake duration: 56.66 ms
Execution 248 - QUIC Single
Handshake duration: 54.71 ms
Execution 249 - QUIC Single
Handshake duration: 54.89 ms
Execution 250 - QUIC Single
Handshake duration: 56.61 ms
Execution 251 - QUIC Single
Handshake duration: 54.12 ms
Execution 252 - QUIC Single
Handshake duration: 56.54 ms
Execution 253 - QUIC Single
Handshake duration: 54.26 ms
Execution 254 - QUIC Single
Handshake duration: 57.20 ms
Execution 255 - QUIC Single
Handshake duration: 75.41 ms
Execution 256 - QUIC Single
Handshake duration: 55.11 ms
Execution 257 - QUIC Single
Handshake duration: 55.76 ms
Execution 258 - QUIC Single
Handshake duration: 63.15 ms
Execution 259 - QUIC Single
Handshake duration: 54.34 ms
Execution 260 - QUIC Single
Handshake duration: 55.42 ms
Execution 261 - QUIC Single
Handshake duration: 54.38 ms
Execution 262 - QUIC Single
Handshake duration: 55.09 ms
Execution 263 - QUIC Single
Handshake duration: 54.82 ms
Execution 264 - QUIC Single
Handshake duration: 54.36 ms
Execution 265 - QUIC Single
Handshake duration: 54.39 ms
Execution 266 - QUIC Single
Handshake duration: 55.67 ms
Execution 267 - QUIC Single
Handshake duration: 54.52 ms
Execution 268 - QUIC Single
Handshake duration: 56.85 ms
Execution 269 - QUIC Single
Handshake duration: 55.09 ms
Execution 270 - QUIC Single
Handshake duration: 54.57 ms
Execution 271 - QUIC Single
Handshake duration: 55.36 ms
Execution 272 - QUIC Single
Handshake duration: 77.01 ms
Execution 273 - QUIC Single
Handshake duration: 67.07 ms
Execution 274 - QUIC Single
Handshake duration: 55.12 ms
Execution 275 - QUIC Single
Handshake duration: 68.00 ms
Execution 276 - QUIC Single
Handshake duration: 56.99 ms
Execution 277 - QUIC Single
Handshake duration: 65.37 ms
Execution 278 - QUIC Single
Handshake duration: 55.22 ms
Execution 279 - QUIC Single
Handshake duration: 54.56 ms
Execution 280 - QUIC Single
Handshake duration: 74.97 ms
Execution 281 - QUIC Single
Handshake duration: 54.73 ms
Execution 282 - QUIC Single
Handshake duration: 68.00 ms
Execution 283 - QUIC Single
Handshake duration: 56.37 ms
Execution 284 - QUIC Single
Handshake duration: 56.04 ms
Execution 285 - QUIC Single
Handshake duration: 54.44 ms
Execution 286 - QUIC Single
Handshake duration: 55.97 ms
Execution 287 - QUIC Single
Handshake duration: 55.34 ms
Execution 288 - QUIC Single
Handshake duration: 67.79 ms
Execution 289 - QUIC Single
Handshake duration: 57.73 ms
Execution 290 - QUIC Single
Handshake duration: 54.34 ms
Execution 291 - QUIC Single
Handshake duration: 55.25 ms
Execution 292 - QUIC Single
Handshake duration: 56.92 ms
Execution 293 - QUIC Single
Handshake duration: 73.53 ms
Execution 294 - QUIC Single
Handshake duration: 67.75 ms
Execution 295 - QUIC Single
Handshake duration: 54.37 ms
Execution 296 - QUIC Single
Handshake duration: 55.23 ms
Execution 297 - QUIC Single
Handshake duration: 76.57 ms
Execution 298 - QUIC Single
Handshake duration: 56.32 ms
Execution 299 - QUIC Single
Handshake duration: 75.06 ms
Execution 300 - QUIC Single
Handshake duration: 73.35 ms
Execution 301 - QUIC Single
Handshake duration: 66.90 ms
Execution 302 - QUIC Single
Handshake duration: 54.97 ms
Execution 303 - QUIC Single
Handshake duration: 66.02 ms
Execution 304 - QUIC Single
Handshake duration: 55.48 ms
Execution 305 - QUIC Single
Handshake duration: 55.52 ms
Execution 306 - QUIC Single
Handshake duration: 55.22 ms
Execution 307 - QUIC Single
Handshake duration: 55.05 ms
Execution 308 - QUIC Single
Handshake duration: 55.64 ms
Execution 309 - QUIC Single
Handshake duration: 54.44 ms
Execution 310 - QUIC Single
Handshake duration: 73.59 ms
Execution 311 - QUIC Single
Handshake duration: 54.41 ms
Execution 312 - QUIC Single
Handshake duration: 54.62 ms
Execution 313 - QUIC Single
Handshake duration: 55.41 ms
Execution 314 - QUIC Single
Handshake duration: 54.44 ms
Execution 315 - QUIC Single
Handshake duration: 66.32 ms
Execution 316 - QUIC Single
Handshake duration: 67.68 ms
Execution 317 - QUIC Single
Handshake duration: 56.54 ms
Execution 318 - QUIC Single
Handshake duration: 54.83 ms
Execution 319 - QUIC Single
Handshake duration: 54.12 ms
Execution 320 - QUIC Single
Handshake duration: 54.76 ms
Execution 321 - QUIC Single
Handshake duration: 56.02 ms
Execution 322 - QUIC Single
Handshake duration: 54.42 ms
Execution 323 - QUIC Single
Handshake duration: 61.52 ms
Execution 324 - QUIC Single
Handshake duration: 55.96 ms
Execution 325 - QUIC Single
Handshake duration: 54.83 ms
Execution 326 - QUIC Single
Handshake duration: 56.67 ms
Execution 327 - QUIC Single
Handshake duration: 54.31 ms
Execution 328 - QUIC Single
Handshake duration: 54.16 ms
Execution 329 - QUIC Single
Handshake duration: 55.01 ms
Execution 330 - QUIC Single
Handshake duration: 54.99 ms
Execution 331 - QUIC Single
Handshake duration: 55.23 ms
Execution 332 - QUIC Single
Handshake duration: 55.26 ms
Execution 333 - QUIC Single
Handshake duration: 54.75 ms
Execution 334 - QUIC Single
Handshake duration: 55.35 ms
Execution 335 - QUIC Single
Handshake duration: 55.83 ms
Execution 336 - QUIC Single
Handshake duration: 54.78 ms
Execution 337 - QUIC Single
Handshake duration: 54.72 ms
Execution 338 - QUIC Single
Handshake duration: 55.09 ms
Execution 339 - QUIC Single
Handshake duration: 55.93 ms
Execution 340 - QUIC Single
Handshake duration: 71.86 ms
Execution 341 - QUIC Single
Handshake duration: 54.30 ms
Execution 342 - QUIC Single
Handshake duration: 55.17 ms
Execution 343 - QUIC Single
Handshake duration: 54.49 ms
Execution 344 - QUIC Single
Handshake duration: 56.08 ms
Execution 345 - QUIC Single
Handshake duration: 55.30 ms
Execution 346 - QUIC Single
Handshake duration: 56.20 ms
Execution 347 - QUIC Single
Handshake duration: 56.24 ms
Execution 348 - QUIC Single
Handshake duration: 54.93 ms
Execution 349 - QUIC Single
Handshake duration: 55.23 ms
Execution 350 - QUIC Single
Handshake duration: 56.40 ms
Execution 351 - QUIC Single
Handshake duration: 54.35 ms
Execution 352 - QUIC Single
Handshake duration: 55.16 ms
Execution 353 - QUIC Single
Handshake duration: 63.98 ms
Execution 354 - QUIC Single
Handshake duration: 74.04 ms
Execution 355 - QUIC Single
Handshake duration: 57.00 ms
Execution 356 - QUIC Single
Handshake duration: 55.55 ms
Execution 357 - QUIC Single
Handshake duration: 64.17 ms
Execution 358 - QUIC Single
Handshake duration: 56.39 ms
Execution 359 - QUIC Single
Handshake duration: 54.73 ms
Execution 360 - QUIC Single
Handshake duration: 56.03 ms
Execution 361 - QUIC Single
Handshake duration: 55.09 ms
Execution 362 - QUIC Single
Handshake duration: 58.42 ms
Execution 363 - QUIC Single
Handshake duration: 55.45 ms
Execution 364 - QUIC Single
Handshake duration: 54.13 ms
Execution 365 - QUIC Single
Handshake duration: 55.62 ms
Execution 366 - QUIC Single
Handshake duration: 54.89 ms
Execution 367 - QUIC Single
Handshake duration: 63.65 ms
Execution 368 - QUIC Single
Handshake duration: 55.43 ms
Execution 369 - QUIC Single
Handshake duration: 55.19 ms
Execution 370 - QUIC Single
Handshake duration: 54.62 ms
Execution 371 - QUIC Single
Handshake duration: 54.53 ms
Execution 372 - QUIC Single
Handshake duration: 75.29 ms
Execution 373 - QUIC Single
Handshake duration: 56.95 ms
Execution 374 - QUIC Single
Handshake duration: 55.35 ms
Execution 375 - QUIC Single
Handshake duration: 55.45 ms
Execution 376 - QUIC Single
Handshake duration: 54.86 ms
Execution 377 - QUIC Single
Handshake duration: 54.54 ms
Execution 378 - QUIC Single
Handshake duration: 55.37 ms
Execution 379 - QUIC Single
Handshake duration: 54.70 ms
Execution 380 - QUIC Single
Handshake duration: 55.19 ms
Execution 381 - QUIC Single
Handshake duration: 65.89 ms
Execution 382 - QUIC Single
Handshake duration: 55.85 ms
Execution 383 - QUIC Single
Handshake duration: 54.28 ms
Execution 384 - QUIC Single
Handshake duration: 54.99 ms
Execution 385 - QUIC Single
Handshake duration: 54.74 ms
Execution 386 - QUIC Single
Handshake duration: 56.67 ms
Execution 387 - QUIC Single
Handshake duration: 55.51 ms
Execution 388 - QUIC Single
Handshake duration: 57.56 ms
Execution 389 - QUIC Single
Handshake duration: 56.43 ms
Execution 390 - QUIC Single
Handshake duration: 56.69 ms
Execution 391 - QUIC Single
Handshake duration: 63.92 ms
Execution 392 - QUIC Single
Handshake duration: 58.59 ms
Execution 393 - QUIC Single
Handshake duration: 55.82 ms
Execution 394 - QUIC Single
Handshake duration: 58.08 ms
Execution 395 - QUIC Single
Handshake duration: 55.74 ms
Execution 396 - QUIC Single
Handshake duration: 56.66 ms
Execution 397 - QUIC Single
Handshake duration: 71.25 ms
Execution 398 - QUIC Single
Handshake duration: 63.02 ms
Execution 399 - QUIC Single
Handshake duration: 62.97 ms
Execution 400 - QUIC Single
Handshake duration: 63.29 ms
Execution 401 - QUIC Single
Handshake duration: 56.70 ms
Execution 402 - QUIC Single
Handshake duration: 56.32 ms
Execution 403 - QUIC Single
Handshake duration: 55.48 ms
Execution 404 - QUIC Single
Handshake duration: 55.66 ms
Execution 405 - QUIC Single
Handshake duration: 56.59 ms
Execution 406 - QUIC Single
Handshake duration: 55.93 ms
Execution 407 - QUIC Single
Handshake duration: 54.93 ms
Execution 408 - QUIC Single
Handshake duration: 54.75 ms
Execution 409 - QUIC Single
Handshake duration: 56.96 ms
Execution 410 - QUIC Single
Handshake duration: 55.98 ms
Execution 411 - QUIC Single
Handshake duration: 56.08 ms
Execution 412 - QUIC Single
Handshake duration: 55.20 ms
Execution 413 - QUIC Single
Handshake duration: 55.08 ms
Execution 414 - QUIC Single
Handshake duration: 56.58 ms
Execution 415 - QUIC Single
Handshake duration: 55.07 ms
Execution 416 - QUIC Single
Handshake duration: 55.65 ms
Execution 417 - QUIC Single
Handshake duration: 55.90 ms
Execution 418 - QUIC Single
Handshake duration: 55.91 ms
Execution 419 - QUIC Single
Handshake duration: 63.59 ms
Execution 420 - QUIC Single
Handshake duration: 64.58 ms
Execution 421 - QUIC Single
Handshake duration: 83.25 ms
Execution 422 - QUIC Single
Handshake duration: 55.29 ms
Execution 423 - QUIC Single
Handshake duration: 56.38 ms
Execution 424 - QUIC Single
Handshake duration: 55.16 ms
Execution 425 - QUIC Single
Handshake duration: 56.14 ms
Execution 426 - QUIC Single
Handshake duration: 55.86 ms
Execution 427 - QUIC Single
Handshake duration: 56.65 ms
Execution 428 - QUIC Single
Handshake duration: 55.29 ms
Execution 429 - QUIC Single
Handshake duration: 56.02 ms
Execution 430 - QUIC Single
Handshake duration: 55.95 ms
Execution 431 - QUIC Single
Handshake duration: 67.34 ms
Execution 432 - QUIC Single
Handshake duration: 57.04 ms
Execution 433 - QUIC Single
Handshake duration: 54.90 ms
Execution 434 - QUIC Single
Handshake duration: 55.22 ms
Execution 435 - QUIC Single
Handshake duration: 55.77 ms
Execution 436 - QUIC Single
Handshake duration: 55.40 ms
Execution 437 - QUIC Single
Handshake duration: 54.59 ms
Execution 438 - QUIC Single
Handshake duration: 68.59 ms
Execution 439 - QUIC Single
Handshake duration: 64.04 ms
Execution 440 - QUIC Single
Handshake duration: 56.87 ms
Execution 441 - QUIC Single
Handshake duration: 54.93 ms
Execution 442 - QUIC Single
Handshake duration: 54.76 ms
Execution 443 - QUIC Single
Handshake duration: 75.50 ms
Execution 444 - QUIC Single
Handshake duration: 56.59 ms
Execution 445 - QUIC Single
Handshake duration: 56.35 ms
Execution 446 - QUIC Single
Handshake duration: 55.84 ms
Execution 447 - QUIC Single
Handshake duration: 54.94 ms
Execution 448 - QUIC Single
Handshake duration: 55.20 ms
Execution 449 - QUIC Single
Handshake duration: 69.20 ms
Execution 450 - QUIC Single
Handshake duration: 58.14 ms
Execution 451 - QUIC Single
Handshake duration: 55.91 ms
Execution 452 - QUIC Single
Handshake duration: 55.31 ms
Execution 453 - QUIC Single
Handshake duration: 55.03 ms
Execution 454 - QUIC Single
Handshake duration: 55.19 ms
Execution 455 - QUIC Single
Handshake duration: 55.80 ms
Execution 456 - QUIC Single
Handshake duration: 54.93 ms
Execution 457 - QUIC Single
Handshake duration: 55.10 ms
Execution 458 - QUIC Single
Handshake duration: 58.27 ms
Execution 459 - QUIC Single
Handshake duration: 57.76 ms
Execution 460 - QUIC Single
Handshake duration: 59.82 ms
Execution 461 - QUIC Single
Handshake duration: 62.55 ms
Execution 462 - QUIC Single
Handshake duration: 77.52 ms
Execution 463 - QUIC Single
Handshake duration: 63.18 ms
Execution 464 - QUIC Single
Handshake duration: 57.98 ms
Execution 465 - QUIC Single
Handshake duration: 56.09 ms
Execution 466 - QUIC Single
Handshake duration: 56.34 ms
Execution 467 - QUIC Single
Handshake duration: 80.33 ms
Execution 468 - QUIC Single
Handshake duration: 55.28 ms
Execution 469 - QUIC Single
Handshake duration: 55.39 ms
Execution 470 - QUIC Single
Handshake duration: 60.21 ms
Execution 471 - QUIC Single
Handshake duration: 54.60 ms
Execution 472 - QUIC Single
Handshake duration: 62.90 ms
Execution 473 - QUIC Single
Handshake duration: 79.80 ms
Execution 474 - QUIC Single
Handshake duration: 54.50 ms
Execution 475 - QUIC Single
Handshake duration: 55.97 ms
Execution 476 - QUIC Single
Handshake duration: 54.85 ms
Execution 477 - QUIC Single
Handshake duration: 59.66 ms
Execution 478 - QUIC Single
Handshake duration: 55.07 ms
Execution 479 - QUIC Single
Handshake duration: 56.17 ms
Execution 480 - QUIC Single
Handshake duration: 55.68 ms
Execution 481 - QUIC Single
Handshake duration: 56.08 ms
Execution 482 - QUIC Single
Handshake duration: 68.08 ms
Execution 483 - QUIC Single
Handshake duration: 56.46 ms
Execution 484 - QUIC Single
Handshake duration: 54.92 ms
Execution 485 - QUIC Single
Handshake duration: 54.93 ms
Execution 486 - QUIC Single
Handshake duration: 61.98 ms
Execution 487 - QUIC Single
Handshake duration: 60.16 ms
Execution 488 - QUIC Single
Handshake duration: 54.42 ms
Execution 489 - QUIC Single
Handshake duration: 57.20 ms
Execution 490 - QUIC Single
Handshake duration: 55.81 ms
Execution 491 - QUIC Single
Handshake duration: 53.90 ms
Execution 492 - QUIC Single
Handshake duration: 54.69 ms
Execution 493 - QUIC Single
Handshake duration: 92.54 ms
Execution 494 - QUIC Single
Handshake duration: 69.15 ms
Execution 495 - QUIC Single
Handshake duration: 63.22 ms
Execution 496 - QUIC Single
Handshake duration: 59.94 ms
Execution 497 - QUIC Single
Handshake duration: 61.24 ms
Execution 498 - QUIC Single
Handshake duration: 61.81 ms
Execution 499 - QUIC Single
Handshake duration: 56.29 ms
Execution 500 - QUIC Single
Handshake duration: 58.99 ms
     Waiting  ... 
   Shutting down server and impairments...

****************
  -> KEM: x448_hqc192

    Executing docker Server...
servidor
cliente
./Launcherv3_pq_hqc_ge_rerun.sh : ligne 309 : 55857 Processus arrêté      /usr/local/bin/pumba netem --duration 1h --interface $NETIF loss-gemodel --pg "${args[0]}" --pb "${args[1]}" --one-h "${args[2]}" --one-k "${args[3]}" "$OQS_SERVER"
7f8d82bc28df8adf089daca2efd1fc7cf4bc94be505ae23a3630a09841a5a6d8
    Buscando IP.. 
    IP..  172.18.0.2
   ↳ Applying unstable network profile (loss-gemodel pg20 pb40 h90 k20)
   ✔ Pumba PID 60753 confirmed running (SIG=secp384r1 KEM=x448_hqc192 PROTO=quic)
    Executing docker Client... 172.18.0.2
1269d894eb0df34b383bc05ab748a6195e1d6c0814595fa4f0215988e5477a3b
cliente
     Docker cliente executed ... 

**************************
     Executing test  ... 
Applying netem rules to lo...
Showing qdisc status for the interface: lo
qdisc netem 8016: root refcnt 2 limit 1000 seed 12432968320309757805
 Sent 0 bytes 0 pkt (dropped 0, overlimits 0 requeues 0) 
 backlog 0b 0p requeues 0
Running ./perftestClientTlsQuic.sh with SIG_ALG=secp384r1 and KEM_ALG=x448_hqc192
Execution 1 - QUIC Single
Handshake duration: 50.10 ms
Execution 2 - QUIC Single
Handshake duration: 48.79 ms
Execution 3 - QUIC Single
Handshake duration: 49.35 ms
Execution 4 - QUIC Single
Handshake duration: 50.10 ms
Execution 5 - QUIC Single
Handshake duration: 49.16 ms
Execution 6 - QUIC Single
Handshake duration: 57.11 ms
Execution 7 - QUIC Single
Handshake duration: 49.46 ms
Execution 8 - QUIC Single
Handshake duration: 50.03 ms
Execution 9 - QUIC Single
Handshake duration: 49.52 ms
Execution 10 - QUIC Single
Handshake duration: 49.27 ms
Execution 11 - QUIC Single
Handshake duration: 49.02 ms
Execution 12 - QUIC Single
Handshake duration: 49.12 ms
Execution 13 - QUIC Single
Handshake duration: 59.76 ms
Execution 14 - QUIC Single
Handshake duration: 48.50 ms
Execution 15 - QUIC Single
Handshake duration: 47.98 ms
Execution 16 - QUIC Single
Handshake duration: 53.41 ms
Execution 17 - QUIC Single
Handshake duration: 49.16 ms
Execution 18 - QUIC Single
Handshake duration: 48.24 ms
Execution 19 - QUIC Single
Handshake duration: 48.55 ms
Execution 20 - QUIC Single
Handshake duration: 48.40 ms
Execution 21 - QUIC Single
Handshake duration: 48.91 ms
Execution 22 - QUIC Single
Handshake duration: 49.67 ms
Execution 23 - QUIC Single
Handshake duration: 49.50 ms
Execution 24 - QUIC Single
Handshake duration: 48.79 ms
Execution 25 - QUIC Single
Handshake duration: 64.33 ms
Execution 26 - QUIC Single
Handshake duration: 49.07 ms
Execution 27 - QUIC Single
Handshake duration: 61.06 ms
Execution 28 - QUIC Single
Handshake duration: 48.22 ms
Execution 29 - QUIC Single
Handshake duration: 65.37 ms
Execution 30 - QUIC Single
Handshake duration: 48.24 ms
Execution 31 - QUIC Single
Handshake duration: 69.32 ms
Execution 32 - QUIC Single
Handshake duration: 66.54 ms
Execution 33 - QUIC Single
Handshake duration: 54.27 ms
Execution 34 - QUIC Single
Handshake duration: 53.73 ms
Execution 35 - QUIC Single
Handshake duration: 48.63 ms
Execution 36 - QUIC Single
Handshake duration: 49.34 ms
Execution 37 - QUIC Single
Handshake duration: 49.96 ms
Execution 38 - QUIC Single
Handshake duration: 52.15 ms
Execution 39 - QUIC Single
Handshake duration: 51.17 ms
Execution 40 - QUIC Single
Handshake duration: 49.49 ms
Execution 41 - QUIC Single
Handshake duration: 68.27 ms
Execution 42 - QUIC Single
Handshake duration: 48.40 ms
Execution 43 - QUIC Single
Handshake duration: 58.97 ms
Execution 44 - QUIC Single
Handshake duration: 48.50 ms
Execution 45 - QUIC Single
Handshake duration: 59.30 ms
Execution 46 - QUIC Single
Handshake duration: 49.68 ms
Execution 47 - QUIC Single
Handshake duration: 50.32 ms
Execution 48 - QUIC Single
Handshake duration: 48.99 ms
Execution 49 - QUIC Single
Handshake duration: 49.57 ms
Execution 50 - QUIC Single
Handshake duration: 49.02 ms
Execution 51 - QUIC Single
Handshake duration: 49.22 ms
Execution 52 - QUIC Single
Handshake duration: 48.98 ms
Execution 53 - QUIC Single
Handshake duration: 61.09 ms
Execution 54 - QUIC Single
Handshake duration: 48.62 ms
Execution 55 - QUIC Single
Handshake duration: 48.29 ms
Execution 56 - QUIC Single
Handshake duration: 49.24 ms
Execution 57 - QUIC Single
Handshake duration: 48.24 ms
Execution 58 - QUIC Single
Handshake duration: 48.77 ms
Execution 59 - QUIC Single
Handshake duration: 62.58 ms
Execution 60 - QUIC Single
Handshake duration: 48.73 ms
Execution 61 - QUIC Single
Handshake duration: 49.17 ms
Execution 62 - QUIC Single
Handshake duration: 64.60 ms
Execution 63 - QUIC Single
Handshake duration: 48.69 ms
Execution 64 - QUIC Single
Handshake duration: 48.68 ms
Execution 65 - QUIC Single
Handshake duration: 49.67 ms
Execution 66 - QUIC Single
Handshake duration: 49.22 ms
Execution 67 - QUIC Single
Handshake duration: 48.93 ms
Execution 68 - QUIC Single
Handshake duration: 50.76 ms
Execution 69 - QUIC Single
Handshake duration: 48.82 ms
Execution 70 - QUIC Single
Handshake duration: 49.44 ms
Execution 71 - QUIC Single
Handshake duration: 48.34 ms
Execution 72 - QUIC Single
Handshake duration: 54.36 ms
Execution 73 - QUIC Single
Handshake duration: 49.22 ms
Execution 74 - QUIC Single
Handshake duration: 48.55 ms
Execution 75 - QUIC Single
Handshake duration: 66.41 ms
Execution 76 - QUIC Single
Handshake duration: 52.06 ms
Execution 77 - QUIC Single
Handshake duration: 49.07 ms
Execution 78 - QUIC Single
Handshake duration: 49.33 ms
Execution 79 - QUIC Single
Handshake duration: 48.74 ms
Execution 80 - QUIC Single
Handshake duration: 48.68 ms
Execution 81 - QUIC Single
Handshake duration: 54.33 ms
Execution 82 - QUIC Single
Handshake duration: 62.07 ms
Execution 83 - QUIC Single
Handshake duration: 48.68 ms
Execution 84 - QUIC Single
Handshake duration: 62.00 ms
Execution 85 - QUIC Single
Handshake duration: 48.76 ms
Execution 86 - QUIC Single
Handshake duration: 59.58 ms
Execution 87 - QUIC Single
Handshake duration: 49.11 ms
Execution 88 - QUIC Single
Handshake duration: 48.75 ms
Execution 89 - QUIC Single
Handshake duration: 48.61 ms
Execution 90 - QUIC Single
Handshake duration: 49.94 ms
Execution 91 - QUIC Single
Handshake duration: 49.08 ms
Execution 92 - QUIC Single
Handshake duration: 49.27 ms
Execution 93 - QUIC Single
Handshake duration: 48.73 ms
Execution 94 - QUIC Single
Handshake duration: 49.46 ms
Execution 95 - QUIC Single
Handshake duration: 48.46 ms
Execution 96 - QUIC Single
Handshake duration: 48.09 ms
Execution 97 - QUIC Single
Handshake duration: 48.64 ms
Execution 98 - QUIC Single
Handshake duration: 48.59 ms
Execution 99 - QUIC Single
Handshake duration: 48.58 ms
Execution 100 - QUIC Single
Handshake duration: 69.42 ms
Execution 101 - QUIC Single
Handshake duration: 59.15 ms
Execution 102 - QUIC Single
Handshake duration: 48.62 ms
Execution 103 - QUIC Single
Handshake duration: 48.73 ms
Execution 104 - QUIC Single
Handshake duration: 48.84 ms
Execution 105 - QUIC Single
Handshake duration: 48.91 ms
Execution 106 - QUIC Single
Handshake duration: 48.74 ms
Execution 107 - QUIC Single
Handshake duration: 49.77 ms
Execution 108 - QUIC Single
Handshake duration: 49.13 ms
Execution 109 - QUIC Single
Handshake duration: 49.40 ms
Execution 110 - QUIC Single
Handshake duration: 48.46 ms
Execution 111 - QUIC Single
Handshake duration: 48.33 ms
Execution 112 - QUIC Single
Handshake duration: 48.57 ms
Execution 113 - QUIC Single
Handshake duration: 48.54 ms
Execution 114 - QUIC Single
Handshake duration: 49.09 ms
Execution 115 - QUIC Single
Handshake duration: 48.98 ms
Execution 116 - QUIC Single
Handshake duration: 49.07 ms
Execution 117 - QUIC Single
Handshake duration: 49.15 ms
Execution 118 - QUIC Single
Handshake duration: 49.44 ms
Execution 119 - QUIC Single
Handshake duration: 50.12 ms
Execution 120 - QUIC Single
Handshake duration: 54.28 ms
Execution 121 - QUIC Single
Handshake duration: 49.34 ms
Execution 122 - QUIC Single
Handshake duration: 48.82 ms
Execution 123 - QUIC Single
Handshake duration: 48.57 ms
Execution 124 - QUIC Single
Handshake duration: 67.03 ms
Execution 125 - QUIC Single
Handshake duration: 48.25 ms
Execution 126 - QUIC Single
Handshake duration: 49.14 ms
Execution 127 - QUIC Single
Handshake duration: 48.43 ms
Execution 128 - QUIC Single
Handshake duration: 48.67 ms
Execution 129 - QUIC Single
Handshake duration: 49.52 ms
Execution 130 - QUIC Single
Handshake duration: 49.05 ms
Execution 131 - QUIC Single
Handshake duration: 57.81 ms
Execution 132 - QUIC Single
Handshake duration: 49.39 ms
Execution 133 - QUIC Single
Handshake duration: 49.06 ms
Execution 134 - QUIC Single
Handshake duration: 49.47 ms
Execution 135 - QUIC Single
Handshake duration: 49.40 ms
Execution 136 - QUIC Single
Handshake duration: 48.73 ms
Execution 137 - QUIC Single
Handshake duration: 48.56 ms
Execution 138 - QUIC Single
Handshake duration: 48.06 ms
Execution 139 - QUIC Single
Handshake duration: 48.48 ms
Execution 140 - QUIC Single
Handshake duration: 48.61 ms
Execution 141 - QUIC Single
Handshake duration: 48.72 ms
Execution 142 - QUIC Single
Handshake duration: 61.33 ms
Execution 143 - QUIC Single
Handshake duration: 48.63 ms
Execution 144 - QUIC Single
Handshake duration: 49.28 ms
Execution 145 - QUIC Single
Handshake duration: 48.59 ms
Execution 146 - QUIC Single
Handshake duration: 49.23 ms
Execution 147 - QUIC Single
Handshake duration: 60.15 ms
Execution 148 - QUIC Single
Handshake duration: 58.89 ms
Execution 149 - QUIC Single
Handshake duration: 48.83 ms
Execution 150 - QUIC Single
Handshake duration: 49.38 ms
Execution 151 - QUIC Single
Handshake duration: 49.07 ms
Execution 152 - QUIC Single
Handshake duration: 48.13 ms
Execution 153 - QUIC Single
Handshake duration: 49.51 ms
Execution 154 - QUIC Single
Handshake duration: 48.65 ms
Execution 155 - QUIC Single
Handshake duration: 53.49 ms
Execution 156 - QUIC Single
Handshake duration: 48.74 ms
Execution 157 - QUIC Single
Handshake duration: 48.76 ms
Execution 158 - QUIC Single
Handshake duration: 60.76 ms
Execution 159 - QUIC Single
Handshake duration: 49.31 ms
Execution 160 - QUIC Single
Handshake duration: 49.55 ms
Execution 161 - QUIC Single
Handshake duration: 48.79 ms
Execution 162 - QUIC Single
Handshake duration: 49.18 ms
Execution 163 - QUIC Single
Handshake duration: 48.23 ms
Execution 164 - QUIC Single
Handshake duration: 49.34 ms
Execution 165 - QUIC Single
Handshake duration: 48.76 ms
Execution 166 - QUIC Single
Handshake duration: 48.18 ms
Execution 167 - QUIC Single
Handshake duration: 48.47 ms
Execution 168 - QUIC Single
Handshake duration: 65.27 ms
Execution 169 - QUIC Single
Handshake duration: 48.17 ms
Execution 170 - QUIC Single
Handshake duration: 49.31 ms
Execution 171 - QUIC Single
Handshake duration: 48.95 ms
Execution 172 - QUIC Single
Handshake duration: 49.02 ms
Execution 173 - QUIC Single
Handshake duration: 48.86 ms
Execution 174 - QUIC Single
Handshake duration: 49.16 ms
Execution 175 - QUIC Single
Handshake duration: 49.15 ms
Execution 176 - QUIC Single
Handshake duration: 53.38 ms
Execution 177 - QUIC Single
Handshake duration: 48.91 ms
Execution 178 - QUIC Single
Handshake duration: 48.43 ms
Execution 179 - QUIC Single
Handshake duration: 48.59 ms
Execution 180 - QUIC Single
Handshake duration: 50.27 ms
Execution 181 - QUIC Single
Handshake duration: 48.64 ms
Execution 182 - QUIC Single
Handshake duration: 48.42 ms
Execution 183 - QUIC Single
Handshake duration: 49.46 ms
Execution 184 - QUIC Single
Handshake duration: 50.40 ms
Execution 185 - QUIC Single
Handshake duration: 49.24 ms
Execution 186 - QUIC Single
Handshake duration: 59.62 ms
Execution 187 - QUIC Single
Handshake duration: 49.08 ms
Execution 188 - QUIC Single
Handshake duration: 48.90 ms
Execution 189 - QUIC Single
Handshake duration: 49.44 ms
Execution 190 - QUIC Single
Handshake duration: 48.90 ms
Execution 191 - QUIC Single
Handshake duration: 49.37 ms
Execution 192 - QUIC Single
Handshake duration: 48.26 ms
Execution 193 - QUIC Single
Handshake duration: 56.28 ms
Execution 194 - QUIC Single
Handshake duration: 48.11 ms
Execution 195 - QUIC Single
Handshake duration: 48.56 ms
Execution 196 - QUIC Single
Handshake duration: 48.56 ms
Execution 197 - QUIC Single
Handshake duration: 48.54 ms
Execution 198 - QUIC Single
Handshake duration: 54.19 ms
Execution 199 - QUIC Single
Handshake duration: 49.04 ms
Execution 200 - QUIC Single
Handshake duration: 48.62 ms
Execution 201 - QUIC Single
Handshake duration: 48.85 ms
Execution 202 - QUIC Single
Handshake duration: 60.43 ms
Execution 203 - QUIC Single
Handshake duration: 49.03 ms
Execution 204 - QUIC Single
Handshake duration: 48.88 ms
Execution 205 - QUIC Single
Handshake duration: 49.41 ms
Execution 206 - QUIC Single
Handshake duration: 49.87 ms
Execution 207 - QUIC Single
Handshake duration: 56.66 ms
Execution 208 - QUIC Single
Handshake duration: 61.28 ms
Execution 209 - QUIC Single
Handshake duration: 48.16 ms
Execution 210 - QUIC Single
Handshake duration: 48.83 ms
Execution 211 - QUIC Single
Handshake duration: 48.17 ms
Execution 212 - QUIC Single
Handshake duration: 49.25 ms
Execution 213 - QUIC Single
Handshake duration: 49.38 ms
Execution 214 - QUIC Single
Handshake duration: 49.09 ms
Execution 215 - QUIC Single
Handshake duration: 49.52 ms
Execution 216 - QUIC Single
Handshake duration: 49.15 ms
Execution 217 - QUIC Single
Handshake duration: 49.18 ms
Execution 218 - QUIC Single
Handshake duration: 48.92 ms
Execution 219 - QUIC Single
Handshake duration: 48.84 ms
Execution 220 - QUIC Single
Handshake duration: 48.95 ms
Execution 221 - QUIC Single
Handshake duration: 48.88 ms
Execution 222 - QUIC Single
Handshake duration: 48.51 ms
Execution 223 - QUIC Single
Handshake duration: 48.16 ms
Execution 224 - QUIC Single
Handshake duration: 49.05 ms
Execution 225 - QUIC Single
Handshake duration: 48.33 ms
Execution 226 - QUIC Single
Handshake duration: 48.94 ms
Execution 227 - QUIC Single
Handshake duration: 48.39 ms
Execution 228 - QUIC Single
Handshake duration: 48.44 ms
Execution 229 - QUIC Single
Handshake duration: 51.36 ms
Execution 230 - QUIC Single
Handshake duration: 49.15 ms
Execution 231 - QUIC Single
Handshake duration: 49.11 ms
Execution 232 - QUIC Single
Handshake duration: 48.34 ms
Execution 233 - QUIC Single
Handshake duration: 49.45 ms
Execution 234 - QUIC Single
Handshake duration: 48.25 ms
Execution 235 - QUIC Single
Handshake duration: 48.55 ms
Execution 236 - QUIC Single
Handshake duration: 48.47 ms
Execution 237 - QUIC Single
Handshake duration: 48.96 ms
Execution 238 - QUIC Single
Handshake duration: 48.39 ms
Execution 239 - QUIC Single
Handshake duration: 48.70 ms
Execution 240 - QUIC Single
Handshake duration: 48.69 ms
Execution 241 - QUIC Single
Handshake duration: 48.77 ms
Execution 242 - QUIC Single
Handshake duration: 49.12 ms
Execution 243 - QUIC Single
Handshake duration: 48.98 ms
Execution 244 - QUIC Single
Handshake duration: 48.87 ms
Execution 245 - QUIC Single
Handshake duration: 49.19 ms
Execution 246 - QUIC Single
Handshake duration: 48.68 ms
Execution 247 - QUIC Single
Handshake duration: 49.74 ms
Execution 248 - QUIC Single
Handshake duration: 48.47 ms
Execution 249 - QUIC Single
Handshake duration: 49.52 ms
Execution 250 - QUIC Single
Handshake duration: 48.75 ms
Execution 251 - QUIC Single
Handshake duration: 48.34 ms
Execution 252 - QUIC Single
Handshake duration: 53.27 ms
Execution 253 - QUIC Single
Handshake duration: 48.21 ms
Execution 254 - QUIC Single
Handshake duration: 49.49 ms
Execution 255 - QUIC Single
Handshake duration: 49.37 ms
Execution 256 - QUIC Single
Handshake duration: 48.37 ms
Execution 257 - QUIC Single
Handshake duration: 48.75 ms
Execution 258 - QUIC Single
Handshake duration: 48.75 ms
Execution 259 - QUIC Single
Handshake duration: 49.45 ms
Execution 260 - QUIC Single
Handshake duration: 49.20 ms
Execution 261 - QUIC Single
Handshake duration: 49.13 ms
Execution 262 - QUIC Single
Handshake duration: 55.32 ms
Execution 263 - QUIC Single
Handshake duration: 49.22 ms
Execution 264 - QUIC Single
Handshake duration: 48.61 ms
Execution 265 - QUIC Single
Handshake duration: 48.07 ms
Execution 266 - QUIC Single
Handshake duration: 48.54 ms
Execution 267 - QUIC Single
Handshake duration: 48.70 ms
Execution 268 - QUIC Single
Handshake duration: 48.09 ms
Execution 269 - QUIC Single
Handshake duration: 48.97 ms
Execution 270 - QUIC Single
Handshake duration: 48.62 ms
Execution 271 - QUIC Single
Handshake duration: 48.34 ms
Execution 272 - QUIC Single
Handshake duration: 49.16 ms
Execution 273 - QUIC Single
Handshake duration: 49.44 ms
Execution 274 - QUIC Single
Handshake duration: 49.53 ms
Execution 275 - QUIC Single
Handshake duration: 49.72 ms
Execution 276 - QUIC Single
Handshake duration: 49.57 ms
Execution 277 - QUIC Single
Handshake duration: 48.80 ms
Execution 278 - QUIC Single
Handshake duration: 49.35 ms
Execution 279 - QUIC Single
Handshake duration: 48.61 ms
Execution 280 - QUIC Single
Handshake duration: 48.46 ms
Execution 281 - QUIC Single
Handshake duration: 48.83 ms
Execution 282 - QUIC Single
Handshake duration: 48.67 ms
Execution 283 - QUIC Single
Handshake duration: 49.61 ms
Execution 284 - QUIC Single
Handshake duration: 60.27 ms
Execution 285 - QUIC Single
Handshake duration: 64.11 ms
Execution 286 - QUIC Single
Handshake duration: 48.93 ms
Execution 287 - QUIC Single
Handshake duration: 49.01 ms
Execution 288 - QUIC Single
Handshake duration: 49.19 ms
Execution 289 - QUIC Single
Handshake duration: 48.96 ms
Execution 290 - QUIC Single
Handshake duration: 49.35 ms
Execution 291 - QUIC Single
Handshake duration: 48.84 ms
Execution 292 - QUIC Single
Handshake duration: 48.75 ms
Execution 293 - QUIC Single
Handshake duration: 60.75 ms
Execution 294 - QUIC Single
Handshake duration: 48.35 ms
Execution 295 - QUIC Single
Handshake duration: 59.21 ms
Execution 296 - QUIC Single
Handshake duration: 48.38 ms
Execution 297 - QUIC Single
Handshake duration: 61.75 ms
Execution 298 - QUIC Single
Handshake duration: 48.91 ms
Execution 299 - QUIC Single
Handshake duration: 54.01 ms
Execution 300 - QUIC Single
Handshake duration: 48.53 ms
Execution 301 - QUIC Single
Handshake duration: 48.83 ms
Execution 302 - QUIC Single
Handshake duration: 49.22 ms
Execution 303 - QUIC Single
Handshake duration: 49.02 ms
Execution 304 - QUIC Single
Handshake duration: 49.59 ms
Execution 305 - QUIC Single
Handshake duration: 62.14 ms
Execution 306 - QUIC Single
Handshake duration: 51.54 ms
Execution 307 - QUIC Single
Handshake duration: 48.76 ms
Execution 308 - QUIC Single
Handshake duration: 49.88 ms
Execution 309 - QUIC Single
Handshake duration: 49.51 ms
Execution 310 - QUIC Single
Handshake duration: 48.33 ms
Execution 311 - QUIC Single
Handshake duration: 50.72 ms
Execution 312 - QUIC Single
Handshake duration: 49.12 ms
Execution 313 - QUIC Single
Handshake duration: 59.09 ms
Execution 314 - QUIC Single
Handshake duration: 48.69 ms
Execution 315 - QUIC Single
Handshake duration: 48.91 ms
Execution 316 - QUIC Single
Handshake duration: 57.92 ms
Execution 317 - QUIC Single
Handshake duration: 50.08 ms
Execution 318 - QUIC Single
Handshake duration: 48.59 ms
Execution 319 - QUIC Single
Handshake duration: 48.95 ms
Execution 320 - QUIC Single
Handshake duration: 49.01 ms
Execution 321 - QUIC Single
Handshake duration: 48.06 ms
Execution 322 - QUIC Single
Handshake duration: 50.20 ms
Execution 323 - QUIC Single
Handshake duration: 48.79 ms
Execution 324 - QUIC Single
Handshake duration: 48.61 ms
Execution 325 - QUIC Single
Handshake duration: 49.38 ms
Execution 326 - QUIC Single
Handshake duration: 48.35 ms
Execution 327 - QUIC Single
Handshake duration: 48.88 ms
Execution 328 - QUIC Single
Handshake duration: 60.57 ms
Execution 329 - QUIC Single
Handshake duration: 48.80 ms
Execution 330 - QUIC Single
Handshake duration: 49.20 ms
Execution 331 - QUIC Single
Handshake duration: 49.29 ms
Execution 332 - QUIC Single
Handshake duration: 57.10 ms
Execution 333 - QUIC Single
Handshake duration: 48.96 ms
Execution 334 - QUIC Single
Handshake duration: 49.51 ms
Execution 335 - QUIC Single
Handshake duration: 48.67 ms
Execution 336 - QUIC Single
Handshake duration: 61.30 ms
Execution 337 - QUIC Single
Handshake duration: 48.59 ms
Execution 338 - QUIC Single
Handshake duration: 56.99 ms
Execution 339 - QUIC Single
Handshake duration: 51.46 ms
Execution 340 - QUIC Single
Handshake duration: 53.99 ms
Execution 341 - QUIC Single
Handshake duration: 49.20 ms
Execution 342 - QUIC Single
Handshake duration: 49.19 ms
Execution 343 - QUIC Single
Handshake duration: 49.10 ms
Execution 344 - QUIC Single
Handshake duration: 49.34 ms
Execution 345 - QUIC Single
Handshake duration: 48.74 ms
Execution 346 - QUIC Single
Handshake duration: 55.97 ms
Execution 347 - QUIC Single
Handshake duration: 53.95 ms
Execution 348 - QUIC Single
Handshake duration: 49.06 ms
Execution 349 - QUIC Single
Handshake duration: 48.13 ms
Execution 350 - QUIC Single
Handshake duration: 48.37 ms
Execution 351 - QUIC Single
Handshake duration: 48.42 ms
Execution 352 - QUIC Single
Handshake duration: 48.62 ms
Execution 353 - QUIC Single
Handshake duration: 49.55 ms
Execution 354 - QUIC Single
Handshake duration: 54.12 ms
Execution 355 - QUIC Single
Handshake duration: 49.37 ms
Execution 356 - QUIC Single
Handshake duration: 48.51 ms
Execution 357 - QUIC Single
Handshake duration: 48.52 ms
Execution 358 - QUIC Single
Handshake duration: 56.54 ms
Execution 359 - QUIC Single
Handshake duration: 49.16 ms
Execution 360 - QUIC Single
Handshake duration: 49.22 ms
Execution 361 - QUIC Single
Handshake duration: 49.17 ms
Execution 362 - QUIC Single
Handshake duration: 64.68 ms
Execution 363 - QUIC Single
Handshake duration: 63.83 ms
Execution 364 - QUIC Single
Handshake duration: 48.55 ms
Execution 365 - QUIC Single
Handshake duration: 48.38 ms
Execution 366 - QUIC Single
Handshake duration: 49.69 ms
Execution 367 - QUIC Single
Handshake duration: 48.67 ms
Execution 368 - QUIC Single
Handshake duration: 59.46 ms
Execution 369 - QUIC Single
Handshake duration: 49.22 ms
Execution 370 - QUIC Single
Handshake duration: 49.06 ms
Execution 371 - QUIC Single
Handshake duration: 48.80 ms
Execution 372 - QUIC Single
Handshake duration: 64.53 ms
Execution 373 - QUIC Single
Handshake duration: 49.69 ms
Execution 374 - QUIC Single
Handshake duration: 64.91 ms
Execution 375 - QUIC Single
Handshake duration: 48.69 ms
Execution 376 - QUIC Single
Handshake duration: 48.79 ms
Execution 377 - QUIC Single
Handshake duration: 67.25 ms
Execution 378 - QUIC Single
Handshake duration: 48.48 ms
Execution 379 - QUIC Single
Handshake duration: 48.41 ms
Execution 380 - QUIC Single
Handshake duration: 49.21 ms
Execution 381 - QUIC Single
Handshake duration: 48.89 ms
Execution 382 - QUIC Single
Handshake duration: 64.20 ms
Execution 383 - QUIC Single
Handshake duration: 48.38 ms
Execution 384 - QUIC Single
Handshake duration: 48.57 ms
Execution 385 - QUIC Single
Handshake duration: 49.16 ms
Execution 386 - QUIC Single
Handshake duration: 48.73 ms
Execution 387 - QUIC Single
Handshake duration: 48.78 ms
Execution 388 - QUIC Single
Handshake duration: 49.30 ms
Execution 389 - QUIC Single
Handshake duration: 51.05 ms
Execution 390 - QUIC Single
Handshake duration: 48.90 ms
Execution 391 - QUIC Single
Handshake duration: 49.14 ms
Execution 392 - QUIC Single
Handshake duration: 49.27 ms
Execution 393 - QUIC Single
Handshake duration: 65.00 ms
Execution 394 - QUIC Single
Handshake duration: 48.81 ms
Execution 395 - QUIC Single
Handshake duration: 49.23 ms
Execution 396 - QUIC Single
Handshake duration: 48.61 ms
Execution 397 - QUIC Single
Handshake duration: 51.77 ms
Execution 398 - QUIC Single
Handshake duration: 49.12 ms
Execution 399 - QUIC Single
Handshake duration: 61.72 ms
Execution 400 - QUIC Single
Handshake duration: 48.57 ms
Execution 401 - QUIC Single
Handshake duration: 48.56 ms
Execution 402 - QUIC Single
Handshake duration: 48.68 ms
Execution 403 - QUIC Single
Handshake duration: 48.46 ms
Execution 404 - QUIC Single
Handshake duration: 48.20 ms
Execution 405 - QUIC Single
Handshake duration: 48.57 ms
Execution 406 - QUIC Single
Handshake duration: 48.52 ms
Execution 407 - QUIC Single
Handshake duration: 48.44 ms
Execution 408 - QUIC Single
Handshake duration: 49.08 ms
Execution 409 - QUIC Single
Handshake duration: 49.22 ms
Execution 410 - QUIC Single
Handshake duration: 49.96 ms
Execution 411 - QUIC Single
Handshake duration: 49.05 ms
Execution 412 - QUIC Single
Handshake duration: 48.80 ms
Execution 413 - QUIC Single
Handshake duration: 50.06 ms
Execution 414 - QUIC Single
Handshake duration: 50.03 ms
Execution 415 - QUIC Single
Handshake duration: 65.19 ms
Execution 416 - QUIC Single
Handshake duration: 57.35 ms
Execution 417 - QUIC Single
Handshake duration: 49.44 ms
Execution 418 - QUIC Single
Handshake duration: 48.40 ms
Execution 419 - QUIC Single
Handshake duration: 48.32 ms
Execution 420 - QUIC Single
Handshake duration: 48.13 ms
Execution 421 - QUIC Single
Handshake duration: 48.29 ms
Execution 422 - QUIC Single
Handshake duration: 59.66 ms
Execution 423 - QUIC Single
Handshake duration: 48.43 ms
Execution 424 - QUIC Single
Handshake duration: 49.08 ms
Execution 425 - QUIC Single
Handshake duration: 49.16 ms
Execution 426 - QUIC Single
Handshake duration: 49.38 ms
Execution 427 - QUIC Single
Handshake duration: 48.76 ms
Execution 428 - QUIC Single
Handshake duration: 48.66 ms
Execution 429 - QUIC Single
Handshake duration: 49.06 ms
Execution 430 - QUIC Single
Handshake duration: 48.97 ms
Execution 431 - QUIC Single
Handshake duration: 48.99 ms
Execution 432 - QUIC Single
Handshake duration: 48.42 ms
Execution 433 - QUIC Single
Handshake duration: 48.50 ms
Execution 434 - QUIC Single
Handshake duration: 48.48 ms
Execution 435 - QUIC Single
Handshake duration: 48.38 ms
Execution 436 - QUIC Single
Handshake duration: 48.95 ms
Execution 437 - QUIC Single
Handshake duration: 49.33 ms
Execution 438 - QUIC Single
Handshake duration: 54.35 ms
Execution 439 - QUIC Single
Handshake duration: 48.98 ms
Execution 440 - QUIC Single
Handshake duration: 48.84 ms
Execution 441 - QUIC Single
Handshake duration: 48.72 ms
Execution 442 - QUIC Single
Handshake duration: 48.74 ms
Execution 443 - QUIC Single
Handshake duration: 48.40 ms
Execution 444 - QUIC Single
Handshake duration: 49.30 ms
Execution 445 - QUIC Single
Handshake duration: 49.46 ms
Execution 446 - QUIC Single
Handshake duration: 49.09 ms
Execution 447 - QUIC Single
Handshake duration: 48.14 ms
Execution 448 - QUIC Single
Handshake duration: 60.48 ms
Execution 449 - QUIC Single
Handshake duration: 48.47 ms
Execution 450 - QUIC Single
Handshake duration: 63.60 ms
Execution 451 - QUIC Single
Handshake duration: 48.79 ms
Execution 452 - QUIC Single
Handshake duration: 49.05 ms
Execution 453 - QUIC Single
Handshake duration: 49.41 ms
Execution 454 - QUIC Single
Handshake duration: 48.42 ms
Execution 455 - QUIC Single
Handshake duration: 49.74 ms
Execution 456 - QUIC Single
Handshake duration: 48.95 ms
Execution 457 - QUIC Single
Handshake duration: 48.57 ms
Execution 458 - QUIC Single
Handshake duration: 48.63 ms
Execution 459 - QUIC Single
Handshake duration: 50.67 ms
Execution 460 - QUIC Single
Handshake duration: 49.07 ms
Execution 461 - QUIC Single
Handshake duration: 48.17 ms
Execution 462 - QUIC Single
Handshake duration: 48.12 ms
Execution 463 - QUIC Single
Handshake duration: 48.47 ms
Execution 464 - QUIC Single
Handshake duration: 48.75 ms
Execution 465 - QUIC Single
Handshake duration: 49.34 ms
Execution 466 - QUIC Single
Handshake duration: 48.72 ms
Execution 467 - QUIC Single
Handshake duration: 49.16 ms
Execution 468 - QUIC Single
Handshake duration: 48.94 ms
Execution 469 - QUIC Single
Handshake duration: 58.05 ms
Execution 470 - QUIC Single
Handshake duration: 49.44 ms
Execution 471 - QUIC Single
Handshake duration: 48.77 ms
Execution 472 - QUIC Single
Handshake duration: 48.80 ms
Execution 473 - QUIC Single
Handshake duration: 49.14 ms
Execution 474 - QUIC Single
Handshake duration: 57.21 ms
Execution 475 - QUIC Single
Handshake duration: 48.36 ms
Execution 476 - QUIC Single
Handshake duration: 49.18 ms
Execution 477 - QUIC Single
Handshake duration: 48.27 ms
Execution 478 - QUIC Single
Handshake duration: 48.41 ms
Execution 479 - QUIC Single
Handshake duration: 48.91 ms
Execution 480 - QUIC Single
Handshake duration: 49.54 ms
Execution 481 - QUIC Single
Handshake duration: 69.21 ms
Execution 482 - QUIC Single
Handshake duration: 49.08 ms
Execution 483 - QUIC Single
Handshake duration: 48.45 ms
Execution 484 - QUIC Single
Handshake duration: 48.81 ms
Execution 485 - QUIC Single
Handshake duration: 48.66 ms
Execution 486 - QUIC Single
Handshake duration: 48.60 ms
Execution 487 - QUIC Single
Handshake duration: 64.99 ms
Execution 488 - QUIC Single
Handshake duration: 48.87 ms
Execution 489 - QUIC Single
Handshake duration: 48.16 ms
Execution 490 - QUIC Single
Handshake duration: 48.45 ms
Execution 491 - QUIC Single
Handshake duration: 68.51 ms
Execution 492 - QUIC Single
Handshake duration: 48.63 ms
Execution 493 - QUIC Single
Handshake duration: 68.23 ms
Execution 494 - QUIC Single
Handshake duration: 48.90 ms
Execution 495 - QUIC Single
Handshake duration: 49.28 ms
Execution 496 - QUIC Single
Handshake duration: 49.26 ms
Execution 497 - QUIC Single
Handshake duration: 48.59 ms
Execution 498 - QUIC Single
Handshake duration: 48.84 ms
Execution 499 - QUIC Single
Handshake duration: 58.98 ms
Execution 500 - QUIC Single
Handshake duration: 49.23 ms
     Waiting  ... 
   Shutting down server and impairments...

 ==> Executing for SIG_ALG: secp521r1

 ==> Creating Certs and Keys
Creating certificates
Using ECDSA procedure for secp521r1
Certificate request self-signature ok
subject=CN=localhost
Certificate request self-signature ok
subject=CN=user
Running /opt/oqssa/bin/doCert.sh with SIG_ALG=secp521r1 and certificates created

./Launcherv3_pq_hqc_ge_rerun.sh : ligne 281 : 60753 Processus arrêté      /usr/local/bin/pumba netem --duration 1h --interface $NETIF loss-gemodel --pg "${args[0]}" --pb "${args[1]}" --one-h "${args[2]}" --one-k "${args[3]}" "$OQS_SERVER"

****************
  -> KEM: P-521

    Executing docker Server...
servidor
cliente
cd49ede7077969f4daf77814c41c196acb61682aa5616f369d82cd79aaf62c1e
    Buscando IP.. 
    IP..  172.18.0.2
   ↳ Applying unstable network profile (loss-gemodel pg20 pb40 h90 k20)
   ✔ Pumba PID 65723 confirmed running (SIG=secp521r1 KEM=P-521 PROTO=quic)
    Executing docker Client... 172.18.0.2
34e6400c17b6ead7e79d5a5c93b95375ceea6403208fa330973dc804a8240d82
cliente
     Docker cliente executed ... 

**************************
     Executing test  ... 
Applying netem rules to lo...
Showing qdisc status for the interface: lo
qdisc netem 8018: root refcnt 2 limit 1000 seed 4779837793083561349
 Sent 0 bytes 0 pkt (dropped 0, overlimits 0 requeues 0) 
 backlog 0b 0p requeues 0
Running ./perftestClientTlsQuic.sh with SIG_ALG=secp521r1 and KEM_ALG=P-521
Execution 1 - QUIC Single
Handshake duration: 5.75 ms
Execution 2 - QUIC Single
Handshake duration: 5.27 ms
Execution 3 - QUIC Single
Handshake duration: 5.02 ms
Execution 4 - QUIC Single
Handshake duration: 5.27 ms
Execution 5 - QUIC Single
Handshake duration: 5.24 ms
Execution 6 - QUIC Single
Handshake duration: 5.18 ms
Execution 7 - QUIC Single
Handshake duration: 5.56 ms
Execution 8 - QUIC Single
Handshake duration: 5.37 ms
Execution 9 - QUIC Single
Handshake duration: 5.09 ms
Execution 10 - QUIC Single
Handshake duration: 5.30 ms
Execution 11 - QUIC Single
Handshake duration: 5.10 ms
Execution 12 - QUIC Single
Handshake duration: 4.94 ms
Execution 13 - QUIC Single
Handshake duration: 4.96 ms
Execution 14 - QUIC Single
Handshake duration: 7.19 ms
Execution 15 - QUIC Single
Handshake duration: 5.62 ms
Execution 16 - QUIC Single
Handshake duration: 5.14 ms
Execution 17 - QUIC Single
Handshake duration: 5.32 ms
Execution 18 - QUIC Single
Handshake duration: 7.12 ms
Execution 19 - QUIC Single
Handshake duration: 5.08 ms
Execution 20 - QUIC Single
Handshake duration: 4.92 ms
Execution 21 - QUIC Single
Handshake duration: 4.96 ms
Execution 22 - QUIC Single
Handshake duration: 5.05 ms
Execution 23 - QUIC Single
Handshake duration: 5.00 ms
Execution 24 - QUIC Single
Handshake duration: 5.11 ms
Execution 25 - QUIC Single
Handshake duration: 5.05 ms
Execution 26 - QUIC Single
Handshake duration: 5.17 ms
Execution 27 - QUIC Single
Handshake duration: 4.99 ms
Execution 28 - QUIC Single
Handshake duration: 5.03 ms
Execution 29 - QUIC Single
Handshake duration: 5.63 ms
Execution 30 - QUIC Single
Handshake duration: 8.27 ms
Execution 31 - QUIC Single
Handshake duration: 5.11 ms
Execution 32 - QUIC Single
Handshake duration: 5.01 ms
Execution 33 - QUIC Single
Handshake duration: 4.89 ms
Execution 34 - QUIC Single
Handshake duration: 4.91 ms
Execution 35 - QUIC Single
Handshake duration: 4.94 ms
Execution 36 - QUIC Single
Handshake duration: 4.95 ms
Execution 37 - QUIC Single
Handshake duration: 5.03 ms
Execution 38 - QUIC Single
Handshake duration: 5.06 ms
Execution 39 - QUIC Single
Handshake duration: 5.37 ms
Execution 40 - QUIC Single
Handshake duration: 5.17 ms
Execution 41 - QUIC Single
Handshake duration: 4.93 ms
Execution 42 - QUIC Single
Handshake duration: 5.01 ms
Execution 43 - QUIC Single
Handshake duration: 4.98 ms
Execution 44 - QUIC Single
Handshake duration: 7.18 ms
Execution 45 - QUIC Single
Handshake duration: 5.10 ms
Execution 46 - QUIC Single
Handshake duration: 4.94 ms
Execution 47 - QUIC Single
Handshake duration: 5.19 ms
Execution 48 - QUIC Single
Handshake duration: 7.08 ms
Execution 49 - QUIC Single
Handshake duration: 5.13 ms
Execution 50 - QUIC Single
Handshake duration: 4.93 ms
Execution 51 - QUIC Single
Handshake duration: 5.14 ms
Execution 52 - QUIC Single
Handshake duration: 5.45 ms
Execution 53 - QUIC Single
Handshake duration: 7.23 ms
Execution 54 - QUIC Single
Handshake duration: 5.09 ms
Execution 55 - QUIC Single
Handshake duration: 5.07 ms
Execution 56 - QUIC Single
Handshake duration: 5.64 ms
Execution 57 - QUIC Single
Handshake duration: 5.39 ms
Execution 58 - QUIC Single
Handshake duration: 5.01 ms
Execution 59 - QUIC Single
Handshake duration: 4.98 ms
Execution 60 - QUIC Single
Handshake duration: 4.95 ms
Execution 61 - QUIC Single
Handshake duration: 5.04 ms
Execution 62 - QUIC Single
Handshake duration: 5.01 ms
Execution 63 - QUIC Single
Handshake duration: 5.09 ms
Execution 64 - QUIC Single
Handshake duration: 5.11 ms
Execution 65 - QUIC Single
Handshake duration: 5.21 ms
Execution 66 - QUIC Single
Handshake duration: 5.09 ms
Execution 67 - QUIC Single
Handshake duration: 5.08 ms
Execution 68 - QUIC Single
Handshake duration: 4.96 ms
Execution 69 - QUIC Single
Handshake duration: 7.00 ms
Execution 70 - QUIC Single
Handshake duration: 5.00 ms
Execution 71 - QUIC Single
Handshake duration: 4.94 ms
Execution 72 - QUIC Single
Handshake duration: 5.17 ms
Execution 73 - QUIC Single
Handshake duration: 5.04 ms
Execution 74 - QUIC Single
Handshake duration: 5.50 ms
Execution 75 - QUIC Single
Handshake duration: 5.21 ms
Execution 76 - QUIC Single
Handshake duration: 5.40 ms
Execution 77 - QUIC Single
Handshake duration: 5.38 ms
Execution 78 - QUIC Single
Handshake duration: 5.05 ms
Execution 79 - QUIC Single
Handshake duration: 4.94 ms
Execution 80 - QUIC Single
Handshake duration: 4.97 ms
Execution 81 - QUIC Single
Handshake duration: 4.90 ms
Execution 82 - QUIC Single
Handshake duration: 5.01 ms
Execution 83 - QUIC Single
Handshake duration: 5.25 ms
Execution 84 - QUIC Single
Handshake duration: 4.97 ms
Execution 85 - QUIC Single
Handshake duration: 4.96 ms
Execution 86 - QUIC Single
Handshake duration: 5.11 ms
Execution 87 - QUIC Single
Handshake duration: 5.24 ms
Execution 88 - QUIC Single
Handshake duration: 6.99 ms
Execution 89 - QUIC Single
Handshake duration: 5.03 ms
Execution 90 - QUIC Single
Handshake duration: 5.29 ms
Execution 91 - QUIC Single
Handshake duration: 5.00 ms
Execution 92 - QUIC Single
Handshake duration: 5.15 ms
Execution 93 - QUIC Single
Handshake duration: 4.92 ms
Execution 94 - QUIC Single
Handshake duration: 5.04 ms
Execution 95 - QUIC Single
Handshake duration: 4.97 ms
Execution 96 - QUIC Single
Handshake duration: 4.97 ms
Execution 97 - QUIC Single
Handshake duration: 4.94 ms
Execution 98 - QUIC Single
Handshake duration: 4.96 ms
Execution 99 - QUIC Single
Handshake duration: 5.05 ms
Execution 100 - QUIC Single
Handshake duration: 5.61 ms
Execution 101 - QUIC Single
Handshake duration: 5.03 ms
Execution 102 - QUIC Single
Handshake duration: 5.08 ms
Execution 103 - QUIC Single
Handshake duration: 5.01 ms
Execution 104 - QUIC Single
Handshake duration: 4.95 ms
Execution 105 - QUIC Single
Handshake duration: 4.98 ms
Execution 106 - QUIC Single
Handshake duration: 5.51 ms
Execution 107 - QUIC Single
Handshake duration: 5.08 ms
Execution 108 - QUIC Single
Handshake duration: 5.05 ms
Execution 109 - QUIC Single
Handshake duration: 5.04 ms
Execution 110 - QUIC Single
Handshake duration: 7.10 ms
Execution 111 - QUIC Single
Handshake duration: 5.00 ms
Execution 112 - QUIC Single
Handshake duration: 4.98 ms
Execution 113 - QUIC Single
Handshake duration: 4.95 ms
Execution 114 - QUIC Single
Handshake duration: 5.01 ms
Execution 115 - QUIC Single
Handshake duration: 4.99 ms
Execution 116 - QUIC Single
Handshake duration: 7.06 ms
Execution 117 - QUIC Single
Handshake duration: 5.22 ms
Execution 118 - QUIC Single
Handshake duration: 4.90 ms
Execution 119 - QUIC Single
Handshake duration: 4.91 ms
Execution 120 - QUIC Single
Handshake duration: 5.43 ms
Execution 121 - QUIC Single
Handshake duration: 4.90 ms
Execution 122 - QUIC Single
Handshake duration: 4.92 ms
Execution 123 - QUIC Single
Handshake duration: 7.09 ms
Execution 124 - QUIC Single
Handshake duration: 7.05 ms
Execution 125 - QUIC Single
Handshake duration: 7.05 ms
Execution 126 - QUIC Single
Handshake duration: 7.01 ms
Execution 127 - QUIC Single
Handshake duration: 4.92 ms
Execution 128 - QUIC Single
Handshake duration: 5.01 ms
Execution 129 - QUIC Single
Handshake duration: 6.97 ms
Execution 130 - QUIC Single
Handshake duration: 5.12 ms
Execution 131 - QUIC Single
Handshake duration: 5.62 ms
Execution 132 - QUIC Single
Handshake duration: 4.98 ms
Execution 133 - QUIC Single
Handshake duration: 4.90 ms
Execution 134 - QUIC Single
Handshake duration: 4.96 ms
Execution 135 - QUIC Single
Handshake duration: 5.03 ms
Execution 136 - QUIC Single
Handshake duration: 5.24 ms
Execution 137 - QUIC Single
Handshake duration: 5.19 ms
Execution 138 - QUIC Single
Handshake duration: 7.26 ms
Execution 139 - QUIC Single
Handshake duration: 5.11 ms
Execution 140 - QUIC Single
Handshake duration: 5.08 ms
Execution 141 - QUIC Single
Handshake duration: 5.09 ms
Execution 142 - QUIC Single
Handshake duration: 5.08 ms
Execution 143 - QUIC Single
Handshake duration: 4.93 ms
Execution 144 - QUIC Single
Handshake duration: 5.07 ms
Execution 145 - QUIC Single
Handshake duration: 6.83 ms
Execution 146 - QUIC Single
Handshake duration: 5.04 ms
Execution 147 - QUIC Single
Handshake duration: 7.03 ms
Execution 148 - QUIC Single
Handshake duration: 6.69 ms
Execution 149 - QUIC Single
Handshake duration: 7.11 ms
Execution 150 - QUIC Single
Handshake duration: 5.41 ms
Execution 151 - QUIC Single
Handshake duration: 5.25 ms
Execution 152 - QUIC Single
Handshake duration: 5.11 ms
Execution 153 - QUIC Single
Handshake duration: 4.95 ms
Execution 154 - QUIC Single
Handshake duration: 5.09 ms
Execution 155 - QUIC Single
Handshake duration: 5.13 ms
Execution 156 - QUIC Single
Handshake duration: 5.13 ms
Execution 157 - QUIC Single
Handshake duration: 4.91 ms
Execution 158 - QUIC Single
Handshake duration: 7.05 ms
Execution 159 - QUIC Single
Handshake duration: 4.92 ms
Execution 160 - QUIC Single
Handshake duration: 4.94 ms
Execution 161 - QUIC Single
Handshake duration: 5.05 ms
Execution 162 - QUIC Single
Handshake duration: 5.06 ms
Execution 163 - QUIC Single
Handshake duration: 5.37 ms
Execution 164 - QUIC Single
Handshake duration: 5.52 ms
Execution 165 - QUIC Single
Handshake duration: 5.17 ms
Execution 166 - QUIC Single
Handshake duration: 4.92 ms
Execution 167 - QUIC Single
Handshake duration: 5.25 ms
Execution 168 - QUIC Single
Handshake duration: 4.90 ms
Execution 169 - QUIC Single
Handshake duration: 7.04 ms
Execution 170 - QUIC Single
Handshake duration: 5.68 ms
Execution 171 - QUIC Single
Handshake duration: 5.27 ms
Execution 172 - QUIC Single
Handshake duration: 7.15 ms
Execution 173 - QUIC Single
Handshake duration: 5.40 ms
Execution 174 - QUIC Single
Handshake duration: 4.90 ms
Execution 175 - QUIC Single
Handshake duration: 4.99 ms
Execution 176 - QUIC Single
Handshake duration: 4.97 ms
Execution 177 - QUIC Single
Handshake duration: 4.97 ms
Execution 178 - QUIC Single
Handshake duration: 5.03 ms
Execution 179 - QUIC Single
Handshake duration: 4.96 ms
Execution 180 - QUIC Single
Handshake duration: 4.95 ms
Execution 181 - QUIC Single
Handshake duration: 5.12 ms
Execution 182 - QUIC Single
Handshake duration: 5.12 ms
Execution 183 - QUIC Single
Handshake duration: 7.08 ms
Execution 184 - QUIC Single
Handshake duration: 5.05 ms
Execution 185 - QUIC Single
Handshake duration: 5.02 ms
Execution 186 - QUIC Single
Handshake duration: 4.99 ms
Execution 187 - QUIC Single
Handshake duration: 4.97 ms
Execution 188 - QUIC Single
Handshake duration: 7.25 ms
Execution 189 - QUIC Single
Handshake duration: 5.04 ms
Execution 190 - QUIC Single
Handshake duration: 4.91 ms
Execution 191 - QUIC Single
Handshake duration: 5.11 ms
Execution 192 - QUIC Single
Handshake duration: 5.25 ms
Execution 193 - QUIC Single
Handshake duration: 5.01 ms
Execution 194 - QUIC Single
Handshake duration: 5.02 ms
Execution 195 - QUIC Single
Handshake duration: 5.24 ms
Execution 196 - QUIC Single
Handshake duration: 4.86 ms
Execution 197 - QUIC Single
Handshake duration: 4.99 ms
Execution 198 - QUIC Single
Handshake duration: 5.71 ms
Execution 199 - QUIC Single
Handshake duration: 5.45 ms
Execution 200 - QUIC Single
Handshake duration: 5.17 ms
Execution 201 - QUIC Single
Handshake duration: 4.95 ms
Execution 202 - QUIC Single
Handshake duration: 5.45 ms
Execution 203 - QUIC Single
Handshake duration: 4.92 ms
Execution 204 - QUIC Single
Handshake duration: 7.01 ms
Execution 205 - QUIC Single
Handshake duration: 4.89 ms
Execution 206 - QUIC Single
Handshake duration: 5.12 ms
Execution 207 - QUIC Single
Handshake duration: 4.93 ms
Execution 208 - QUIC Single
Handshake duration: 5.08 ms
Execution 209 - QUIC Single
Handshake duration: 7.06 ms
Execution 210 - QUIC Single
Handshake duration: 4.97 ms
Execution 211 - QUIC Single
Handshake duration: 5.62 ms
Execution 212 - QUIC Single
Handshake duration: 4.94 ms
Execution 213 - QUIC Single
Handshake duration: 4.97 ms
Execution 214 - QUIC Single
Handshake duration: 4.95 ms
Execution 215 - QUIC Single
Handshake duration: 4.95 ms
Execution 216 - QUIC Single
Handshake duration: 5.02 ms
Execution 217 - QUIC Single
Handshake duration: 5.07 ms
Execution 218 - QUIC Single
Handshake duration: 5.08 ms
Execution 219 - QUIC Single
Handshake duration: 5.16 ms
Execution 220 - QUIC Single
Handshake duration: 4.92 ms
Execution 221 - QUIC Single
Handshake duration: 5.00 ms
Execution 222 - QUIC Single
Handshake duration: 5.05 ms
Execution 223 - QUIC Single
Handshake duration: 4.96 ms
Execution 224 - QUIC Single
Handshake duration: 5.16 ms
Execution 225 - QUIC Single
Handshake duration: 5.39 ms
Execution 226 - QUIC Single
Handshake duration: 5.23 ms
Execution 227 - QUIC Single
Handshake duration: 5.08 ms
Execution 228 - QUIC Single
Handshake duration: 4.89 ms
Execution 229 - QUIC Single
Handshake duration: 4.94 ms
Execution 230 - QUIC Single
Handshake duration: 5.06 ms
Execution 231 - QUIC Single
Handshake duration: 5.11 ms
Execution 232 - QUIC Single
Handshake duration: 5.19 ms
Execution 233 - QUIC Single
Handshake duration: 5.05 ms
Execution 234 - QUIC Single
Handshake duration: 5.29 ms
Execution 235 - QUIC Single
Handshake duration: 5.17 ms
Execution 236 - QUIC Single
Handshake duration: 5.12 ms
Execution 237 - QUIC Single
Handshake duration: 4.94 ms
Execution 238 - QUIC Single
Handshake duration: 4.97 ms
Execution 239 - QUIC Single
Handshake duration: 4.95 ms
Execution 240 - QUIC Single
Handshake duration: 5.02 ms
Execution 241 - QUIC Single
Handshake duration: 5.12 ms
Execution 242 - QUIC Single
Handshake duration: 4.98 ms
Execution 243 - QUIC Single
Handshake duration: 5.09 ms
Execution 244 - QUIC Single
Handshake duration: 7.38 ms
Execution 245 - QUIC Single
Handshake duration: 5.62 ms
Execution 246 - QUIC Single
Handshake duration: 5.43 ms
Execution 247 - QUIC Single
Handshake duration: 6.36 ms
Execution 248 - QUIC Single
Handshake duration: 5.61 ms
Execution 249 - QUIC Single
Handshake duration: 5.12 ms
Execution 250 - QUIC Single
Handshake duration: 5.31 ms
Execution 251 - QUIC Single
Handshake duration: 5.17 ms
Execution 252 - QUIC Single
Handshake duration: 5.53 ms
Execution 253 - QUIC Single
Handshake duration: 5.01 ms
Execution 254 - QUIC Single
Handshake duration: 5.25 ms
Execution 255 - QUIC Single
Handshake duration: 5.22 ms
Execution 256 - QUIC Single
Handshake duration: 4.96 ms
Execution 257 - QUIC Single
Handshake duration: 5.16 ms
Execution 258 - QUIC Single
Handshake duration: 7.11 ms
Execution 259 - QUIC Single
Handshake duration: 5.12 ms
Execution 260 - QUIC Single
Handshake duration: 5.00 ms
Execution 261 - QUIC Single
Handshake duration: 5.66 ms
Execution 262 - QUIC Single
Handshake duration: 5.05 ms
Execution 263 - QUIC Single
Handshake duration: 5.16 ms
Execution 264 - QUIC Single
Handshake duration: 5.17 ms
Execution 265 - QUIC Single
Handshake duration: 6.33 ms
Execution 266 - QUIC Single
Handshake duration: 5.16 ms
Execution 267 - QUIC Single
Handshake duration: 6.29 ms
Execution 268 - QUIC Single
Handshake duration: 6.26 ms
Execution 269 - QUIC Single
Handshake duration: 6.32 ms
Execution 270 - QUIC Single
Handshake duration: 5.16 ms
Execution 271 - QUIC Single
Handshake duration: 7.08 ms
Execution 272 - QUIC Single
Handshake duration: 4.97 ms
Execution 273 - QUIC Single
Handshake duration: 6.23 ms
Execution 274 - QUIC Single
Handshake duration: 4.96 ms
Execution 275 - QUIC Single
Handshake duration: 5.37 ms
Execution 276 - QUIC Single
Handshake duration: 5.28 ms
Execution 277 - QUIC Single
Handshake duration: 6.81 ms
Execution 278 - QUIC Single
Handshake duration: 4.97 ms
Execution 279 - QUIC Single
Handshake duration: 5.04 ms
Execution 280 - QUIC Single
Handshake duration: 5.22 ms
Execution 281 - QUIC Single
Handshake duration: 6.43 ms
Execution 282 - QUIC Single
Handshake duration: 5.05 ms
Execution 283 - QUIC Single
Handshake duration: 6.19 ms
Execution 284 - QUIC Single
Handshake duration: 5.04 ms
Execution 285 - QUIC Single
Handshake duration: 4.95 ms
Execution 286 - QUIC Single
Handshake duration: 6.98 ms
Execution 287 - QUIC Single
Handshake duration: 5.03 ms
Execution 288 - QUIC Single
Handshake duration: 7.03 ms
Execution 289 - QUIC Single
Handshake duration: 7.02 ms
Execution 290 - QUIC Single
Handshake duration: 5.22 ms
Execution 291 - QUIC Single
Handshake duration: 7.05 ms
Execution 292 - QUIC Single
Handshake duration: 5.28 ms
Execution 293 - QUIC Single
Handshake duration: 5.04 ms
Execution 294 - QUIC Single
Handshake duration: 6.99 ms
Execution 295 - QUIC Single
Handshake duration: 4.96 ms
Execution 296 - QUIC Single
Handshake duration: 4.94 ms
Execution 297 - QUIC Single
Handshake duration: 5.01 ms
Execution 298 - QUIC Single
Handshake duration: 5.26 ms
Execution 299 - QUIC Single
Handshake duration: 5.08 ms
Execution 300 - QUIC Single
Handshake duration: 5.00 ms
Execution 301 - QUIC Single
Handshake duration: 4.94 ms
Execution 302 - QUIC Single
Handshake duration: 5.12 ms
Execution 303 - QUIC Single
Handshake duration: 4.93 ms
Execution 304 - QUIC Single
Handshake duration: 4.95 ms
Execution 305 - QUIC Single
Handshake duration: 4.99 ms
Execution 306 - QUIC Single
Handshake duration: 5.49 ms
Execution 307 - QUIC Single
Handshake duration: 5.35 ms
Execution 308 - QUIC Single
Handshake duration: 4.92 ms
Execution 309 - QUIC Single
Handshake duration: 5.12 ms
Execution 310 - QUIC Single
Handshake duration: 5.12 ms
Execution 311 - QUIC Single
Handshake duration: 5.01 ms
Execution 312 - QUIC Single
Handshake duration: 4.93 ms
Execution 313 - QUIC Single
Handshake duration: 4.96 ms
Execution 314 - QUIC Single
Handshake duration: 5.36 ms
Execution 315 - QUIC Single
Handshake duration: 5.11 ms
Execution 316 - QUIC Single
Handshake duration: 5.38 ms
Execution 317 - QUIC Single
Handshake duration: 5.27 ms
Execution 318 - QUIC Single
Handshake duration: 5.28 ms
Execution 319 - QUIC Single
Handshake duration: 4.87 ms
Execution 320 - QUIC Single
Handshake duration: 4.92 ms
Execution 321 - QUIC Single
Handshake duration: 4.97 ms
Execution 322 - QUIC Single
Handshake duration: 5.00 ms
Execution 323 - QUIC Single
Handshake duration: 4.89 ms
Execution 324 - QUIC Single
Handshake duration: 4.93 ms
Execution 325 - QUIC Single
Handshake duration: 6.29 ms
Execution 326 - QUIC Single
Handshake duration: 4.92 ms
Execution 327 - QUIC Single
Handshake duration: 4.95 ms
Execution 328 - QUIC Single
Handshake duration: 4.96 ms
Execution 329 - QUIC Single
Handshake duration: 5.03 ms
Execution 330 - QUIC Single
Handshake duration: 7.22 ms
Execution 331 - QUIC Single
Handshake duration: 4.99 ms
Execution 332 - QUIC Single
Handshake duration: 4.92 ms
Execution 333 - QUIC Single
Handshake duration: 5.10 ms
Execution 334 - QUIC Single
Handshake duration: 4.96 ms
Execution 335 - QUIC Single
Handshake duration: 6.25 ms
Execution 336 - QUIC Single
Handshake duration: 5.16 ms
Execution 337 - QUIC Single
Handshake duration: 4.91 ms
Execution 338 - QUIC Single
Handshake duration: 4.93 ms
Execution 339 - QUIC Single
Handshake duration: 4.96 ms
Execution 340 - QUIC Single
Handshake duration: 6.20 ms
Execution 341 - QUIC Single
Handshake duration: 5.02 ms
Execution 342 - QUIC Single
Handshake duration: 5.07 ms
Execution 343 - QUIC Single
Handshake duration: 5.05 ms
Execution 344 - QUIC Single
Handshake duration: 6.45 ms
Execution 345 - QUIC Single
Handshake duration: 7.21 ms
Execution 346 - QUIC Single
Handshake duration: 6.56 ms
Execution 347 - QUIC Single
Handshake duration: 6.97 ms
Execution 348 - QUIC Single
Handshake duration: 6.22 ms
Execution 349 - QUIC Single
Handshake duration: 7.20 ms
Execution 350 - QUIC Single
Handshake duration: 5.08 ms
Execution 351 - QUIC Single
Handshake duration: 5.01 ms
Execution 352 - QUIC Single
Handshake duration: 5.14 ms
Execution 353 - QUIC Single
Handshake duration: 5.19 ms
Execution 354 - QUIC Single
Handshake duration: 4.99 ms
Execution 355 - QUIC Single
Handshake duration: 7.02 ms
Execution 356 - QUIC Single
Handshake duration: 5.01 ms
Execution 357 - QUIC Single
Handshake duration: 4.94 ms
Execution 358 - QUIC Single
Handshake duration: 4.92 ms
Execution 359 - QUIC Single
Handshake duration: 6.25 ms
Execution 360 - QUIC Single
Handshake duration: 4.95 ms
Execution 361 - QUIC Single
Handshake duration: 5.03 ms
Execution 362 - QUIC Single
Handshake duration: 4.92 ms
Execution 363 - QUIC Single
Handshake duration: 4.92 ms
Execution 364 - QUIC Single
Handshake duration: 6.99 ms
Execution 365 - QUIC Single
Handshake duration: 6.20 ms
Execution 366 - QUIC Single
Handshake duration: 6.19 ms
Execution 367 - QUIC Single
Handshake duration: 6.19 ms
Execution 368 - QUIC Single
Handshake duration: 5.03 ms
Execution 369 - QUIC Single
Handshake duration: 6.35 ms
Execution 370 - QUIC Single
Handshake duration: 4.98 ms
Execution 371 - QUIC Single
Handshake duration: 5.01 ms
Execution 372 - QUIC Single
Handshake duration: 6.22 ms
Execution 373 - QUIC Single
Handshake duration: 5.23 ms
Execution 374 - QUIC Single
Handshake duration: 4.99 ms
Execution 375 - QUIC Single
Handshake duration: 7.88 ms
Execution 376 - QUIC Single
Handshake duration: 5.03 ms
Execution 377 - QUIC Single
Handshake duration: 7.11 ms
Execution 378 - QUIC Single
Handshake duration: 4.98 ms
Execution 379 - QUIC Single
Handshake duration: 5.06 ms
Execution 380 - QUIC Single
Handshake duration: 6.22 ms
Execution 381 - QUIC Single
Handshake duration: 4.93 ms
Execution 382 - QUIC Single
Handshake duration: 5.00 ms
Execution 383 - QUIC Single
Handshake duration: 6.46 ms
Execution 384 - QUIC Single
Handshake duration: 5.48 ms
Execution 385 - QUIC Single
Handshake duration: 5.21 ms
Execution 386 - QUIC Single
Handshake duration: 5.13 ms
Execution 387 - QUIC Single
Handshake duration: 7.16 ms
Execution 388 - QUIC Single
Handshake duration: 5.28 ms
Execution 389 - QUIC Single
Handshake duration: 7.03 ms
Execution 390 - QUIC Single
Handshake duration: 4.93 ms
Execution 391 - QUIC Single
Handshake duration: 7.04 ms
Execution 392 - QUIC Single
Handshake duration: 5.58 ms
Execution 393 - QUIC Single
Handshake duration: 7.04 ms
Execution 394 - QUIC Single
Handshake duration: 5.03 ms
Execution 395 - QUIC Single
Handshake duration: 4.84 ms
Execution 396 - QUIC Single
Handshake duration: 5.01 ms
Execution 397 - QUIC Single
Handshake duration: 5.06 ms
Execution 398 - QUIC Single
Handshake duration: 4.97 ms
Execution 399 - QUIC Single
Handshake duration: 5.07 ms
Execution 400 - QUIC Single
Handshake duration: 4.94 ms
Execution 401 - QUIC Single
Handshake duration: 5.01 ms
Execution 402 - QUIC Single
Handshake duration: 4.95 ms
Execution 403 - QUIC Single
Handshake duration: 5.07 ms
Execution 404 - QUIC Single
Handshake duration: 7.66 ms
Execution 405 - QUIC Single
Handshake duration: 5.02 ms
Execution 406 - QUIC Single
Handshake duration: 5.25 ms
Execution 407 - QUIC Single
Handshake duration: 5.42 ms
Execution 408 - QUIC Single
Handshake duration: 5.19 ms
Execution 409 - QUIC Single
Handshake duration: 4.99 ms
Execution 410 - QUIC Single
Handshake duration: 5.14 ms
Execution 411 - QUIC Single
Handshake duration: 4.99 ms
Execution 412 - QUIC Single
Handshake duration: 7.01 ms
Execution 413 - QUIC Single
Handshake duration: 5.07 ms
Execution 414 - QUIC Single
Handshake duration: 5.33 ms
Execution 415 - QUIC Single
Handshake duration: 5.16 ms
Execution 416 - QUIC Single
Handshake duration: 5.19 ms
Execution 417 - QUIC Single
Handshake duration: 6.30 ms
Execution 418 - QUIC Single
Handshake duration: 5.05 ms
Execution 419 - QUIC Single
Handshake duration: 4.94 ms
Execution 420 - QUIC Single
Handshake duration: 4.95 ms
Execution 421 - QUIC Single
Handshake duration: 5.01 ms
Execution 422 - QUIC Single
Handshake duration: 4.93 ms
Execution 423 - QUIC Single
Handshake duration: 4.95 ms
Execution 424 - QUIC Single
Handshake duration: 5.02 ms
Execution 425 - QUIC Single
Handshake duration: 4.91 ms
Execution 426 - QUIC Single
Handshake duration: 6.54 ms
Execution 427 - QUIC Single
Handshake duration: 5.06 ms
Execution 428 - QUIC Single
Handshake duration: 5.00 ms
Execution 429 - QUIC Single
Handshake duration: 7.01 ms
Execution 430 - QUIC Single
Handshake duration: 4.86 ms
Execution 431 - QUIC Single
Handshake duration: 6.76 ms
Execution 432 - QUIC Single
Handshake duration: 4.86 ms
Execution 433 - QUIC Single
Handshake duration: 7.14 ms
Execution 434 - QUIC Single
Handshake duration: 4.93 ms
Execution 435 - QUIC Single
Handshake duration: 4.91 ms
Execution 436 - QUIC Single
Handshake duration: 7.37 ms
Execution 437 - QUIC Single
Handshake duration: 5.42 ms
Execution 438 - QUIC Single
Handshake duration: 5.52 ms
Execution 439 - QUIC Single
Handshake duration: 5.33 ms
Execution 440 - QUIC Single
Handshake duration: 5.22 ms
Execution 441 - QUIC Single
Handshake duration: 5.23 ms
Execution 442 - QUIC Single
Handshake duration: 4.97 ms
Execution 443 - QUIC Single
Handshake duration: 4.84 ms
Execution 444 - QUIC Single
Handshake duration: 5.03 ms
Execution 445 - QUIC Single
Handshake duration: 4.94 ms
Execution 446 - QUIC Single
Handshake duration: 6.51 ms
Execution 447 - QUIC Single
Handshake duration: 4.91 ms
Execution 448 - QUIC Single
Handshake duration: 4.98 ms
Execution 449 - QUIC Single
Handshake duration: 5.08 ms
Execution 450 - QUIC Single
Handshake duration: 5.09 ms
Execution 451 - QUIC Single
Handshake duration: 5.03 ms
Execution 452 - QUIC Single
Handshake duration: 5.06 ms
Execution 453 - QUIC Single
Handshake duration: 4.88 ms
Execution 454 - QUIC Single
Handshake duration: 5.01 ms
Execution 455 - QUIC Single
Handshake duration: 4.97 ms
Execution 456 - QUIC Single
Handshake duration: 5.00 ms
Execution 457 - QUIC Single
Handshake duration: 5.52 ms
Execution 458 - QUIC Single
Handshake duration: 5.30 ms
Execution 459 - QUIC Single
Handshake duration: 5.08 ms
Execution 460 - QUIC Single
Handshake duration: 7.05 ms
Execution 461 - QUIC Single
Handshake duration: 7.17 ms
Execution 462 - QUIC Single
Handshake duration: 5.27 ms
Execution 463 - QUIC Single
Handshake duration: 5.32 ms
Execution 464 - QUIC Single
Handshake duration: 5.05 ms
Execution 465 - QUIC Single
Handshake duration: 5.01 ms
Execution 466 - QUIC Single
Handshake duration: 5.04 ms
Execution 467 - QUIC Single
Handshake duration: 7.07 ms
Execution 468 - QUIC Single
Handshake duration: 5.31 ms
Execution 469 - QUIC Single
Handshake duration: 5.09 ms
Execution 470 - QUIC Single
Handshake duration: 5.22 ms
Execution 471 - QUIC Single
Handshake duration: 4.99 ms
Execution 472 - QUIC Single
Handshake duration: 7.06 ms
Execution 473 - QUIC Single
Handshake duration: 5.05 ms
Execution 474 - QUIC Single
Handshake duration: 6.23 ms
Execution 475 - QUIC Single
Handshake duration: 4.93 ms
Execution 476 - QUIC Single
Handshake duration: 4.92 ms
Execution 477 - QUIC Single
Handshake duration: 4.95 ms
Execution 478 - QUIC Single
Handshake duration: 4.98 ms
Execution 479 - QUIC Single
Handshake duration: 5.00 ms
Execution 480 - QUIC Single
Handshake duration: 5.03 ms
Execution 481 - QUIC Single
Handshake duration: 7.21 ms
Execution 482 - QUIC Single
Handshake duration: 4.98 ms
Execution 483 - QUIC Single
Handshake duration: 5.36 ms
Execution 484 - QUIC Single
Handshake duration: 5.03 ms
Execution 485 - QUIC Single
Handshake duration: 5.07 ms
Execution 486 - QUIC Single
Handshake duration: 5.10 ms
Execution 487 - QUIC Single
Handshake duration: 7.33 ms
Execution 488 - QUIC Single
Handshake duration: 5.48 ms
Execution 489 - QUIC Single
Handshake duration: 5.04 ms
Execution 490 - QUIC Single
Handshake duration: 5.08 ms
Execution 491 - QUIC Single
Handshake duration: 7.30 ms
Execution 492 - QUIC Single
Handshake duration: 5.29 ms
Execution 493 - QUIC Single
Handshake duration: 5.09 ms
Execution 494 - QUIC Single
Handshake duration: 5.13 ms
Execution 495 - QUIC Single
Handshake duration: 6.63 ms
Execution 496 - QUIC Single
Handshake duration: 5.14 ms
Execution 497 - QUIC Single
Handshake duration: 5.01 ms
Execution 498 - QUIC Single
Handshake duration: 4.94 ms
Execution 499 - QUIC Single
Handshake duration: 4.92 ms
Execution 500 - QUIC Single
Handshake duration: 6.20 ms
     Waiting  ... 
   Shutting down server and impairments...

****************
  -> KEM: hqc256

    Executing docker Server...
servidor
cliente
./Launcherv3_pq_hqc_ge_rerun.sh : ligne 309 : 65723 Processus arrêté      /usr/local/bin/pumba netem --duration 1h --interface $NETIF loss-gemodel --pg "${args[0]}" --pb "${args[1]}" --one-h "${args[2]}" --one-k "${args[3]}" "$OQS_SERVER"
7f954fec62eb2e9e3fb68be43b7cf31fb78617e69ef83af1b6380ed83ee2a24b
    Buscando IP.. 
    IP..  172.18.0.2
   ↳ Applying unstable network profile (loss-gemodel pg20 pb40 h90 k20)
   ✔ Pumba PID 70574 confirmed running (SIG=secp521r1 KEM=hqc256 PROTO=quic)
    Executing docker Client... 172.18.0.2
2044cc028205da883467ba1bba6c183d68262a0152675e91b39a41ac38f15669
cliente
     Docker cliente executed ... 

**************************
     Executing test  ... 
Applying netem rules to lo...
Showing qdisc status for the interface: lo
qdisc netem 801a: root refcnt 2 limit 1000 seed 17314363869265354473
 Sent 0 bytes 0 pkt (dropped 0, overlimits 0 requeues 0) 
 backlog 0b 0p requeues 0
Running ./perftestClientTlsQuic.sh with SIG_ALG=secp521r1 and KEM_ALG=hqc256
Execution 1 - QUIC Single
Handshake duration: 82.85 ms
Execution 2 - QUIC Single
Handshake duration: 81.51 ms
Execution 3 - QUIC Single
Handshake duration: 95.95 ms
Execution 4 - QUIC Single
Handshake duration: 82.88 ms
Execution 5 - QUIC Single
Handshake duration: 81.93 ms
Execution 6 - QUIC Single
Handshake duration: 92.36 ms
Execution 7 - QUIC Single
Handshake duration: 103.63 ms
Execution 8 - QUIC Single
Handshake duration: 82.90 ms
Execution 9 - QUIC Single
Handshake duration: 82.48 ms
Execution 10 - QUIC Single
Handshake duration: 83.23 ms
Execution 11 - QUIC Single
Handshake duration: 93.61 ms
Execution 12 - QUIC Single
Handshake duration: 93.20 ms
Execution 13 - QUIC Single
Handshake duration: 90.21 ms
Execution 14 - QUIC Single
Handshake duration: 82.47 ms
Execution 15 - QUIC Single
Handshake duration: 82.43 ms
Execution 16 - QUIC Single
Handshake duration: 93.99 ms
Execution 17 - QUIC Single
Handshake duration: 82.39 ms
Execution 18 - QUIC Single
Handshake duration: 81.65 ms
Execution 19 - QUIC Single
Handshake duration: 94.32 ms
Execution 20 - QUIC Single
Handshake duration: 99.59 ms
Execution 21 - QUIC Single
Handshake duration: 82.58 ms
Execution 22 - QUIC Single
Handshake duration: 83.09 ms
Execution 23 - QUIC Single
Handshake duration: 82.11 ms
Execution 24 - QUIC Single
Handshake duration: 81.66 ms
Execution 25 - QUIC Single
Handshake duration: 82.52 ms
Execution 26 - QUIC Single
Handshake duration: 82.57 ms
Execution 27 - QUIC Single
Handshake duration: 82.47 ms
Execution 28 - QUIC Single
Handshake duration: 82.39 ms
Execution 29 - QUIC Single
Handshake duration: 81.42 ms
Execution 30 - QUIC Single
Handshake duration: 80.81 ms
Execution 31 - QUIC Single
Handshake duration: 81.26 ms
Execution 32 - QUIC Single
Handshake duration: 81.69 ms
Execution 33 - QUIC Single
Handshake duration: 82.06 ms
Execution 34 - QUIC Single
Handshake duration: 81.78 ms
Execution 35 - QUIC Single
Handshake duration: 81.87 ms
Execution 36 - QUIC Single
Handshake duration: 82.46 ms
Execution 37 - QUIC Single
Handshake duration: 83.20 ms
Execution 38 - QUIC Single
Handshake duration: 90.67 ms
Execution 39 - QUIC Single
Handshake duration: 81.58 ms
Execution 40 - QUIC Single
Handshake duration: 81.37 ms
Execution 41 - QUIC Single
Handshake duration: 82.33 ms
Execution 42 - QUIC Single
Handshake duration: 82.53 ms
Execution 43 - QUIC Single
Handshake duration: 82.69 ms
Execution 44 - QUIC Single
Handshake duration: 81.73 ms
Execution 45 - QUIC Single
Handshake duration: 81.63 ms
Execution 46 - QUIC Single
Handshake duration: 92.23 ms
Execution 47 - QUIC Single
Handshake duration: 102.68 ms
Execution 48 - QUIC Single
Handshake duration: 89.28 ms
Execution 49 - QUIC Single
Handshake duration: 81.08 ms
Execution 50 - QUIC Single
Handshake duration: 81.18 ms
Execution 51 - QUIC Single
Handshake duration: 82.18 ms
Execution 52 - QUIC Single
Handshake duration: 82.10 ms
Execution 53 - QUIC Single
Handshake duration: 81.91 ms
Execution 54 - QUIC Single
Handshake duration: 92.76 ms
Execution 55 - QUIC Single
Handshake duration: 81.76 ms
Execution 56 - QUIC Single
Handshake duration: 81.41 ms
Execution 57 - QUIC Single
Handshake duration: 84.15 ms
Execution 58 - QUIC Single
Handshake duration: 93.14 ms
Execution 59 - QUIC Single
Handshake duration: 81.32 ms
Execution 60 - QUIC Single
Handshake duration: 81.24 ms
Execution 61 - QUIC Single
Handshake duration: 82.72 ms
Execution 62 - QUIC Single
Handshake duration: 81.85 ms
Execution 63 - QUIC Single
Handshake duration: 82.93 ms
Execution 64 - QUIC Single
Handshake duration: 87.39 ms
Execution 65 - QUIC Single
Handshake duration: 83.28 ms
Execution 66 - QUIC Single
Handshake duration: 81.48 ms
Execution 67 - QUIC Single
Handshake duration: 81.92 ms
Execution 68 - QUIC Single
Handshake duration: 82.45 ms
Execution 69 - QUIC Single
Handshake duration: 81.02 ms
Execution 70 - QUIC Single
Handshake duration: 91.26 ms
Execution 71 - QUIC Single
Handshake duration: 81.92 ms
Execution 72 - QUIC Single
Handshake duration: 81.86 ms
Execution 73 - QUIC Single
Handshake duration: 83.52 ms
Execution 74 - QUIC Single
Handshake duration: 97.41 ms
Execution 75 - QUIC Single
Handshake duration: 83.15 ms
Execution 76 - QUIC Single
Handshake duration: 89.20 ms
Execution 77 - QUIC Single
Handshake duration: 81.89 ms
Execution 78 - QUIC Single
Handshake duration: 81.64 ms
Execution 79 - QUIC Single
Handshake duration: 82.34 ms
Execution 80 - QUIC Single
Handshake duration: 82.74 ms
Execution 81 - QUIC Single
Handshake duration: 81.49 ms
Execution 82 - QUIC Single
Handshake duration: 90.67 ms
Execution 83 - QUIC Single
Handshake duration: 82.57 ms
Execution 84 - QUIC Single
Handshake duration: 82.69 ms
Execution 85 - QUIC Single
Handshake duration: 82.29 ms
Execution 86 - QUIC Single
Handshake duration: 82.08 ms
Execution 87 - QUIC Single
Handshake duration: 81.05 ms
Execution 88 - QUIC Single
Handshake duration: 81.23 ms
Execution 89 - QUIC Single
Handshake duration: 81.80 ms
Execution 90 - QUIC Single
Handshake duration: 82.63 ms
Execution 91 - QUIC Single
Handshake duration: 101.47 ms
Execution 92 - QUIC Single
Handshake duration: 82.76 ms
Execution 93 - QUIC Single
Handshake duration: 81.53 ms
Execution 94 - QUIC Single
Handshake duration: 93.19 ms
Execution 95 - QUIC Single
Handshake duration: 82.13 ms
Execution 96 - QUIC Single
Handshake duration: 96.99 ms
Execution 97 - QUIC Single
Handshake duration: 96.67 ms
Execution 98 - QUIC Single
Handshake duration: 81.78 ms
Execution 99 - QUIC Single
Handshake duration: 81.77 ms
Execution 100 - QUIC Single
Handshake duration: 82.63 ms
Execution 101 - QUIC Single
Handshake duration: 98.51 ms
Execution 102 - QUIC Single
Handshake duration: 93.80 ms
Execution 103 - QUIC Single
Handshake duration: 82.03 ms
Execution 104 - QUIC Single
Handshake duration: 81.75 ms
Execution 105 - QUIC Single
Handshake duration: 90.13 ms
Execution 106 - QUIC Single
Handshake duration: 92.75 ms
Execution 107 - QUIC Single
Handshake duration: 93.79 ms
Execution 108 - QUIC Single
Handshake duration: 82.75 ms
Execution 109 - QUIC Single
Handshake duration: 95.24 ms
Execution 110 - QUIC Single
Handshake duration: 81.72 ms
Execution 111 - QUIC Single
Handshake duration: 82.10 ms
Execution 112 - QUIC Single
Handshake duration: 82.58 ms
Execution 113 - QUIC Single
Handshake duration: 82.52 ms
Execution 114 - QUIC Single
Handshake duration: 82.42 ms
Execution 115 - QUIC Single
Handshake duration: 80.82 ms
Execution 116 - QUIC Single
Handshake duration: 80.94 ms
Execution 117 - QUIC Single
Handshake duration: 81.35 ms
Execution 118 - QUIC Single
Handshake duration: 104.44 ms
Execution 119 - QUIC Single
Handshake duration: 81.87 ms
Execution 120 - QUIC Single
Handshake duration: 90.54 ms
Execution 121 - QUIC Single
Handshake duration: 83.02 ms
Execution 122 - QUIC Single
Handshake duration: 82.87 ms
Execution 123 - QUIC Single
Handshake duration: 83.80 ms
Execution 124 - QUIC Single
Handshake duration: 90.05 ms
Execution 125 - QUIC Single
Handshake duration: 81.43 ms
Execution 126 - QUIC Single
Handshake duration: 81.61 ms
Execution 127 - QUIC Single
Handshake duration: 82.47 ms
Execution 128 - QUIC Single
Handshake duration: 82.51 ms
Execution 129 - QUIC Single
Handshake duration: 81.89 ms
Execution 130 - QUIC Single
Handshake duration: 81.98 ms
Execution 131 - QUIC Single
Handshake duration: 82.30 ms
Execution 132 - QUIC Single
Handshake duration: 83.29 ms
Execution 133 - QUIC Single
Handshake duration: 81.46 ms
Execution 134 - QUIC Single
Handshake duration: 81.11 ms
Execution 135 - QUIC Single
Handshake duration: 81.12 ms
Execution 136 - QUIC Single
Handshake duration: 81.36 ms
Execution 137 - QUIC Single
Handshake duration: 82.66 ms
Execution 138 - QUIC Single
Handshake duration: 82.80 ms
Execution 139 - QUIC Single
Handshake duration: 82.22 ms
Execution 140 - QUIC Single
Handshake duration: 82.95 ms
Execution 141 - QUIC Single
Handshake duration: 82.36 ms
Execution 142 - QUIC Single
Handshake duration: 81.71 ms
Execution 143 - QUIC Single
Handshake duration: 81.36 ms
Execution 144 - QUIC Single
Handshake duration: 81.03 ms
Execution 145 - QUIC Single
Handshake duration: 101.05 ms
Execution 146 - QUIC Single
Handshake duration: 81.91 ms
Execution 147 - QUIC Single
Handshake duration: 100.00 ms
Execution 148 - QUIC Single
Handshake duration: 82.11 ms
Execution 149 - QUIC Single
Handshake duration: 106.42 ms
Execution 150 - QUIC Single
Handshake duration: 92.90 ms
Execution 151 - QUIC Single
Handshake duration: 82.26 ms
Execution 152 - QUIC Single
Handshake duration: 94.76 ms
Execution 153 - QUIC Single
Handshake duration: 81.30 ms
Execution 154 - QUIC Single
Handshake duration: 105.92 ms
Execution 155 - QUIC Single
Handshake duration: 81.24 ms
Execution 156 - QUIC Single
Handshake duration: 89.76 ms
Execution 157 - QUIC Single
Handshake duration: 90.88 ms
Execution 158 - QUIC Single
Handshake duration: 82.47 ms
Execution 159 - QUIC Single
Handshake duration: 82.45 ms
Execution 160 - QUIC Single
Handshake duration: 81.74 ms
Execution 161 - QUIC Single
Handshake duration: 81.37 ms
Execution 162 - QUIC Single
Handshake duration: 81.54 ms
Execution 163 - QUIC Single
Handshake duration: 81.59 ms
Execution 164 - QUIC Single
Handshake duration: 82.00 ms
Execution 165 - QUIC Single
Handshake duration: 81.41 ms
Execution 166 - QUIC Single
Handshake duration: 82.61 ms
Execution 167 - QUIC Single
Handshake duration: 81.64 ms
Execution 168 - QUIC Single
Handshake duration: 81.23 ms
Execution 169 - QUIC Single
Handshake duration: 81.46 ms
Execution 170 - QUIC Single
Handshake duration: 83.20 ms
Execution 171 - QUIC Single
Handshake duration: 82.83 ms
Execution 172 - QUIC Single
Handshake duration: 81.27 ms
Execution 173 - QUIC Single
Handshake duration: 81.38 ms
Execution 174 - QUIC Single
Handshake duration: 81.27 ms
Execution 175 - QUIC Single
Handshake duration: 82.39 ms
Execution 176 - QUIC Single
Handshake duration: 82.64 ms
Execution 177 - QUIC Single
Handshake duration: 83.27 ms
Execution 178 - QUIC Single
Handshake duration: 89.37 ms
Execution 179 - QUIC Single
Handshake duration: 81.84 ms
Execution 180 - QUIC Single
Handshake duration: 98.87 ms
Execution 181 - QUIC Single
Handshake duration: 96.59 ms
Execution 182 - QUIC Single
Handshake duration: 81.48 ms
Execution 183 - QUIC Single
Handshake duration: 81.66 ms
Execution 184 - QUIC Single
Handshake duration: 81.89 ms
Execution 185 - QUIC Single
Handshake duration: 83.45 ms
Execution 186 - QUIC Single
Handshake duration: 81.67 ms
Execution 187 - QUIC Single
Handshake duration: 85.85 ms
Execution 188 - QUIC Single
Handshake duration: 104.29 ms
Execution 189 - QUIC Single
Handshake duration: 82.14 ms
Execution 190 - QUIC Single
Handshake duration: 82.19 ms
Execution 191 - QUIC Single
Handshake duration: 81.33 ms
Execution 192 - QUIC Single
Handshake duration: 81.28 ms
Execution 193 - QUIC Single
Handshake duration: 81.77 ms
Execution 194 - QUIC Single
Handshake duration: 82.56 ms
Execution 195 - QUIC Single
Handshake duration: 90.02 ms
Execution 196 - QUIC Single
Handshake duration: 82.59 ms
Execution 197 - QUIC Single
Handshake duration: 81.29 ms
Execution 198 - QUIC Single
Handshake duration: 82.18 ms
Execution 199 - QUIC Single
Handshake duration: 81.83 ms
Execution 200 - QUIC Single
Handshake duration: 81.98 ms
Execution 201 - QUIC Single
Handshake duration: 81.26 ms
Execution 202 - QUIC Single
Handshake duration: 81.25 ms
Execution 203 - QUIC Single
Handshake duration: 81.68 ms
Execution 204 - QUIC Single
Handshake duration: 81.90 ms
Execution 205 - QUIC Single
Handshake duration: 81.79 ms
Execution 206 - QUIC Single
Handshake duration: 81.88 ms
Execution 207 - QUIC Single
Handshake duration: 94.06 ms
Execution 208 - QUIC Single
Handshake duration: 97.53 ms
Execution 209 - QUIC Single
Handshake duration: 81.65 ms
Execution 210 - QUIC Single
Handshake duration: 80.93 ms
Execution 211 - QUIC Single
Handshake duration: 81.29 ms
Execution 212 - QUIC Single
Handshake duration: 82.41 ms
Execution 213 - QUIC Single
Handshake duration: 82.20 ms
Execution 214 - QUIC Single
Handshake duration: 81.59 ms
Execution 215 - QUIC Single
Handshake duration: 81.75 ms
Execution 216 - QUIC Single
Handshake duration: 89.21 ms
Execution 217 - QUIC Single
Handshake duration: 82.07 ms
Execution 218 - QUIC Single
Handshake duration: 82.37 ms
Execution 219 - QUIC Single
Handshake duration: 82.29 ms
Execution 220 - QUIC Single
Handshake duration: 81.32 ms
Execution 221 - QUIC Single
Handshake duration: 81.20 ms
Execution 222 - QUIC Single
Handshake duration: 101.26 ms
Execution 223 - QUIC Single
Handshake duration: 89.75 ms
Execution 224 - QUIC Single
Handshake duration: 81.88 ms
Execution 225 - QUIC Single
Handshake duration: 82.16 ms
Execution 226 - QUIC Single
Handshake duration: 98.23 ms
Execution 227 - QUIC Single
Handshake duration: 81.73 ms
Execution 228 - QUIC Single
Handshake duration: 81.49 ms
Execution 229 - QUIC Single
Handshake duration: 81.22 ms
Execution 230 - QUIC Single
Handshake duration: 81.15 ms
Execution 231 - QUIC Single
Handshake duration: 82.25 ms
Execution 232 - QUIC Single
Handshake duration: 82.53 ms
Execution 233 - QUIC Single
Handshake duration: 82.61 ms
Execution 234 - QUIC Single
Handshake duration: 82.46 ms
Execution 235 - QUIC Single
Handshake duration: 81.44 ms
Execution 236 - QUIC Single
Handshake duration: 82.29 ms
Execution 237 - QUIC Single
Handshake duration: 81.84 ms
Execution 238 - QUIC Single
Handshake duration: 81.65 ms
Execution 239 - QUIC Single
Handshake duration: 81.30 ms
Execution 240 - QUIC Single
Handshake duration: 81.14 ms
Execution 241 - QUIC Single
Handshake duration: 89.95 ms
Execution 242 - QUIC Single
Handshake duration: 82.03 ms
Execution 243 - QUIC Single
Handshake duration: 92.89 ms
Execution 244 - QUIC Single
Handshake duration: 85.71 ms
Execution 245 - QUIC Single
Handshake duration: 82.91 ms
Execution 246 - QUIC Single
Handshake duration: 83.08 ms
Execution 247 - QUIC Single
Handshake duration: 82.21 ms
Execution 248 - QUIC Single
Handshake duration: 81.22 ms
Execution 249 - QUIC Single
Handshake duration: 81.14 ms
Execution 250 - QUIC Single
Handshake duration: 80.99 ms
Execution 251 - QUIC Single
Handshake duration: 81.82 ms
Execution 252 - QUIC Single
Handshake duration: 89.07 ms
Execution 253 - QUIC Single
Handshake duration: 81.82 ms
Execution 254 - QUIC Single
Handshake duration: 82.57 ms
Execution 255 - QUIC Single
Handshake duration: 82.68 ms
Execution 256 - QUIC Single
Handshake duration: 82.76 ms
Execution 257 - QUIC Single
Handshake duration: 81.61 ms
Execution 258 - QUIC Single
Handshake duration: 93.00 ms
Execution 259 - QUIC Single
Handshake duration: 81.32 ms
Execution 260 - QUIC Single
Handshake duration: 82.88 ms
Execution 261 - QUIC Single
Handshake duration: 82.40 ms
Execution 262 - QUIC Single
Handshake duration: 81.96 ms
Execution 263 - QUIC Single
Handshake duration: 82.65 ms
Execution 264 - QUIC Single
Handshake duration: 82.76 ms
Execution 265 - QUIC Single
Handshake duration: 83.01 ms
Execution 266 - QUIC Single
Handshake duration: 81.57 ms
Execution 267 - QUIC Single
Handshake duration: 81.61 ms
Execution 268 - QUIC Single
Handshake duration: 92.49 ms
Execution 269 - QUIC Single
Handshake duration: 92.42 ms
Execution 270 - QUIC Single
Handshake duration: 96.62 ms
Execution 271 - QUIC Single
Handshake duration: 82.66 ms
Execution 272 - QUIC Single
Handshake duration: 93.01 ms
Execution 273 - QUIC Single
Handshake duration: 90.27 ms
Execution 274 - QUIC Single
Handshake duration: 83.21 ms
Execution 275 - QUIC Single
Handshake duration: 82.44 ms
Execution 276 - QUIC Single
Handshake duration: 82.17 ms
Execution 277 - QUIC Single
Handshake duration: 81.57 ms
Execution 278 - QUIC Single
Handshake duration: 83.13 ms
Execution 279 - QUIC Single
Handshake duration: 92.20 ms
Execution 280 - QUIC Single
Handshake duration: 82.45 ms
Execution 281 - QUIC Single
Handshake duration: 82.33 ms
Execution 282 - QUIC Single
Handshake duration: 82.24 ms
Execution 283 - QUIC Single
Handshake duration: 82.42 ms
Execution 284 - QUIC Single
Handshake duration: 82.72 ms
Execution 285 - QUIC Single
Handshake duration: 95.01 ms
Execution 286 - QUIC Single
Handshake duration: 81.71 ms
Execution 287 - QUIC Single
Handshake duration: 81.34 ms
Execution 288 - QUIC Single
Handshake duration: 82.01 ms
Execution 289 - QUIC Single
Handshake duration: 81.70 ms
Execution 290 - QUIC Single
Handshake duration: 96.86 ms
Execution 291 - QUIC Single
Handshake duration: 82.17 ms
Execution 292 - QUIC Single
Handshake duration: 82.47 ms
Execution 293 - QUIC Single
Handshake duration: 82.51 ms
Execution 294 - QUIC Single
Handshake duration: 82.17 ms
Execution 295 - QUIC Single
Handshake duration: 92.60 ms
Execution 296 - QUIC Single
Handshake duration: 81.55 ms
Execution 297 - QUIC Single
Handshake duration: 83.02 ms
Execution 298 - QUIC Single
Handshake duration: 81.76 ms
Execution 299 - QUIC Single
Handshake duration: 81.49 ms
Execution 300 - QUIC Single
Handshake duration: 90.10 ms
Execution 301 - QUIC Single
Handshake duration: 82.33 ms
Execution 302 - QUIC Single
Handshake duration: 82.53 ms
Execution 303 - QUIC Single
Handshake duration: 94.43 ms
Execution 304 - QUIC Single
Handshake duration: 82.59 ms
Execution 305 - QUIC Single
Handshake duration: 81.49 ms
Execution 306 - QUIC Single
Handshake duration: 81.56 ms
Execution 307 - QUIC Single
Handshake duration: 84.89 ms
Execution 308 - QUIC Single
Handshake duration: 94.09 ms
Execution 309 - QUIC Single
Handshake duration: 81.96 ms
Execution 310 - QUIC Single
Handshake duration: 81.35 ms
Execution 311 - QUIC Single
Handshake duration: 91.05 ms
Execution 312 - QUIC Single
Handshake duration: 83.27 ms
Execution 313 - QUIC Single
Handshake duration: 82.05 ms
Execution 314 - QUIC Single
Handshake duration: 81.42 ms
Execution 315 - QUIC Single
Handshake duration: 80.98 ms
Execution 316 - QUIC Single
Handshake duration: 81.11 ms
Execution 317 - QUIC Single
Handshake duration: 103.41 ms
Execution 318 - QUIC Single
Handshake duration: 82.49 ms
Execution 319 - QUIC Single
Handshake duration: 83.81 ms
Execution 320 - QUIC Single
Handshake duration: 82.23 ms
Execution 321 - QUIC Single
Handshake duration: 90.39 ms
Execution 322 - QUIC Single
Handshake duration: 81.46 ms
Execution 323 - QUIC Single
Handshake duration: 82.46 ms
Execution 324 - QUIC Single
Handshake duration: 80.98 ms
Execution 325 - QUIC Single
Handshake duration: 80.89 ms
Execution 326 - QUIC Single
Handshake duration: 81.66 ms
Execution 327 - QUIC Single
Handshake duration: 82.27 ms
Execution 328 - QUIC Single
Handshake duration: 84.52 ms
Execution 329 - QUIC Single
Handshake duration: 82.47 ms
Execution 330 - QUIC Single
Handshake duration: 84.86 ms
Execution 331 - QUIC Single
Handshake duration: 82.22 ms
Execution 332 - QUIC Single
Handshake duration: 94.15 ms
Execution 333 - QUIC Single
Handshake duration: 82.08 ms
Execution 334 - QUIC Single
Handshake duration: 81.25 ms
Execution 335 - QUIC Single
Handshake duration: 80.99 ms
Execution 336 - QUIC Single
Handshake duration: 82.01 ms
Execution 337 - QUIC Single
Handshake duration: 82.11 ms
Execution 338 - QUIC Single
Handshake duration: 82.81 ms
Execution 339 - QUIC Single
Handshake duration: 82.94 ms
Execution 340 - QUIC Single
Handshake duration: 82.67 ms
Execution 341 - QUIC Single
Handshake duration: 82.72 ms
Execution 342 - QUIC Single
Handshake duration: 81.79 ms
Execution 343 - QUIC Single
Handshake duration: 81.71 ms
Execution 344 - QUIC Single
Handshake duration: 80.91 ms
Execution 345 - QUIC Single
Handshake duration: 93.39 ms
Execution 346 - QUIC Single
Handshake duration: 82.53 ms
Execution 347 - QUIC Single
Handshake duration: 82.44 ms
Execution 348 - QUIC Single
Handshake duration: 81.82 ms
Execution 349 - QUIC Single
Handshake duration: 81.69 ms
Execution 350 - QUIC Single
Handshake duration: 81.91 ms
Execution 351 - QUIC Single
Handshake duration: 81.41 ms
Execution 352 - QUIC Single
Handshake duration: 81.41 ms
Execution 353 - QUIC Single
Handshake duration: 105.58 ms
Execution 354 - QUIC Single
Handshake duration: 80.83 ms
Execution 355 - QUIC Single
Handshake duration: 90.33 ms
Execution 356 - QUIC Single
Handshake duration: 81.62 ms
Execution 357 - QUIC Single
Handshake duration: 82.09 ms
Execution 358 - QUIC Single
Handshake duration: 83.35 ms
Execution 359 - QUIC Single
Handshake duration: 82.16 ms
Execution 360 - QUIC Single
Handshake duration: 82.56 ms
Execution 361 - QUIC Single
Handshake duration: 82.31 ms
Execution 362 - QUIC Single
Handshake duration: 81.77 ms
Execution 363 - QUIC Single
Handshake duration: 81.78 ms
Execution 364 - QUIC Single
Handshake duration: 81.34 ms
Execution 365 - QUIC Single
Handshake duration: 82.47 ms
Execution 366 - QUIC Single
Handshake duration: 82.22 ms
Execution 367 - QUIC Single
Handshake duration: 82.78 ms
Execution 368 - QUIC Single
Handshake duration: 82.68 ms
Execution 369 - QUIC Single
Handshake duration: 82.28 ms
Execution 370 - QUIC Single
Handshake duration: 91.87 ms
Execution 371 - QUIC Single
Handshake duration: 83.20 ms
Execution 372 - QUIC Single
Handshake duration: 81.43 ms
Execution 373 - QUIC Single
Handshake duration: 81.36 ms
Execution 374 - QUIC Single
Handshake duration: 81.23 ms
Execution 375 - QUIC Single
Handshake duration: 82.53 ms
Execution 376 - QUIC Single
Handshake duration: 82.13 ms
Execution 377 - QUIC Single
Handshake duration: 81.87 ms
Execution 378 - QUIC Single
Handshake duration: 81.45 ms
Execution 379 - QUIC Single
Handshake duration: 92.62 ms
Execution 380 - QUIC Single
Handshake duration: 96.10 ms
Execution 381 - QUIC Single
Handshake duration: 97.98 ms
Execution 382 - QUIC Single
Handshake duration: 102.66 ms
Execution 383 - QUIC Single
Handshake duration: 81.42 ms
Execution 384 - QUIC Single
Handshake duration: 82.29 ms
Execution 385 - QUIC Single
Handshake duration: 82.60 ms
Execution 386 - QUIC Single
Handshake duration: 118.71 ms
Execution 387 - QUIC Single
Handshake duration: 81.45 ms
Execution 388 - QUIC Single
Handshake duration: 81.99 ms
Execution 389 - QUIC Single
Handshake duration: 82.69 ms
Execution 390 - QUIC Single
Handshake duration: 92.10 ms
Execution 391 - QUIC Single
Handshake duration: 92.39 ms
Execution 392 - QUIC Single
Handshake duration: 81.29 ms
Execution 393 - QUIC Single
Handshake duration: 83.03 ms
Execution 394 - QUIC Single
Handshake duration: 82.46 ms
Execution 395 - QUIC Single
Handshake duration: 104.06 ms
Execution 396 - QUIC Single
Handshake duration: 82.52 ms
Execution 397 - QUIC Single
Handshake duration: 104.77 ms
Execution 398 - QUIC Single
Handshake duration: 97.00 ms
Execution 399 - QUIC Single
Handshake duration: 81.29 ms
Execution 400 - QUIC Single
Handshake duration: 81.64 ms
Execution 401 - QUIC Single
Handshake duration: 81.09 ms
Execution 402 - QUIC Single
Handshake duration: 82.48 ms
Execution 403 - QUIC Single
Handshake duration: 81.56 ms
Execution 404 - QUIC Single
Handshake duration: 81.88 ms
Execution 405 - QUIC Single
Handshake duration: 82.28 ms
Execution 406 - QUIC Single
Handshake duration: 83.89 ms
Execution 407 - QUIC Single
Handshake duration: 81.64 ms
Execution 408 - QUIC Single
Handshake duration: 94.52 ms
Execution 409 - QUIC Single
Handshake duration: 81.45 ms
Execution 410 - QUIC Single
Handshake duration: 81.29 ms
Execution 411 - QUIC Single
Handshake duration: 93.00 ms
Execution 412 - QUIC Single
Handshake duration: 84.74 ms
Execution 413 - QUIC Single
Handshake duration: 90.77 ms
Execution 414 - QUIC Single
Handshake duration: 82.46 ms
Execution 415 - QUIC Single
Handshake duration: 82.10 ms
Execution 416 - QUIC Single
Handshake duration: 83.66 ms
Execution 417 - QUIC Single
Handshake duration: 83.63 ms
Execution 418 - QUIC Single
Handshake duration: 81.69 ms
Execution 419 - QUIC Single
Handshake duration: 109.91 ms
Execution 420 - QUIC Single
Handshake duration: 97.09 ms
Execution 421 - QUIC Single
Handshake duration: 92.50 ms
Execution 422 - QUIC Single
Handshake duration: 82.79 ms
Execution 423 - QUIC Single
Handshake duration: 85.78 ms
Execution 424 - QUIC Single
Handshake duration: 81.65 ms
Execution 425 - QUIC Single
Handshake duration: 83.94 ms
Execution 426 - QUIC Single
Handshake duration: 84.27 ms
Execution 427 - QUIC Single
Handshake duration: 81.81 ms
Execution 428 - QUIC Single
Handshake duration: 81.06 ms
Execution 429 - QUIC Single
Handshake duration: 102.05 ms
Execution 430 - QUIC Single
Handshake duration: 82.31 ms
Execution 431 - QUIC Single
Handshake duration: 82.41 ms
Execution 432 - QUIC Single
Handshake duration: 81.70 ms
Execution 433 - QUIC Single
Handshake duration: 82.01 ms
Execution 434 - QUIC Single
Handshake duration: 82.38 ms
Execution 435 - QUIC Single
Handshake duration: 81.43 ms
Execution 436 - QUIC Single
Handshake duration: 84.65 ms
Execution 437 - QUIC Single
Handshake duration: 81.73 ms
Execution 438 - QUIC Single
Handshake duration: 81.51 ms
Execution 439 - QUIC Single
Handshake duration: 88.62 ms
Execution 440 - QUIC Single
Handshake duration: 82.18 ms
Execution 441 - QUIC Single
Handshake duration: 83.06 ms
Execution 442 - QUIC Single
Handshake duration: 82.92 ms
Execution 443 - QUIC Single
Handshake duration: 81.67 ms
Execution 444 - QUIC Single
Handshake duration: 95.58 ms
Execution 445 - QUIC Single
Handshake duration: 112.20 ms
Execution 446 - QUIC Single
Handshake duration: 89.27 ms
Execution 447 - QUIC Single
Handshake duration: 100.60 ms
Execution 448 - QUIC Single
Handshake duration: 81.49 ms
Execution 449 - QUIC Single
Handshake duration: 84.15 ms
Execution 450 - QUIC Single
Handshake duration: 81.48 ms
Execution 451 - QUIC Single
Handshake duration: 92.22 ms
Execution 452 - QUIC Single
Handshake duration: 82.53 ms
Execution 453 - QUIC Single
Handshake duration: 82.71 ms
Execution 454 - QUIC Single
Handshake duration: 82.07 ms
Execution 455 - QUIC Single
Handshake duration: 82.36 ms
Execution 456 - QUIC Single
Handshake duration: 92.96 ms
Execution 457 - QUIC Single
Handshake duration: 81.83 ms
Execution 458 - QUIC Single
Handshake duration: 81.89 ms
Execution 459 - QUIC Single
Handshake duration: 82.28 ms
Execution 460 - QUIC Single
Handshake duration: 99.78 ms
Execution 461 - QUIC Single
Handshake duration: 90.82 ms
Execution 462 - QUIC Single
Handshake duration: 82.05 ms
Execution 463 - QUIC Single
Handshake duration: 82.96 ms
Execution 464 - QUIC Single
Handshake duration: 81.92 ms
Execution 465 - QUIC Single
Handshake duration: 81.64 ms
Execution 466 - QUIC Single
Handshake duration: 97.73 ms
Execution 467 - QUIC Single
Handshake duration: 91.95 ms
Execution 468 - QUIC Single
Handshake duration: 82.77 ms
Execution 469 - QUIC Single
Handshake duration: 82.06 ms
Execution 470 - QUIC Single
Handshake duration: 102.18 ms
Execution 471 - QUIC Single
Handshake duration: 89.61 ms
Execution 472 - QUIC Single
Handshake duration: 82.24 ms
Execution 473 - QUIC Single
Handshake duration: 82.14 ms
Execution 474 - QUIC Single
Handshake duration: 81.50 ms
Execution 475 - QUIC Single
Handshake duration: 81.55 ms
Execution 476 - QUIC Single
Handshake duration: 81.13 ms
Execution 477 - QUIC Single
Handshake duration: 82.07 ms
Execution 478 - QUIC Single
Handshake duration: 82.68 ms
Execution 479 - QUIC Single
Handshake duration: 97.65 ms
Execution 480 - QUIC Single
Handshake duration: 82.67 ms
Execution 481 - QUIC Single
Handshake duration: 82.47 ms
Execution 482 - QUIC Single
Handshake duration: 90.17 ms
Execution 483 - QUIC Single
Handshake duration: 92.50 ms
Execution 484 - QUIC Single
Handshake duration: 81.68 ms
Execution 485 - QUIC Single
Handshake duration: 96.35 ms
Execution 486 - QUIC Single
Handshake duration: 81.97 ms
Execution 487 - QUIC Single
Handshake duration: 82.69 ms
Execution 488 - QUIC Single
Handshake duration: 81.50 ms
Execution 489 - QUIC Single
Handshake duration: 101.92 ms
Execution 490 - QUIC Single
Handshake duration: 81.98 ms
Execution 491 - QUIC Single
Handshake duration: 81.61 ms
Execution 492 - QUIC Single
Handshake duration: 91.49 ms
Execution 493 - QUIC Single
Handshake duration: 81.64 ms
Execution 494 - QUIC Single
Handshake duration: 81.79 ms
Execution 495 - QUIC Single
Handshake duration: 105.25 ms
Execution 496 - QUIC Single
Handshake duration: 83.89 ms
Execution 497 - QUIC Single
Handshake duration: 93.66 ms
Execution 498 - QUIC Single
Handshake duration: 97.83 ms
Execution 499 - QUIC Single
Handshake duration: 82.40 ms
Execution 500 - QUIC Single
Handshake duration: 88.85 ms
     Waiting  ... 
   Shutting down server and impairments...

****************
  -> KEM: p521_hqc256

    Executing docker Server...
servidor
cliente
./Launcherv3_pq_hqc_ge_rerun.sh : ligne 309 : 70574 Processus arrêté      /usr/local/bin/pumba netem --duration 1h --interface $NETIF loss-gemodel --pg "${args[0]}" --pb "${args[1]}" --one-h "${args[2]}" --one-k "${args[3]}" "$OQS_SERVER"
e74cf11ef5441e2bcbbf297bb56da445ca413929902c3572531c9b06ebb59ca3
    Buscando IP.. 
    IP..  172.18.0.2
   ↳ Applying unstable network profile (loss-gemodel pg20 pb40 h90 k20)
   ✔ Pumba PID 75452 confirmed running (SIG=secp521r1 KEM=p521_hqc256 PROTO=quic)
    Executing docker Client... 172.18.0.2
2fb4c3d602312e397452fa7b5486d289cdf5a9b1e5422f9800ca43b5a24a0cf3
cliente
     Docker cliente executed ... 

**************************
     Executing test  ... 
Applying netem rules to lo...
Showing qdisc status for the interface: lo
qdisc netem 801c: root refcnt 2 limit 1000 seed 15751006683310082242
 Sent 0 bytes 0 pkt (dropped 0, overlimits 0 requeues 0) 
 backlog 0b 0p requeues 0
Running ./perftestClientTlsQuic.sh with SIG_ALG=secp521r1 and KEM_ALG=p521_hqc256
Execution 1 - QUIC Single
Handshake duration: 96.43 ms
Execution 2 - QUIC Single
Handshake duration: 91.66 ms
Execution 3 - QUIC Single
Handshake duration: 91.73 ms
Execution 4 - QUIC Single
Handshake duration: 93.04 ms
Execution 5 - QUIC Single
Handshake duration: 94.80 ms
Execution 6 - QUIC Single
Handshake duration: 114.08 ms
Execution 7 - QUIC Single
Handshake duration: 91.64 ms
Execution 8 - QUIC Single
Handshake duration: 102.58 ms
Execution 9 - QUIC Single
Handshake duration: 90.74 ms
Execution 10 - QUIC Single
Handshake duration: 102.50 ms
Execution 11 - QUIC Single
Handshake duration: 101.79 ms
Execution 12 - QUIC Single
Handshake duration: 109.39 ms
Execution 13 - QUIC Single
Handshake duration: 93.17 ms
Execution 14 - QUIC Single
Handshake duration: 94.21 ms
Execution 15 - QUIC Single
Handshake duration: 90.79 ms
Execution 16 - QUIC Single
Handshake duration: 111.11 ms
Execution 17 - QUIC Single
Handshake duration: 100.61 ms
Execution 18 - QUIC Single
Handshake duration: 113.01 ms
Execution 19 - QUIC Single
Handshake duration: 91.80 ms
Execution 20 - QUIC Single
Handshake duration: 91.89 ms
Execution 21 - QUIC Single
Handshake duration: 106.30 ms
Execution 22 - QUIC Single
Handshake duration: 91.86 ms
Execution 23 - QUIC Single
Handshake duration: 94.76 ms
Execution 24 - QUIC Single
Handshake duration: 117.33 ms
Execution 25 - QUIC Single
Handshake duration: 90.48 ms
Execution 26 - QUIC Single
Handshake duration: 91.33 ms
Execution 27 - QUIC Single
Handshake duration: 96.76 ms
Execution 28 - QUIC Single
Handshake duration: 91.64 ms
Execution 29 - QUIC Single
Handshake duration: 92.40 ms
Execution 30 - QUIC Single
Handshake duration: 106.06 ms
Execution 31 - QUIC Single
Handshake duration: 91.74 ms
Execution 32 - QUIC Single
Handshake duration: 92.29 ms
Execution 33 - QUIC Single
Handshake duration: 100.82 ms
Execution 34 - QUIC Single
Handshake duration: 100.28 ms
Execution 35 - QUIC Single
Handshake duration: 104.79 ms
Execution 36 - QUIC Single
Handshake duration: 90.85 ms
Execution 37 - QUIC Single
Handshake duration: 91.17 ms
Execution 38 - QUIC Single
Handshake duration: 91.79 ms
Execution 39 - QUIC Single
Handshake duration: 92.46 ms
Execution 40 - QUIC Single
Handshake duration: 97.87 ms
Execution 41 - QUIC Single
Handshake duration: 91.56 ms
Execution 42 - QUIC Single
Handshake duration: 90.22 ms
Execution 43 - QUIC Single
Handshake duration: 90.65 ms
Execution 44 - QUIC Single
Handshake duration: 92.65 ms
Execution 45 - QUIC Single
Handshake duration: 90.22 ms
Execution 46 - QUIC Single
Handshake duration: 90.97 ms
Execution 47 - QUIC Single
Handshake duration: 108.98 ms
Execution 48 - QUIC Single
Handshake duration: 90.71 ms
Execution 49 - QUIC Single
Handshake duration: 94.93 ms
Execution 50 - QUIC Single
Handshake duration: 90.99 ms
Execution 51 - QUIC Single
Handshake duration: 90.54 ms
Execution 52 - QUIC Single
Handshake duration: 116.22 ms
Execution 53 - QUIC Single
Handshake duration: 91.00 ms
Execution 54 - QUIC Single
Handshake duration: 92.82 ms
Execution 55 - QUIC Single
Handshake duration: 91.54 ms
Execution 56 - QUIC Single
Handshake duration: 102.83 ms
Execution 57 - QUIC Single
Handshake duration: 91.12 ms
Execution 58 - QUIC Single
Handshake duration: 91.73 ms
Execution 59 - QUIC Single
Handshake duration: 89.69 ms
Execution 60 - QUIC Single
Handshake duration: 89.77 ms
Execution 61 - QUIC Single
Handshake duration: 91.30 ms
Execution 62 - QUIC Single
Handshake duration: 98.17 ms
Execution 63 - QUIC Single
Handshake duration: 90.89 ms
Execution 64 - QUIC Single
Handshake duration: 101.85 ms
Execution 65 - QUIC Single
Handshake duration: 91.67 ms
Execution 66 - QUIC Single
Handshake duration: 93.88 ms
Execution 67 - QUIC Single
Handshake duration: 91.41 ms
Execution 68 - QUIC Single
Handshake duration: 90.24 ms
Execution 69 - QUIC Single
Handshake duration: 92.95 ms
Execution 70 - QUIC Single
Handshake duration: 90.66 ms
Execution 71 - QUIC Single
Handshake duration: 91.03 ms
Execution 72 - QUIC Single
Handshake duration: 92.04 ms
Execution 73 - QUIC Single
Handshake duration: 90.92 ms
Execution 74 - QUIC Single
Handshake duration: 90.93 ms
Execution 75 - QUIC Single
Handshake duration: 90.53 ms
Execution 76 - QUIC Single
Handshake duration: 91.21 ms
Execution 77 - QUIC Single
Handshake duration: 90.37 ms
Execution 78 - QUIC Single
Handshake duration: 90.20 ms
Execution 79 - QUIC Single
Handshake duration: 90.53 ms
Execution 80 - QUIC Single
Handshake duration: 91.07 ms
Execution 81 - QUIC Single
Handshake duration: 91.44 ms
Execution 82 - QUIC Single
Handshake duration: 91.14 ms
Execution 83 - QUIC Single
Handshake duration: 122.94 ms
Execution 84 - QUIC Single
Handshake duration: 91.02 ms
Execution 85 - QUIC Single
Handshake duration: 95.76 ms
Execution 86 - QUIC Single
Handshake duration: 90.37 ms
Execution 87 - QUIC Single
Handshake duration: 116.15 ms
Execution 88 - QUIC Single
Handshake duration: 90.24 ms
Execution 89 - QUIC Single
Handshake duration: 90.96 ms
Execution 90 - QUIC Single
Handshake duration: 91.35 ms
Execution 91 - QUIC Single
Handshake duration: 91.44 ms
Execution 92 - QUIC Single
Handshake duration: 91.23 ms
Execution 93 - QUIC Single
Handshake duration: 91.68 ms
Execution 94 - QUIC Single
Handshake duration: 96.61 ms
Execution 95 - QUIC Single
Handshake duration: 90.55 ms
Execution 96 - QUIC Single
Handshake duration: 91.41 ms
Execution 97 - QUIC Single
Handshake duration: 101.62 ms
Execution 98 - QUIC Single
Handshake duration: 91.81 ms
Execution 99 - QUIC Single
Handshake duration: 91.27 ms
Execution 100 - QUIC Single
Handshake duration: 91.40 ms
Execution 101 - QUIC Single
Handshake duration: 91.03 ms
Execution 102 - QUIC Single
Handshake duration: 90.49 ms
Execution 103 - QUIC Single
Handshake duration: 89.95 ms
Execution 104 - QUIC Single
Handshake duration: 90.95 ms
Execution 105 - QUIC Single
Handshake duration: 91.92 ms
Execution 106 - QUIC Single
Handshake duration: 91.84 ms
Execution 107 - QUIC Single
Handshake duration: 91.37 ms
Execution 108 - QUIC Single
Handshake duration: 91.19 ms
Execution 109 - QUIC Single
Handshake duration: 92.50 ms
Execution 110 - QUIC Single
Handshake duration: 92.07 ms
Execution 111 - QUIC Single
Handshake duration: 90.78 ms
Execution 112 - QUIC Single
Handshake duration: 90.19 ms
Execution 113 - QUIC Single
Handshake duration: 91.47 ms
Execution 114 - QUIC Single
Handshake duration: 91.28 ms
Execution 115 - QUIC Single
Handshake duration: 91.47 ms
Execution 116 - QUIC Single
Handshake duration: 91.47 ms
Execution 117 - QUIC Single
Handshake duration: 91.90 ms
Execution 118 - QUIC Single
Handshake duration: 91.44 ms
Execution 119 - QUIC Single
Handshake duration: 92.51 ms
Execution 120 - QUIC Single
Handshake duration: 91.10 ms
Execution 121 - QUIC Single
Handshake duration: 93.12 ms
Execution 122 - QUIC Single
Handshake duration: 100.95 ms
Execution 123 - QUIC Single
Handshake duration: 91.44 ms
Execution 124 - QUIC Single
Handshake duration: 90.74 ms
Execution 125 - QUIC Single
Handshake duration: 90.07 ms
Execution 126 - QUIC Single
Handshake duration: 92.00 ms
Execution 127 - QUIC Single
Handshake duration: 91.92 ms
Execution 128 - QUIC Single
Handshake duration: 91.57 ms
Execution 129 - QUIC Single
Handshake duration: 90.37 ms
Execution 130 - QUIC Single
Handshake duration: 90.22 ms
Execution 131 - QUIC Single
Handshake duration: 90.36 ms
Execution 132 - QUIC Single
Handshake duration: 91.60 ms
Execution 133 - QUIC Single
Handshake duration: 91.19 ms
Execution 134 - QUIC Single
Handshake duration: 92.50 ms
Execution 135 - QUIC Single
Handshake duration: 91.52 ms
Execution 136 - QUIC Single
Handshake duration: 91.89 ms
Execution 137 - QUIC Single
Handshake duration: 103.02 ms
Execution 138 - QUIC Single
Handshake duration: 100.23 ms
Execution 139 - QUIC Single
Handshake duration: 101.10 ms
Execution 140 - QUIC Single
Handshake duration: 91.74 ms
Execution 141 - QUIC Single
Handshake duration: 91.63 ms
Execution 142 - QUIC Single
Handshake duration: 90.78 ms
Execution 143 - QUIC Single
Handshake duration: 91.55 ms
Execution 144 - QUIC Single
Handshake duration: 104.83 ms
Execution 145 - QUIC Single
Handshake duration: 90.61 ms
Execution 146 - QUIC Single
Handshake duration: 91.19 ms
Execution 147 - QUIC Single
Handshake duration: 91.60 ms
Execution 148 - QUIC Single
Handshake duration: 89.80 ms
Execution 149 - QUIC Single
Handshake duration: 90.52 ms
Execution 150 - QUIC Single
Handshake duration: 90.57 ms
Execution 151 - QUIC Single
Handshake duration: 91.46 ms
Execution 152 - QUIC Single
Handshake duration: 103.61 ms
Execution 153 - QUIC Single
Handshake duration: 91.44 ms
Execution 154 - QUIC Single
Handshake duration: 90.52 ms
Execution 155 - QUIC Single
Handshake duration: 101.64 ms
Execution 156 - QUIC Single
Handshake duration: 94.53 ms
Execution 157 - QUIC Single
Handshake duration: 102.49 ms
Execution 158 - QUIC Single
Handshake duration: 91.84 ms
Execution 159 - QUIC Single
Handshake duration: 112.88 ms
Execution 160 - QUIC Single
Handshake duration: 105.58 ms
Execution 161 - QUIC Single
Handshake duration: 91.91 ms
Execution 162 - QUIC Single
Handshake duration: 91.05 ms
Execution 163 - QUIC Single
Handshake duration: 92.73 ms
Execution 164 - QUIC Single
Handshake duration: 100.46 ms
Execution 165 - QUIC Single
Handshake duration: 90.29 ms
Execution 166 - QUIC Single
Handshake duration: 94.09 ms
Execution 167 - QUIC Single
Handshake duration: 91.43 ms
Execution 168 - QUIC Single
Handshake duration: 91.87 ms
Execution 169 - QUIC Single
Handshake duration: 93.87 ms
Execution 170 - QUIC Single
Handshake duration: 92.03 ms
Execution 171 - QUIC Single
Handshake duration: 90.62 ms
Execution 172 - QUIC Single
Handshake duration: 102.66 ms
Execution 173 - QUIC Single
Handshake duration: 113.12 ms
Execution 174 - QUIC Single
Handshake duration: 91.31 ms
Execution 175 - QUIC Single
Handshake duration: 92.60 ms
Execution 176 - QUIC Single
Handshake duration: 102.03 ms
Execution 177 - QUIC Single
Handshake duration: 92.55 ms
Execution 178 - QUIC Single
Handshake duration: 91.22 ms
Execution 179 - QUIC Single
Handshake duration: 92.45 ms
Execution 180 - QUIC Single
Handshake duration: 92.13 ms
Execution 181 - QUIC Single
Handshake duration: 91.19 ms
Execution 182 - QUIC Single
Handshake duration: 90.03 ms
Execution 183 - QUIC Single
Handshake duration: 91.04 ms
Execution 184 - QUIC Single
Handshake duration: 92.50 ms
Execution 185 - QUIC Single
Handshake duration: 94.50 ms
Execution 186 - QUIC Single
Handshake duration: 91.55 ms
Execution 187 - QUIC Single
Handshake duration: 90.82 ms
Execution 188 - QUIC Single
Handshake duration: 93.58 ms
Execution 189 - QUIC Single
Handshake duration: 112.43 ms
Execution 190 - QUIC Single
Handshake duration: 90.88 ms
Execution 191 - QUIC Single
Handshake duration: 89.72 ms
Execution 192 - QUIC Single
Handshake duration: 91.46 ms
Execution 193 - QUIC Single
Handshake duration: 91.55 ms
Execution 194 - QUIC Single
Handshake duration: 92.67 ms
Execution 195 - QUIC Single
Handshake duration: 91.27 ms
Execution 196 - QUIC Single
Handshake duration: 92.07 ms
Execution 197 - QUIC Single
Handshake duration: 115.26 ms
Execution 198 - QUIC Single
Handshake duration: 90.81 ms
Execution 199 - QUIC Single
Handshake duration: 112.07 ms
Execution 200 - QUIC Single
Handshake duration: 102.08 ms
Execution 201 - QUIC Single
Handshake duration: 92.48 ms
Execution 202 - QUIC Single
Handshake duration: 91.83 ms
Execution 203 - QUIC Single
Handshake duration: 94.16 ms
Execution 204 - QUIC Single
Handshake duration: 113.69 ms
Execution 205 - QUIC Single
Handshake duration: 101.78 ms
Execution 206 - QUIC Single
Handshake duration: 90.96 ms
Execution 207 - QUIC Single
Handshake duration: 91.15 ms
Execution 208 - QUIC Single
Handshake duration: 90.06 ms
Execution 209 - QUIC Single
Handshake duration: 98.10 ms
Execution 210 - QUIC Single
Handshake duration: 93.21 ms
Execution 211 - QUIC Single
Handshake duration: 91.30 ms
Execution 212 - QUIC Single
Handshake duration: 91.82 ms
Execution 213 - QUIC Single
Handshake duration: 91.01 ms
Execution 214 - QUIC Single
Handshake duration: 90.28 ms
Execution 215 - QUIC Single
Handshake duration: 92.01 ms
Execution 216 - QUIC Single
Handshake duration: 90.53 ms
Execution 217 - QUIC Single
Handshake duration: 89.87 ms
Execution 218 - QUIC Single
Handshake duration: 91.14 ms
Execution 219 - QUIC Single
Handshake duration: 92.45 ms
Execution 220 - QUIC Single
Handshake duration: 90.91 ms
Execution 221 - QUIC Single
Handshake duration: 92.73 ms
Execution 222 - QUIC Single
Handshake duration: 93.55 ms
Execution 223 - QUIC Single
Handshake duration: 91.79 ms
Execution 224 - QUIC Single
Handshake duration: 90.66 ms
Execution 225 - QUIC Single
Handshake duration: 89.87 ms
Execution 226 - QUIC Single
Handshake duration: 99.28 ms
Execution 227 - QUIC Single
Handshake duration: 101.21 ms
Execution 228 - QUIC Single
Handshake duration: 91.42 ms
Execution 229 - QUIC Single
Handshake duration: 102.16 ms
Execution 230 - QUIC Single
Handshake duration: 92.01 ms
Execution 231 - QUIC Single
Handshake duration: 90.50 ms
Execution 232 - QUIC Single
Handshake duration: 101.54 ms
Execution 233 - QUIC Single
Handshake duration: 89.95 ms
Execution 234 - QUIC Single
Handshake duration: 89.81 ms
Execution 235 - QUIC Single
Handshake duration: 92.78 ms
Execution 236 - QUIC Single
Handshake duration: 90.79 ms
Execution 237 - QUIC Single
Handshake duration: 92.66 ms
Execution 238 - QUIC Single
Handshake duration: 91.38 ms
Execution 239 - QUIC Single
Handshake duration: 90.34 ms
Execution 240 - QUIC Single
Handshake duration: 91.52 ms
Execution 241 - QUIC Single
Handshake duration: 95.35 ms
Execution 242 - QUIC Single
Handshake duration: 89.76 ms
Execution 243 - QUIC Single
Handshake duration: 90.70 ms
Execution 244 - QUIC Single
Handshake duration: 91.37 ms
Execution 245 - QUIC Single
Handshake duration: 91.44 ms
Execution 246 - QUIC Single
Handshake duration: 90.18 ms
Execution 247 - QUIC Single
Handshake duration: 91.25 ms
Execution 248 - QUIC Single
Handshake duration: 91.76 ms
Execution 249 - QUIC Single
Handshake duration: 90.83 ms
Execution 250 - QUIC Single
Handshake duration: 91.44 ms
Execution 251 - QUIC Single
Handshake duration: 90.52 ms
Execution 252 - QUIC Single
Handshake duration: 90.17 ms
Execution 253 - QUIC Single
Handshake duration: 91.73 ms
Execution 254 - QUIC Single
Handshake duration: 90.15 ms
Execution 255 - QUIC Single
Handshake duration: 91.43 ms
Execution 256 - QUIC Single
Handshake duration: 91.33 ms
Execution 257 - QUIC Single
Handshake duration: 92.26 ms
Execution 258 - QUIC Single
Handshake duration: 91.40 ms
Execution 259 - QUIC Single
Handshake duration: 90.67 ms
Execution 260 - QUIC Single
Handshake duration: 91.06 ms
Execution 261 - QUIC Single
Handshake duration: 91.64 ms
Execution 262 - QUIC Single
Handshake duration: 92.22 ms
Execution 263 - QUIC Single
Handshake duration: 92.10 ms
Execution 264 - QUIC Single
Handshake duration: 91.69 ms
Execution 265 - QUIC Single
Handshake duration: 91.83 ms
Execution 266 - QUIC Single
Handshake duration: 90.46 ms
Execution 267 - QUIC Single
Handshake duration: 112.67 ms
Execution 268 - QUIC Single
Handshake duration: 100.17 ms
Execution 269 - QUIC Single
Handshake duration: 100.01 ms
Execution 270 - QUIC Single
Handshake duration: 101.55 ms
Execution 271 - QUIC Single
Handshake duration: 101.06 ms
Execution 272 - QUIC Single
Handshake duration: 91.19 ms
Execution 273 - QUIC Single
Handshake duration: 100.95 ms
Execution 274 - QUIC Single
Handshake duration: 100.46 ms
Execution 275 - QUIC Single
Handshake duration: 102.18 ms
Execution 276 - QUIC Single
Handshake duration: 91.11 ms
Execution 277 - QUIC Single
Handshake duration: 90.09 ms
Execution 278 - QUIC Single
Handshake duration: 90.07 ms
Execution 279 - QUIC Single
Handshake duration: 91.57 ms
Execution 280 - QUIC Single
Handshake duration: 91.17 ms
Execution 281 - QUIC Single
Handshake duration: 91.43 ms
Execution 282 - QUIC Single
Handshake duration: 91.45 ms
Execution 283 - QUIC Single
Handshake duration: 91.08 ms
Execution 284 - QUIC Single
Handshake duration: 91.14 ms
Execution 285 - QUIC Single
Handshake duration: 91.39 ms
Execution 286 - QUIC Single
Handshake duration: 90.42 ms
Execution 287 - QUIC Single
Handshake duration: 89.96 ms
Execution 288 - QUIC Single
Handshake duration: 90.84 ms
Execution 289 - QUIC Single
Handshake duration: 90.88 ms
Execution 290 - QUIC Single
Handshake duration: 91.07 ms
Execution 291 - QUIC Single
Handshake duration: 90.47 ms
Execution 292 - QUIC Single
Handshake duration: 91.23 ms
Execution 293 - QUIC Single
Handshake duration: 92.14 ms
Execution 294 - QUIC Single
Handshake duration: 91.87 ms
Execution 295 - QUIC Single
Handshake duration: 91.74 ms
Execution 296 - QUIC Single
Handshake duration: 101.22 ms
Execution 297 - QUIC Single
Handshake duration: 100.18 ms
Execution 298 - QUIC Single
Handshake duration: 101.89 ms
Execution 299 - QUIC Single
Handshake duration: 90.55 ms
Execution 300 - QUIC Single
Handshake duration: 96.11 ms
Execution 301 - QUIC Single
Handshake duration: 91.65 ms
Execution 302 - QUIC Single
Handshake duration: 90.73 ms
Execution 303 - QUIC Single
Handshake duration: 90.44 ms
Execution 304 - QUIC Single
Handshake duration: 116.25 ms
Execution 305 - QUIC Single
Handshake duration: 91.23 ms
Execution 306 - QUIC Single
Handshake duration: 90.95 ms
Execution 307 - QUIC Single
Handshake duration: 89.94 ms
Execution 308 - QUIC Single
Handshake duration: 91.39 ms
Execution 309 - QUIC Single
Handshake duration: 91.06 ms
Execution 310 - QUIC Single
Handshake duration: 108.99 ms
Execution 311 - QUIC Single
Handshake duration: 91.50 ms
Execution 312 - QUIC Single
Handshake duration: 100.30 ms
Execution 313 - QUIC Single
Handshake duration: 92.30 ms
Execution 314 - QUIC Single
Handshake duration: 101.17 ms
Execution 315 - QUIC Single
Handshake duration: 103.03 ms
Execution 316 - QUIC Single
Handshake duration: 91.37 ms
Execution 317 - QUIC Single
Handshake duration: 91.46 ms
Execution 318 - QUIC Single
Handshake duration: 90.06 ms
Execution 319 - QUIC Single
Handshake duration: 90.52 ms
Execution 320 - QUIC Single
Handshake duration: 91.40 ms
Execution 321 - QUIC Single
Handshake duration: 98.82 ms
Execution 322 - QUIC Single
Handshake duration: 90.28 ms
Execution 323 - QUIC Single
Handshake duration: 91.11 ms
Execution 324 - QUIC Single
Handshake duration: 90.50 ms
Execution 325 - QUIC Single
Handshake duration: 90.15 ms
Execution 326 - QUIC Single
Handshake duration: 91.83 ms
Execution 327 - QUIC Single
Handshake duration: 90.52 ms
Execution 328 - QUIC Single
Handshake duration: 90.89 ms
Execution 329 - QUIC Single
Handshake duration: 90.55 ms
Execution 330 - QUIC Single
Handshake duration: 90.12 ms
Execution 331 - QUIC Single
Handshake duration: 102.57 ms
Execution 332 - QUIC Single
Handshake duration: 90.49 ms
Execution 333 - QUIC Single
Handshake duration: 91.08 ms
Execution 334 - QUIC Single
Handshake duration: 92.47 ms
Execution 335 - QUIC Single
Handshake duration: 91.21 ms
Execution 336 - QUIC Single
Handshake duration: 115.71 ms
Execution 337 - QUIC Single
Handshake duration: 91.71 ms
Execution 338 - QUIC Single
Handshake duration: 117.55 ms
Execution 339 - QUIC Single
Handshake duration: 90.32 ms
Execution 340 - QUIC Single
Handshake duration: 105.50 ms
Execution 341 - QUIC Single
Handshake duration: 90.92 ms
Execution 342 - QUIC Single
Handshake duration: 90.64 ms
Execution 343 - QUIC Single
Handshake duration: 91.09 ms
Execution 344 - QUIC Single
Handshake duration: 91.24 ms
Execution 345 - QUIC Single
Handshake duration: 91.28 ms
Execution 346 - QUIC Single
Handshake duration: 91.10 ms
Execution 347 - QUIC Single
Handshake duration: 101.04 ms
Execution 348 - QUIC Single
Handshake duration: 90.44 ms
Execution 349 - QUIC Single
Handshake duration: 90.98 ms
Execution 350 - QUIC Single
Handshake duration: 90.50 ms
Execution 351 - QUIC Single
Handshake duration: 91.51 ms
Execution 352 - QUIC Single
Handshake duration: 91.37 ms
Execution 353 - QUIC Single
Handshake duration: 92.01 ms
Execution 354 - QUIC Single
Handshake duration: 90.96 ms
Execution 355 - QUIC Single
Handshake duration: 90.86 ms
Execution 356 - QUIC Single
Handshake duration: 89.76 ms
Execution 357 - QUIC Single
Handshake duration: 90.13 ms
Execution 358 - QUIC Single
Handshake duration: 91.10 ms
Execution 359 - QUIC Single
Handshake duration: 91.47 ms
Execution 360 - QUIC Single
Handshake duration: 91.41 ms
Execution 361 - QUIC Single
Handshake duration: 92.27 ms
Execution 362 - QUIC Single
Handshake duration: 90.33 ms
Execution 363 - QUIC Single
Handshake duration: 116.13 ms
Execution 364 - QUIC Single
Handshake duration: 100.53 ms
Execution 365 - QUIC Single
Handshake duration: 100.79 ms
Execution 366 - QUIC Single
Handshake duration: 105.00 ms
Execution 367 - QUIC Single
Handshake duration: 102.82 ms
Execution 368 - QUIC Single
Handshake duration: 91.19 ms
Execution 369 - QUIC Single
Handshake duration: 91.78 ms
Execution 370 - QUIC Single
Handshake duration: 93.46 ms
Execution 371 - QUIC Single
Handshake duration: 91.14 ms
Execution 372 - QUIC Single
Handshake duration: 91.22 ms
Execution 373 - QUIC Single
Handshake duration: 90.11 ms
Execution 374 - QUIC Single
Handshake duration: 90.50 ms
Execution 375 - QUIC Single
Handshake duration: 95.44 ms
Execution 376 - QUIC Single
Handshake duration: 90.80 ms
Execution 377 - QUIC Single
Handshake duration: 91.55 ms
Execution 378 - QUIC Single
Handshake duration: 91.95 ms
Execution 379 - QUIC Single
Handshake duration: 90.10 ms
Execution 380 - QUIC Single
Handshake duration: 92.72 ms
Execution 381 - QUIC Single
Handshake duration: 91.61 ms
Execution 382 - QUIC Single
Handshake duration: 99.15 ms
Execution 383 - QUIC Single
Handshake duration: 92.96 ms
Execution 384 - QUIC Single
Handshake duration: 101.47 ms
Execution 385 - QUIC Single
Handshake duration: 92.47 ms
Execution 386 - QUIC Single
Handshake duration: 93.75 ms
Execution 387 - QUIC Single
Handshake duration: 91.10 ms
Execution 388 - QUIC Single
Handshake duration: 92.47 ms
Execution 389 - QUIC Single
Handshake duration: 92.17 ms
Execution 390 - QUIC Single
Handshake duration: 106.42 ms
Execution 391 - QUIC Single
Handshake duration: 104.40 ms
Execution 392 - QUIC Single
Handshake duration: 106.17 ms
Execution 393 - QUIC Single
Handshake duration: 106.34 ms
Execution 394 - QUIC Single
Handshake duration: 91.07 ms
Execution 395 - QUIC Single
Handshake duration: 91.72 ms
Execution 396 - QUIC Single
Handshake duration: 101.73 ms
Execution 397 - QUIC Single
Handshake duration: 90.65 ms
Execution 398 - QUIC Single
Handshake duration: 90.75 ms
Execution 399 - QUIC Single
Handshake duration: 89.77 ms
Execution 400 - QUIC Single
Handshake duration: 100.37 ms
Execution 401 - QUIC Single
Handshake duration: 93.33 ms
Execution 402 - QUIC Single
Handshake duration: 97.84 ms
Execution 403 - QUIC Single
Handshake duration: 91.57 ms
Execution 404 - QUIC Single
Handshake duration: 91.55 ms
Execution 405 - QUIC Single
Handshake duration: 90.63 ms
Execution 406 - QUIC Single
Handshake duration: 91.50 ms
Execution 407 - QUIC Single
Handshake duration: 98.68 ms
Execution 408 - QUIC Single
Handshake duration: 89.98 ms
Execution 409 - QUIC Single
Handshake duration: 90.41 ms
Execution 410 - QUIC Single
Handshake duration: 91.38 ms
Execution 411 - QUIC Single
Handshake duration: 90.63 ms
Execution 412 - QUIC Single
Handshake duration: 104.00 ms
Execution 413 - QUIC Single
Handshake duration: 91.73 ms
Execution 414 - QUIC Single
Handshake duration: 101.98 ms
Execution 415 - QUIC Single
Handshake duration: 91.87 ms
Execution 416 - QUIC Single
Handshake duration: 90.11 ms
Execution 417 - QUIC Single
Handshake duration: 90.32 ms
Execution 418 - QUIC Single
Handshake duration: 102.36 ms
Execution 419 - QUIC Single
Handshake duration: 91.61 ms
Execution 420 - QUIC Single
Handshake duration: 92.85 ms
Execution 421 - QUIC Single
Handshake duration: 91.33 ms
Execution 422 - QUIC Single
Handshake duration: 90.89 ms
Execution 423 - QUIC Single
Handshake duration: 91.32 ms
Execution 424 - QUIC Single
Handshake duration: 101.81 ms
Execution 425 - QUIC Single
Handshake duration: 90.70 ms
Execution 426 - QUIC Single
Handshake duration: 101.78 ms
Execution 427 - QUIC Single
Handshake duration: 90.93 ms
Execution 428 - QUIC Single
Handshake duration: 91.46 ms
Execution 429 - QUIC Single
Handshake duration: 91.87 ms
Execution 430 - QUIC Single
Handshake duration: 102.27 ms
Execution 431 - QUIC Single
Handshake duration: 91.44 ms
Execution 432 - QUIC Single
Handshake duration: 91.16 ms
Execution 433 - QUIC Single
Handshake duration: 91.53 ms
Execution 434 - QUIC Single
Handshake duration: 90.05 ms
Execution 435 - QUIC Single
Handshake duration: 100.38 ms
Execution 436 - QUIC Single
Handshake duration: 91.80 ms
Execution 437 - QUIC Single
Handshake duration: 91.90 ms
Execution 438 - QUIC Single
Handshake duration: 91.60 ms
Execution 439 - QUIC Single
Handshake duration: 91.72 ms
Execution 440 - QUIC Single
Handshake duration: 91.02 ms
Execution 441 - QUIC Single
Handshake duration: 92.03 ms
Execution 442 - QUIC Single
Handshake duration: 91.44 ms
Execution 443 - QUIC Single
Handshake duration: 90.81 ms
Execution 444 - QUIC Single
Handshake duration: 92.28 ms
Execution 445 - QUIC Single
Handshake duration: 90.61 ms
Execution 446 - QUIC Single
Handshake duration: 92.21 ms
Execution 447 - QUIC Single
Handshake duration: 91.86 ms
Execution 448 - QUIC Single
Handshake duration: 99.68 ms
Execution 449 - QUIC Single
Handshake duration: 105.20 ms
Execution 450 - QUIC Single
Handshake duration: 90.70 ms
Execution 451 - QUIC Single
Handshake duration: 98.28 ms
Execution 452 - QUIC Single
Handshake duration: 90.19 ms
Execution 453 - QUIC Single
Handshake duration: 91.58 ms
Execution 454 - QUIC Single
Handshake duration: 91.66 ms
Execution 455 - QUIC Single
Handshake duration: 91.72 ms
Execution 456 - QUIC Single
Handshake duration: 90.77 ms
Execution 457 - QUIC Single
Handshake duration: 90.68 ms
Execution 458 - QUIC Single
Handshake duration: 90.35 ms
Execution 459 - QUIC Single
Handshake duration: 91.62 ms
Execution 460 - QUIC Single
Handshake duration: 109.42 ms
Execution 461 - QUIC Single
Handshake duration: 91.26 ms
Execution 462 - QUIC Single
Handshake duration: 92.17 ms
Execution 463 - QUIC Single
Handshake duration: 91.99 ms
Execution 464 - QUIC Single
Handshake duration: 91.88 ms
Execution 465 - QUIC Single
Handshake duration: 91.71 ms
Execution 466 - QUIC Single
Handshake duration: 101.74 ms
Execution 467 - QUIC Single
Handshake duration: 91.10 ms
Execution 468 - QUIC Single
Handshake duration: 89.89 ms
Execution 469 - QUIC Single
Handshake duration: 91.49 ms
Execution 470 - QUIC Single
Handshake duration: 91.09 ms
Execution 471 - QUIC Single
Handshake duration: 92.83 ms
Execution 472 - QUIC Single
Handshake duration: 103.38 ms
Execution 473 - QUIC Single
Handshake duration: 90.85 ms
Execution 474 - QUIC Single
Handshake duration: 99.61 ms
Execution 475 - QUIC Single
Handshake duration: 91.85 ms
Execution 476 - QUIC Single
Handshake duration: 90.51 ms
Execution 477 - QUIC Single
Handshake duration: 101.54 ms
Execution 478 - QUIC Single
Handshake duration: 89.92 ms
Execution 479 - QUIC Single
Handshake duration: 91.65 ms
Execution 480 - QUIC Single
Handshake duration: 91.62 ms
Execution 481 - QUIC Single
Handshake duration: 90.79 ms
Execution 482 - QUIC Single
Handshake duration: 90.73 ms
Execution 483 - QUIC Single
Handshake duration: 90.74 ms
Execution 484 - QUIC Single
Handshake duration: 92.17 ms
Execution 485 - QUIC Single
Handshake duration: 91.19 ms
Execution 486 - QUIC Single
Handshake duration: 90.36 ms
Execution 487 - QUIC Single
Handshake duration: 89.88 ms
Execution 488 - QUIC Single
Handshake duration: 91.75 ms
Execution 489 - QUIC Single
Handshake duration: 91.04 ms
Execution 490 - QUIC Single
Handshake duration: 103.03 ms
Execution 491 - QUIC Single
Handshake duration: 91.09 ms
Execution 492 - QUIC Single
Handshake duration: 91.48 ms
Execution 493 - QUIC Single
Handshake duration: 91.72 ms
Execution 494 - QUIC Single
Handshake duration: 91.55 ms
Execution 495 - QUIC Single
Handshake duration: 89.66 ms
Execution 496 - QUIC Single
Handshake duration: 90.54 ms
Execution 497 - QUIC Single
Handshake duration: 115.62 ms
Execution 498 - QUIC Single
Handshake duration: 91.38 ms
Execution 499 - QUIC Single
Handshake duration: 90.79 ms
Execution 500 - QUIC Single
Handshake duration: 90.43 ms
     Waiting  ... 
   Shutting down server and impairments...

 ==> Executing for SIG_ALG: mldsa44

 ==> Creating Certs and Keys
Creating certificates
Using default procedure for mldsa44
-----
-----
Certificate request self-signature ok
subject=CN==localhost
-----
Certificate request self-signature ok
subject=CN==user
Running /opt/oqssa/bin/doCert.sh with SIG_ALG=mldsa44 and certificates created

./Launcherv3_pq_hqc_ge_rerun.sh : ligne 281 : 75452 Processus arrêté      /usr/local/bin/pumba netem --duration 1h --interface $NETIF loss-gemodel --pg "${args[0]}" --pb "${args[1]}" --one-h "${args[2]}" --one-k "${args[3]}" "$OQS_SERVER"

****************
  -> KEM: P-256

    Executing docker Server...
servidor
cliente
ee5c1cbb052e96c218c482e1f6c5e0c0acc48767db8a420328cd6c0dbc8b4472
    Buscando IP.. 
    IP..  172.18.0.2
   ↳ Applying unstable network profile (loss-gemodel pg20 pb40 h90 k20)
   ✔ Pumba PID 80416 confirmed running (SIG=mldsa44 KEM=P-256 PROTO=quic)
    Executing docker Client... 172.18.0.2
0ec55f386e19c273bc9483463b654640d6414037ec5d1b2a25c0158424ebc7f2
cliente
     Docker cliente executed ... 

**************************
     Executing test  ... 
Applying netem rules to lo...
Showing qdisc status for the interface: lo
qdisc netem 801e: root refcnt 2 limit 1000 seed 10737679407079032508
 Sent 0 bytes 0 pkt (dropped 0, overlimits 0 requeues 0) 
 backlog 0b 0p requeues 0
Running ./perftestClientTlsQuic.sh with SIG_ALG=mldsa44 and KEM_ALG=P-256
Execution 1 - QUIC Single
Handshake duration: 2.32 ms
Execution 2 - QUIC Single
Handshake duration: 2.26 ms
Execution 3 - QUIC Single
Handshake duration: 2.22 ms
Execution 4 - QUIC Single
Handshake duration: 2.68 ms
Execution 5 - QUIC Single
Handshake duration: 2.19 ms
Execution 6 - QUIC Single
Handshake duration: 1.82 ms
Execution 7 - QUIC Single
Handshake duration: 2.48 ms
Execution 8 - QUIC Single
Handshake duration: 2.34 ms
Execution 9 - QUIC Single
Handshake duration: 1.80 ms
Execution 10 - QUIC Single
Handshake duration: 2.09 ms
Execution 11 - QUIC Single
Handshake duration: 2.06 ms
Execution 12 - QUIC Single
Handshake duration: 2.08 ms
Execution 13 - QUIC Single
Handshake duration: 2.03 ms
Execution 14 - QUIC Single
Handshake duration: 2.32 ms
Execution 15 - QUIC Single
Handshake duration: 1.91 ms
Execution 16 - QUIC Single
Handshake duration: 2.02 ms
Execution 17 - QUIC Single
Handshake duration: 2.70 ms
Execution 18 - QUIC Single
Handshake duration: 1.80 ms
Execution 19 - QUIC Single
Handshake duration: 2.21 ms
Execution 20 - QUIC Single
Handshake duration: 2.47 ms
Execution 21 - QUIC Single
Handshake duration: 1.94 ms
Execution 22 - QUIC Single
Handshake duration: 1.99 ms
Execution 23 - QUIC Single
Handshake duration: 2.67 ms
Execution 24 - QUIC Single
Handshake duration: 2.17 ms
Execution 25 - QUIC Single
Handshake duration: 2.23 ms
Execution 26 - QUIC Single
Handshake duration: 1.96 ms
Execution 27 - QUIC Single
Handshake duration: 2.18 ms
Execution 28 - QUIC Single
Handshake duration: 2.35 ms
Execution 29 - QUIC Single
Handshake duration: 1.90 ms
Execution 30 - QUIC Single
Handshake duration: 2.29 ms
Execution 31 - QUIC Single
Handshake duration: 2.31 ms
Execution 32 - QUIC Single
Handshake duration: 2.41 ms
Execution 33 - QUIC Single
Handshake duration: 2.12 ms
Execution 34 - QUIC Single
Handshake duration: 1.97 ms
Execution 35 - QUIC Single
Handshake duration: 2.29 ms
Execution 36 - QUIC Single
Handshake duration: 2.17 ms
Execution 37 - QUIC Single
Handshake duration: 2.34 ms
Execution 38 - QUIC Single
Handshake duration: 1.99 ms
Execution 39 - QUIC Single
Handshake duration: 2.01 ms
Execution 40 - QUIC Single
Handshake duration: 2.07 ms
Execution 41 - QUIC Single
Handshake duration: 2.38 ms
Execution 42 - QUIC Single
Handshake duration: 3.10 ms
Execution 43 - QUIC Single
Handshake duration: 2.15 ms
Execution 44 - QUIC Single
Handshake duration: 2.07 ms
Execution 45 - QUIC Single
Handshake duration: 1.97 ms
Execution 46 - QUIC Single
Handshake duration: 2.23 ms
Execution 47 - QUIC Single
Handshake duration: 2.02 ms
Execution 48 - QUIC Single
Handshake duration: 1.96 ms
Execution 49 - QUIC Single
Handshake duration: 2.07 ms
Execution 50 - QUIC Single
Handshake duration: 2.17 ms
Execution 51 - QUIC Single
Handshake duration: 2.05 ms
Execution 52 - QUIC Single
Handshake duration: 2.26 ms
Execution 53 - QUIC Single
Handshake duration: 2.26 ms
Execution 54 - QUIC Single
Handshake duration: 2.06 ms
Execution 55 - QUIC Single
Handshake duration: 2.11 ms
Execution 56 - QUIC Single
Handshake duration: 2.17 ms
Execution 57 - QUIC Single
Handshake duration: 2.32 ms
Execution 58 - QUIC Single
Handshake duration: 2.01 ms
Execution 59 - QUIC Single
Handshake duration: 2.36 ms
Execution 60 - QUIC Single
Handshake duration: 2.00 ms
Execution 61 - QUIC Single
Handshake duration: 1.98 ms
Execution 62 - QUIC Single
Handshake duration: 2.39 ms
Execution 63 - QUIC Single
Handshake duration: 2.31 ms
Execution 64 - QUIC Single
Handshake duration: 2.02 ms
Execution 65 - QUIC Single
Handshake duration: 2.54 ms
Execution 66 - QUIC Single
Handshake duration: 2.26 ms
Execution 67 - QUIC Single
Handshake duration: 1.92 ms
Execution 68 - QUIC Single
Handshake duration: 2.06 ms
Execution 69 - QUIC Single
Handshake duration: 2.35 ms
Execution 70 - QUIC Single
Handshake duration: 2.25 ms
Execution 71 - QUIC Single
Handshake duration: 2.09 ms
Execution 72 - QUIC Single
Handshake duration: 2.13 ms
Execution 73 - QUIC Single
Handshake duration: 2.19 ms
Execution 74 - QUIC Single
Handshake duration: 2.04 ms
Execution 75 - QUIC Single
Handshake duration: 2.29 ms
Execution 76 - QUIC Single
Handshake duration: 1.89 ms
Execution 77 - QUIC Single
Handshake duration: 1.79 ms
Execution 78 - QUIC Single
Handshake duration: 2.18 ms
Execution 79 - QUIC Single
Handshake duration: 2.01 ms
Execution 80 - QUIC Single
Handshake duration: 2.01 ms
Execution 81 - QUIC Single
Handshake duration: 2.11 ms
Execution 82 - QUIC Single
Handshake duration: 2.03 ms
Execution 83 - QUIC Single
Handshake duration: 1.97 ms
Execution 84 - QUIC Single
Handshake duration: 2.12 ms
Execution 85 - QUIC Single
Handshake duration: 2.10 ms
Execution 86 - QUIC Single
Handshake duration: 1.96 ms
Execution 87 - QUIC Single
Handshake duration: 2.08 ms
Execution 88 - QUIC Single
Handshake duration: 2.54 ms
Execution 89 - QUIC Single
Handshake duration: 2.08 ms
Execution 90 - QUIC Single
Handshake duration: 1.92 ms
Execution 91 - QUIC Single
Handshake duration: 2.13 ms
Execution 92 - QUIC Single
Handshake duration: 1.83 ms
Execution 93 - QUIC Single
Handshake duration: 1.91 ms
Execution 94 - QUIC Single
Handshake duration: 2.14 ms
Execution 95 - QUIC Single
Handshake duration: 1.93 ms
Execution 96 - QUIC Single
Handshake duration: 2.05 ms
Execution 97 - QUIC Single
Handshake duration: 2.08 ms
Execution 98 - QUIC Single
Handshake duration: 2.02 ms
Execution 99 - QUIC Single
Handshake duration: 2.25 ms
Execution 100 - QUIC Single
Handshake duration: 2.32 ms
Execution 101 - QUIC Single
Handshake duration: 2.33 ms
Execution 102 - QUIC Single
Handshake duration: 1.91 ms
Execution 103 - QUIC Single
Handshake duration: 2.04 ms
Execution 104 - QUIC Single
Handshake duration: 2.21 ms
Execution 105 - QUIC Single
Handshake duration: 1.92 ms
Execution 106 - QUIC Single
Handshake duration: 2.71 ms
Execution 107 - QUIC Single
Handshake duration: 2.26 ms
Execution 108 - QUIC Single
Handshake duration: 2.35 ms
Execution 109 - QUIC Single
Handshake duration: 1.98 ms
Execution 110 - QUIC Single
Handshake duration: 2.09 ms
Execution 111 - QUIC Single
Handshake duration: 2.01 ms
Execution 112 - QUIC Single
Handshake duration: 1.97 ms
Execution 113 - QUIC Single
Handshake duration: 2.09 ms
Execution 114 - QUIC Single
Handshake duration: 2.09 ms
Execution 115 - QUIC Single
Handshake duration: 1.91 ms
Execution 116 - QUIC Single
Handshake duration: 2.11 ms
Execution 117 - QUIC Single
Handshake duration: 2.01 ms
Execution 118 - QUIC Single
Handshake duration: 1.94 ms
Execution 119 - QUIC Single
Handshake duration: 2.02 ms
Execution 120 - QUIC Single
Handshake duration: 1.99 ms
Execution 121 - QUIC Single
Handshake duration: 2.19 ms
Execution 122 - QUIC Single
Handshake duration: 2.28 ms
Execution 123 - QUIC Single
Handshake duration: 2.00 ms
Execution 124 - QUIC Single
Handshake duration: 2.25 ms
Execution 125 - QUIC Single
Handshake duration: 2.35 ms
Execution 126 - QUIC Single
Handshake duration: 1.98 ms
Execution 127 - QUIC Single
Handshake duration: 2.07 ms
Execution 128 - QUIC Single
Handshake duration: 2.44 ms
Execution 129 - QUIC Single
Handshake duration: 2.00 ms
Execution 130 - QUIC Single
Handshake duration: 2.69 ms
Execution 131 - QUIC Single
Handshake duration: 2.30 ms
Execution 132 - QUIC Single
Handshake duration: 2.27 ms
Execution 133 - QUIC Single
Handshake duration: 2.03 ms
Execution 134 - QUIC Single
Handshake duration: 2.10 ms
Execution 135 - QUIC Single
Handshake duration: 2.45 ms
Execution 136 - QUIC Single
Handshake duration: 2.02 ms
Execution 137 - QUIC Single
Handshake duration: 2.20 ms
Execution 138 - QUIC Single
Handshake duration: 2.02 ms
Execution 139 - QUIC Single
Handshake duration: 2.04 ms
Execution 140 - QUIC Single
Handshake duration: 2.36 ms
Execution 141 - QUIC Single
Handshake duration: 2.13 ms
Execution 142 - QUIC Single
Handshake duration: 2.17 ms
Execution 143 - QUIC Single
Handshake duration: 2.29 ms
Execution 144 - QUIC Single
Handshake duration: 2.15 ms
Execution 145 - QUIC Single
Handshake duration: 2.23 ms
Execution 146 - QUIC Single
Handshake duration: 2.02 ms
Execution 147 - QUIC Single
Handshake duration: 1.97 ms
Execution 148 - QUIC Single
Handshake duration: 2.05 ms
Execution 149 - QUIC Single
Handshake duration: 2.57 ms
Execution 150 - QUIC Single
Handshake duration: 2.01 ms
Execution 151 - QUIC Single
Handshake duration: 1.94 ms
Execution 152 - QUIC Single
Handshake duration: 2.10 ms
Execution 153 - QUIC Single
Handshake duration: 2.47 ms
Execution 154 - QUIC Single
Handshake duration: 2.03 ms
Execution 155 - QUIC Single
Handshake duration: 1.93 ms
Execution 156 - QUIC Single
Handshake duration: 2.11 ms
Execution 157 - QUIC Single
Handshake duration: 2.29 ms
Execution 158 - QUIC Single
Handshake duration: 2.26 ms
Execution 159 - QUIC Single
Handshake duration: 2.04 ms
Execution 160 - QUIC Single
Handshake duration: 2.18 ms
Execution 161 - QUIC Single
Handshake duration: 2.45 ms
Execution 162 - QUIC Single
Handshake duration: 2.64 ms
Execution 163 - QUIC Single
Handshake duration: 2.01 ms
Execution 164 - QUIC Single
Handshake duration: 1.88 ms
Execution 165 - QUIC Single
Handshake duration: 2.38 ms
Execution 166 - QUIC Single
Handshake duration: 2.32 ms
Execution 167 - QUIC Single
Handshake duration: 1.96 ms
Execution 168 - QUIC Single
Handshake duration: 2.25 ms
Execution 169 - QUIC Single
Handshake duration: 2.02 ms
Execution 170 - QUIC Single
Handshake duration: 2.27 ms
Execution 171 - QUIC Single
Handshake duration: 1.91 ms
Execution 172 - QUIC Single
Handshake duration: 2.06 ms
Execution 173 - QUIC Single
Handshake duration: 2.39 ms
Execution 174 - QUIC Single
Handshake duration: 2.32 ms
Execution 175 - QUIC Single
Handshake duration: 2.25 ms
Execution 176 - QUIC Single
Handshake duration: 2.06 ms
Execution 177 - QUIC Single
Handshake duration: 2.58 ms
Execution 178 - QUIC Single
Handshake duration: 1.94 ms
Execution 179 - QUIC Single
Handshake duration: 2.33 ms
Execution 180 - QUIC Single
Handshake duration: 2.03 ms
Execution 181 - QUIC Single
Handshake duration: 2.12 ms
Execution 182 - QUIC Single
Handshake duration: 2.00 ms
Execution 183 - QUIC Single
Handshake duration: 2.16 ms
Execution 184 - QUIC Single
Handshake duration: 2.22 ms
Execution 185 - QUIC Single
Handshake duration: 2.25 ms
Execution 186 - QUIC Single
Handshake duration: 2.46 ms
Execution 187 - QUIC Single
Handshake duration: 2.43 ms
Execution 188 - QUIC Single
Handshake duration: 2.17 ms
Execution 189 - QUIC Single
Handshake duration: 2.21 ms
Execution 190 - QUIC Single
Handshake duration: 1.97 ms
Execution 191 - QUIC Single
Handshake duration: 2.00 ms
Execution 192 - QUIC Single
Handshake duration: 2.48 ms
Execution 193 - QUIC Single
Handshake duration: 2.04 ms
Execution 194 - QUIC Single
Handshake duration: 2.33 ms
Execution 195 - QUIC Single
Handshake duration: 2.69 ms
Execution 196 - QUIC Single
Handshake duration: 1.99 ms
Execution 197 - QUIC Single
Handshake duration: 2.00 ms
Execution 198 - QUIC Single
Handshake duration: 2.38 ms
Execution 199 - QUIC Single
Handshake duration: 2.46 ms
Execution 200 - QUIC Single
Handshake duration: 1.95 ms
Execution 201 - QUIC Single
Handshake duration: 2.69 ms
Execution 202 - QUIC Single
Handshake duration: 2.50 ms
Execution 203 - QUIC Single
Handshake duration: 2.09 ms
Execution 204 - QUIC Single
Handshake duration: 2.10 ms
Execution 205 - QUIC Single
Handshake duration: 1.98 ms
Execution 206 - QUIC Single
Handshake duration: 1.96 ms
Execution 207 - QUIC Single
Handshake duration: 2.48 ms
Execution 208 - QUIC Single
Handshake duration: 1.88 ms
Execution 209 - QUIC Single
Handshake duration: 2.31 ms
Execution 210 - QUIC Single
Handshake duration: 2.41 ms
Execution 211 - QUIC Single
Handshake duration: 2.41 ms
Execution 212 - QUIC Single
Handshake duration: 2.00 ms
Execution 213 - QUIC Single
Handshake duration: 2.04 ms
Execution 214 - QUIC Single
Handshake duration: 2.04 ms
Execution 215 - QUIC Single
Handshake duration: 2.42 ms
Execution 216 - QUIC Single
Handshake duration: 2.13 ms
Execution 217 - QUIC Single
Handshake duration: 1.80 ms
Execution 218 - QUIC Single
Handshake duration: 2.11 ms
Execution 219 - QUIC Single
Handshake duration: 2.08 ms
Execution 220 - QUIC Single
Handshake duration: 1.93 ms
Execution 221 - QUIC Single
Handshake duration: 2.37 ms
Execution 222 - QUIC Single
Handshake duration: 2.02 ms
Execution 223 - QUIC Single
Handshake duration: 1.84 ms
Execution 224 - QUIC Single
Handshake duration: 2.02 ms
Execution 225 - QUIC Single
Handshake duration: 1.99 ms
Execution 226 - QUIC Single
Handshake duration: 2.08 ms
Execution 227 - QUIC Single
Handshake duration: 2.61 ms
Execution 228 - QUIC Single
Handshake duration: 2.05 ms
Execution 229 - QUIC Single
Handshake duration: 2.27 ms
Execution 230 - QUIC Single
Handshake duration: 2.02 ms
Execution 231 - QUIC Single
Handshake duration: 2.25 ms
Execution 232 - QUIC Single
Handshake duration: 1.97 ms
Execution 233 - QUIC Single
Handshake duration: 2.01 ms
Execution 234 - QUIC Single
Handshake duration: 2.05 ms
Execution 235 - QUIC Single
Handshake duration: 1.98 ms
Execution 236 - QUIC Single
Handshake duration: 2.04 ms
Execution 237 - QUIC Single
Handshake duration: 2.25 ms
Execution 238 - QUIC Single
Handshake duration: 1.93 ms
Execution 239 - QUIC Single
Handshake duration: 2.02 ms
Execution 240 - QUIC Single
Handshake duration: 1.95 ms
Execution 241 - QUIC Single
Handshake duration: 2.27 ms
Execution 242 - QUIC Single
Handshake duration: 2.15 ms
Execution 243 - QUIC Single
Handshake duration: 1.99 ms
Execution 244 - QUIC Single
Handshake duration: 2.17 ms
Execution 245 - QUIC Single
Handshake duration: 2.20 ms
Execution 246 - QUIC Single
Handshake duration: 2.03 ms
Execution 247 - QUIC Single
Handshake duration: 2.73 ms
Execution 248 - QUIC Single
Handshake duration: 2.21 ms
Execution 249 - QUIC Single
Handshake duration: 2.02 ms
Execution 250 - QUIC Single
Handshake duration: 1.94 ms
Execution 251 - QUIC Single
Handshake duration: 2.38 ms
Execution 252 - QUIC Single
Handshake duration: 2.34 ms
Execution 253 - QUIC Single
Handshake duration: 1.98 ms
Execution 254 - QUIC Single
Handshake duration: 2.33 ms
Execution 255 - QUIC Single
Handshake duration: 2.17 ms
Execution 256 - QUIC Single
Handshake duration: 2.30 ms
Execution 257 - QUIC Single
Handshake duration: 2.33 ms
Execution 258 - QUIC Single
Handshake duration: 2.16 ms
Execution 259 - QUIC Single
Handshake duration: 2.12 ms
Execution 260 - QUIC Single
Handshake duration: 1.99 ms
Execution 261 - QUIC Single
Handshake duration: 1.97 ms
Execution 262 - QUIC Single
Handshake duration: 2.15 ms
Execution 263 - QUIC Single
Handshake duration: 2.31 ms
Execution 264 - QUIC Single
Handshake duration: 2.29 ms
Execution 265 - QUIC Single
Handshake duration: 1.89 ms
Execution 266 - QUIC Single
Handshake duration: 2.57 ms
Execution 267 - QUIC Single
Handshake duration: 2.38 ms
Execution 268 - QUIC Single
Handshake duration: 2.09 ms
Execution 269 - QUIC Single
Handshake duration: 1.92 ms
Execution 270 - QUIC Single
Handshake duration: 1.94 ms
Execution 271 - QUIC Single
Handshake duration: 1.86 ms
Execution 272 - QUIC Single
Handshake duration: 2.86 ms
Execution 273 - QUIC Single
Handshake duration: 1.96 ms
Execution 274 - QUIC Single
Handshake duration: 2.15 ms
Execution 275 - QUIC Single
Handshake duration: 2.03 ms
Execution 276 - QUIC Single
Handshake duration: 1.86 ms
Execution 277 - QUIC Single
Handshake duration: 1.86 ms
Execution 278 - QUIC Single
Handshake duration: 2.33 ms
Execution 279 - QUIC Single
Handshake duration: 1.92 ms
Execution 280 - QUIC Single
Handshake duration: 2.07 ms
Execution 281 - QUIC Single
Handshake duration: 2.10 ms
Execution 282 - QUIC Single
Handshake duration: 2.07 ms
Execution 283 - QUIC Single
Handshake duration: 2.05 ms
Execution 284 - QUIC Single
Handshake duration: 2.06 ms
Execution 285 - QUIC Single
Handshake duration: 1.98 ms
Execution 286 - QUIC Single
Handshake duration: 2.28 ms
Execution 287 - QUIC Single
Handshake duration: 1.95 ms
Execution 288 - QUIC Single
Handshake duration: 2.07 ms
Execution 289 - QUIC Single
Handshake duration: 1.95 ms
Execution 290 - QUIC Single
Handshake duration: 2.24 ms
Execution 291 - QUIC Single
Handshake duration: 1.98 ms
Execution 292 - QUIC Single
Handshake duration: 2.02 ms
Execution 293 - QUIC Single
Handshake duration: 1.98 ms
Execution 294 - QUIC Single
Handshake duration: 1.95 ms
Execution 295 - QUIC Single
Handshake duration: 2.37 ms
Execution 296 - QUIC Single
Handshake duration: 2.19 ms
Execution 297 - QUIC Single
Handshake duration: 1.84 ms
Execution 298 - QUIC Single
Handshake duration: 1.96 ms
Execution 299 - QUIC Single
Handshake duration: 2.08 ms
Execution 300 - QUIC Single
Handshake duration: 1.98 ms
Execution 301 - QUIC Single
Handshake duration: 2.13 ms
Execution 302 - QUIC Single
Handshake duration: 2.47 ms
Execution 303 - QUIC Single
Handshake duration: 1.94 ms
Execution 304 - QUIC Single
Handshake duration: 2.32 ms
Execution 305 - QUIC Single
Handshake duration: 2.03 ms
Execution 306 - QUIC Single
Handshake duration: 2.03 ms
Execution 307 - QUIC Single
Handshake duration: 2.01 ms
Execution 308 - QUIC Single
Handshake duration: 2.59 ms
Execution 309 - QUIC Single
Handshake duration: 1.99 ms
Execution 310 - QUIC Single
Handshake duration: 1.99 ms
Execution 311 - QUIC Single
Handshake duration: 2.18 ms
Execution 312 - QUIC Single
Handshake duration: 2.22 ms
Execution 313 - QUIC Single
Handshake duration: 1.97 ms
Execution 314 - QUIC Single
Handshake duration: 2.02 ms
Execution 315 - QUIC Single
Handshake duration: 2.30 ms
Execution 316 - QUIC Single
Handshake duration: 2.02 ms
Execution 317 - QUIC Single
Handshake duration: 1.92 ms
Execution 318 - QUIC Single
Handshake duration: 2.10 ms
Execution 319 - QUIC Single
Handshake duration: 2.02 ms
Execution 320 - QUIC Single
Handshake duration: 2.01 ms
Execution 321 - QUIC Single
Handshake duration: 2.12 ms
Execution 322 - QUIC Single
Handshake duration: 2.28 ms
Execution 323 - QUIC Single
Handshake duration: 1.95 ms
Execution 324 - QUIC Single
Handshake duration: 2.33 ms
Execution 325 - QUIC Single
Handshake duration: 2.02 ms
Execution 326 - QUIC Single
Handshake duration: 2.35 ms
Execution 327 - QUIC Single
Handshake duration: 1.95 ms
Execution 328 - QUIC Single
Handshake duration: 1.98 ms
Execution 329 - QUIC Single
Handshake duration: 2.62 ms
Execution 330 - QUIC Single
Handshake duration: 2.22 ms
Execution 331 - QUIC Single
Handshake duration: 2.20 ms
Execution 332 - QUIC Single
Handshake duration: 2.72 ms
Execution 333 - QUIC Single
Handshake duration: 2.12 ms
Execution 334 - QUIC Single
Handshake duration: 2.15 ms
Execution 335 - QUIC Single
Handshake duration: 2.13 ms
Execution 336 - QUIC Single
Handshake duration: 2.09 ms
Execution 337 - QUIC Single
Handshake duration: 2.29 ms
Execution 338 - QUIC Single
Handshake duration: 1.94 ms
Execution 339 - QUIC Single
Handshake duration: 2.12 ms
Execution 340 - QUIC Single
Handshake duration: 2.15 ms
Execution 341 - QUIC Single
Handshake duration: 1.96 ms
Execution 342 - QUIC Single
Handshake duration: 2.20 ms
Execution 343 - QUIC Single
Handshake duration: 1.96 ms
Execution 344 - QUIC Single
Handshake duration: 1.98 ms
Execution 345 - QUIC Single
Handshake duration: 2.06 ms
Execution 346 - QUIC Single
Handshake duration: 2.04 ms
Execution 347 - QUIC Single
Handshake duration: 1.95 ms
Execution 348 - QUIC Single
Handshake duration: 2.03 ms
Execution 349 - QUIC Single
Handshake duration: 2.16 ms
Execution 350 - QUIC Single
Handshake duration: 2.11 ms
Execution 351 - QUIC Single
Handshake duration: 1.95 ms
Execution 352 - QUIC Single
Handshake duration: 2.10 ms
Execution 353 - QUIC Single
Handshake duration: 2.14 ms
Execution 354 - QUIC Single
Handshake duration: 2.03 ms
Execution 355 - QUIC Single
Handshake duration: 2.37 ms
Execution 356 - QUIC Single
Handshake duration: 2.40 ms
Execution 357 - QUIC Single
Handshake duration: 2.31 ms
Execution 358 - QUIC Single
Handshake duration: 1.99 ms
Execution 359 - QUIC Single
Handshake duration: 2.31 ms
Execution 360 - QUIC Single
Handshake duration: 2.13 ms
Execution 361 - QUIC Single
Handshake duration: 1.99 ms
Execution 362 - QUIC Single
Handshake duration: 2.47 ms
Execution 363 - QUIC Single
Handshake duration: 2.53 ms
Execution 364 - QUIC Single
Handshake duration: 2.03 ms
Execution 365 - QUIC Single
Handshake duration: 2.33 ms
Execution 366 - QUIC Single
Handshake duration: 2.67 ms
Execution 367 - QUIC Single
Handshake duration: 2.28 ms
Execution 368 - QUIC Single
Handshake duration: 2.11 ms
Execution 369 - QUIC Single
Handshake duration: 2.17 ms
Execution 370 - QUIC Single
Handshake duration: 2.17 ms
Execution 371 - QUIC Single
Handshake duration: 2.44 ms
Execution 372 - QUIC Single
Handshake duration: 1.96 ms
Execution 373 - QUIC Single
Handshake duration: 2.01 ms
Execution 374 - QUIC Single
Handshake duration: 2.28 ms
Execution 375 - QUIC Single
Handshake duration: 2.42 ms
Execution 376 - QUIC Single
Handshake duration: 2.25 ms
Execution 377 - QUIC Single
Handshake duration: 2.16 ms
Execution 378 - QUIC Single
Handshake duration: 2.19 ms
Execution 379 - QUIC Single
Handshake duration: 2.00 ms
Execution 380 - QUIC Single
Handshake duration: 1.98 ms
Execution 381 - QUIC Single
Handshake duration: 2.29 ms
Execution 382 - QUIC Single
Handshake duration: 2.20 ms
Execution 383 - QUIC Single
Handshake duration: 2.09 ms
Execution 384 - QUIC Single
Handshake duration: 2.19 ms
Execution 385 - QUIC Single
Handshake duration: 2.37 ms
Execution 386 - QUIC Single
Handshake duration: 2.07 ms
Execution 387 - QUIC Single
Handshake duration: 2.21 ms
Execution 388 - QUIC Single
Handshake duration: 2.52 ms
Execution 389 - QUIC Single
Handshake duration: 2.24 ms
Execution 390 - QUIC Single
Handshake duration: 2.05 ms
Execution 391 - QUIC Single
Handshake duration: 1.96 ms
Execution 392 - QUIC Single
Handshake duration: 2.14 ms
Execution 393 - QUIC Single
Handshake duration: 2.29 ms
Execution 394 - QUIC Single
Handshake duration: 2.25 ms
Execution 395 - QUIC Single
Handshake duration: 2.07 ms
Execution 396 - QUIC Single
Handshake duration: 1.94 ms
Execution 397 - QUIC Single
Handshake duration: 2.39 ms
Execution 398 - QUIC Single
Handshake duration: 2.43 ms
Execution 399 - QUIC Single
Handshake duration: 1.96 ms
Execution 400 - QUIC Single
Handshake duration: 2.39 ms
Execution 401 - QUIC Single
Handshake duration: 1.98 ms
Execution 402 - QUIC Single
Handshake duration: 2.32 ms
Execution 403 - QUIC Single
Handshake duration: 2.31 ms
Execution 404 - QUIC Single
Handshake duration: 2.18 ms
Execution 405 - QUIC Single
Handshake duration: 1.99 ms
Execution 406 - QUIC Single
Handshake duration: 2.35 ms
Execution 407 - QUIC Single
Handshake duration: 2.01 ms
Execution 408 - QUIC Single
Handshake duration: 2.36 ms
Execution 409 - QUIC Single
Handshake duration: 2.48 ms
Execution 410 - QUIC Single
Handshake duration: 2.30 ms
Execution 411 - QUIC Single
Handshake duration: 2.23 ms
Execution 412 - QUIC Single
Handshake duration: 2.00 ms
Execution 413 - QUIC Single
Handshake duration: 2.35 ms
Execution 414 - QUIC Single
Handshake duration: 2.47 ms
Execution 415 - QUIC Single
Handshake duration: 2.21 ms
Execution 416 - QUIC Single
Handshake duration: 2.31 ms
Execution 417 - QUIC Single
Handshake duration: 2.25 ms
Execution 418 - QUIC Single
Handshake duration: 2.34 ms
Execution 419 - QUIC Single
Handshake duration: 1.96 ms
Execution 420 - QUIC Single
Handshake duration: 2.41 ms
Execution 421 - QUIC Single
Handshake duration: 2.22 ms
Execution 422 - QUIC Single
Handshake duration: 2.61 ms
Execution 423 - QUIC Single
Handshake duration: 2.34 ms
Execution 424 - QUIC Single
Handshake duration: 2.63 ms
Execution 425 - QUIC Single
Handshake duration: 2.25 ms
Execution 426 - QUIC Single
Handshake duration: 2.02 ms
Execution 427 - QUIC Single
Handshake duration: 2.03 ms
Execution 428 - QUIC Single
Handshake duration: 2.32 ms
Execution 429 - QUIC Single
Handshake duration: 1.92 ms
Execution 430 - QUIC Single
Handshake duration: 1.98 ms
Execution 431 - QUIC Single
Handshake duration: 2.40 ms
Execution 432 - QUIC Single
Handshake duration: 2.61 ms
Execution 433 - QUIC Single
Handshake duration: 2.01 ms
Execution 434 - QUIC Single
Handshake duration: 2.42 ms
Execution 435 - QUIC Single
Handshake duration: 2.43 ms
Execution 436 - QUIC Single
Handshake duration: 1.95 ms
Execution 437 - QUIC Single
Handshake duration: 1.99 ms
Execution 438 - QUIC Single
Handshake duration: 2.00 ms
Execution 439 - QUIC Single
Handshake duration: 1.98 ms
Execution 440 - QUIC Single
Handshake duration: 2.24 ms
Execution 441 - QUIC Single
Handshake duration: 2.10 ms
Execution 442 - QUIC Single
Handshake duration: 2.25 ms
Execution 443 - QUIC Single
Handshake duration: 2.08 ms
Execution 444 - QUIC Single
Handshake duration: 2.19 ms
Execution 445 - QUIC Single
Handshake duration: 2.71 ms
Execution 446 - QUIC Single
Handshake duration: 2.74 ms
Execution 447 - QUIC Single
Handshake duration: 2.29 ms
Execution 448 - QUIC Single
Handshake duration: 2.06 ms
Execution 449 - QUIC Single
Handshake duration: 2.40 ms
Execution 450 - QUIC Single
Handshake duration: 2.03 ms
Execution 451 - QUIC Single
Handshake duration: 2.15 ms
Execution 452 - QUIC Single
Handshake duration: 1.98 ms
Execution 453 - QUIC Single
Handshake duration: 2.02 ms
Execution 454 - QUIC Single
Handshake duration: 2.06 ms
Execution 455 - QUIC Single
Handshake duration: 1.92 ms
Execution 456 - QUIC Single
Handshake duration: 2.35 ms
Execution 457 - QUIC Single
Handshake duration: 2.33 ms
Execution 458 - QUIC Single
Handshake duration: 2.01 ms
Execution 459 - QUIC Single
Handshake duration: 2.25 ms
Execution 460 - QUIC Single
Handshake duration: 2.26 ms
Execution 461 - QUIC Single
Handshake duration: 1.93 ms
Execution 462 - QUIC Single
Handshake duration: 2.00 ms
Execution 463 - QUIC Single
Handshake duration: 2.01 ms
Execution 464 - QUIC Single
Handshake duration: 2.02 ms
Execution 465 - QUIC Single
Handshake duration: 2.06 ms
Execution 466 - QUIC Single
Handshake duration: 2.40 ms
Execution 467 - QUIC Single
Handshake duration: 2.06 ms
Execution 468 - QUIC Single
Handshake duration: 1.99 ms
Execution 469 - QUIC Single
Handshake duration: 2.22 ms
Execution 470 - QUIC Single
Handshake duration: 2.20 ms
Execution 471 - QUIC Single
Handshake duration: 1.91 ms
Execution 472 - QUIC Single
Handshake duration: 2.00 ms
Execution 473 - QUIC Single
Handshake duration: 2.55 ms
Execution 474 - QUIC Single
Handshake duration: 2.15 ms
Execution 475 - QUIC Single
Handshake duration: 2.10 ms
Execution 476 - QUIC Single
Handshake duration: 2.16 ms
Execution 477 - QUIC Single
Handshake duration: 2.32 ms
Execution 478 - QUIC Single
Handshake duration: 1.99 ms
Execution 479 - QUIC Single
Handshake duration: 2.03 ms
Execution 480 - QUIC Single
Handshake duration: 1.94 ms
Execution 481 - QUIC Single
Handshake duration: 2.32 ms
Execution 482 - QUIC Single
Handshake duration: 2.40 ms
Execution 483 - QUIC Single
Handshake duration: 2.40 ms
Execution 484 - QUIC Single
Handshake duration: 1.92 ms
Execution 485 - QUIC Single
Handshake duration: 1.91 ms
Execution 486 - QUIC Single
Handshake duration: 2.17 ms
Execution 487 - QUIC Single
Handshake duration: 2.03 ms
Execution 488 - QUIC Single
Handshake duration: 2.30 ms
Execution 489 - QUIC Single
Handshake duration: 2.17 ms
Execution 490 - QUIC Single
Handshake duration: 2.03 ms
Execution 491 - QUIC Single
Handshake duration: 2.29 ms
Execution 492 - QUIC Single
Handshake duration: 2.43 ms
Execution 493 - QUIC Single
Handshake duration: 2.20 ms
Execution 494 - QUIC Single
Handshake duration: 2.00 ms
Execution 495 - QUIC Single
Handshake duration: 2.28 ms
Execution 496 - QUIC Single
Handshake duration: 2.13 ms
Execution 497 - QUIC Single
Handshake duration: 2.37 ms
Execution 498 - QUIC Single
Handshake duration: 2.00 ms
Execution 499 - QUIC Single
Handshake duration: 2.14 ms
Execution 500 - QUIC Single
Handshake duration: 2.22 ms
     Waiting  ... 
   Shutting down server and impairments...

****************
  -> KEM: x25519

    Executing docker Server...
servidor
cliente
./Launcherv3_pq_hqc_ge_rerun.sh : ligne 309 : 80416 Processus arrêté      /usr/local/bin/pumba netem --duration 1h --interface $NETIF loss-gemodel --pg "${args[0]}" --pb "${args[1]}" --one-h "${args[2]}" --one-k "${args[3]}" "$OQS_SERVER"
79c6b89bb4167baf46e0051beb2a11086880db76dfecb16c83efa5938fd50441
    Buscando IP.. 
    IP..  172.18.0.2
   ↳ Applying unstable network profile (loss-gemodel pg20 pb40 h90 k20)
   ✔ Pumba PID 85259 confirmed running (SIG=mldsa44 KEM=x25519 PROTO=quic)
    Executing docker Client... 172.18.0.2
9ea60c0738de1775d4307713759f935143d490b640b867d701e594310fed2254
cliente
     Docker cliente executed ... 

**************************
     Executing test  ... 
Applying netem rules to lo...
Showing qdisc status for the interface: lo
qdisc netem 8020: root refcnt 2 limit 1000 seed 16789861043149456725
 Sent 0 bytes 0 pkt (dropped 0, overlimits 0 requeues 0) 
 backlog 0b 0p requeues 0
Running ./perftestClientTlsQuic.sh with SIG_ALG=mldsa44 and KEM_ALG=x25519
Execution 1 - QUIC Single
Handshake duration: 2.51 ms
Execution 2 - QUIC Single
Handshake duration: 2.07 ms
Execution 3 - QUIC Single
Handshake duration: 2.03 ms
Execution 4 - QUIC Single
Handshake duration: 1.88 ms
Execution 5 - QUIC Single
Handshake duration: 1.79 ms
Execution 6 - QUIC Single
Handshake duration: 2.20 ms
Execution 7 - QUIC Single
Handshake duration: 1.99 ms
Execution 8 - QUIC Single
Handshake duration: 1.70 ms
Execution 9 - QUIC Single
Handshake duration: 1.81 ms
Execution 10 - QUIC Single
Handshake duration: 1.71 ms
Execution 11 - QUIC Single
Handshake duration: 1.99 ms
Execution 12 - QUIC Single
Handshake duration: 1.99 ms
Execution 13 - QUIC Single
Handshake duration: 1.59 ms
Execution 14 - QUIC Single
Handshake duration: 1.87 ms
Execution 15 - QUIC Single
Handshake duration: 1.99 ms
Execution 16 - QUIC Single
Handshake duration: 1.70 ms
Execution 17 - QUIC Single
Handshake duration: 1.99 ms
Execution 18 - QUIC Single
Handshake duration: 1.82 ms
Execution 19 - QUIC Single
Handshake duration: 1.65 ms
Execution 20 - QUIC Single
Handshake duration: 1.67 ms
Execution 21 - QUIC Single
Handshake duration: 1.98 ms
Execution 22 - QUIC Single
Handshake duration: 1.94 ms
Execution 23 - QUIC Single
Handshake duration: 1.62 ms
Execution 24 - QUIC Single
Handshake duration: 1.88 ms
Execution 25 - QUIC Single
Handshake duration: 2.33 ms
Execution 26 - QUIC Single
Handshake duration: 1.85 ms
Execution 27 - QUIC Single
Handshake duration: 2.12 ms
Execution 28 - QUIC Single
Handshake duration: 1.83 ms
Execution 29 - QUIC Single
Handshake duration: 1.93 ms
Execution 30 - QUIC Single
Handshake duration: 1.63 ms
Execution 31 - QUIC Single
Handshake duration: 2.14 ms
Execution 32 - QUIC Single
Handshake duration: 1.76 ms
Execution 33 - QUIC Single
Handshake duration: 1.82 ms
Execution 34 - QUIC Single
Handshake duration: 2.21 ms
Execution 35 - QUIC Single
Handshake duration: 1.76 ms
Execution 36 - QUIC Single
Handshake duration: 1.92 ms
Execution 37 - QUIC Single
Handshake duration: 1.77 ms
Execution 38 - QUIC Single
Handshake duration: 1.59 ms
Execution 39 - QUIC Single
Handshake duration: 1.82 ms
Execution 40 - QUIC Single
Handshake duration: 1.76 ms
Execution 41 - QUIC Single
Handshake duration: 1.80 ms
Execution 42 - QUIC Single
Handshake duration: 2.04 ms
Execution 43 - QUIC Single
Handshake duration: 1.74 ms
Execution 44 - QUIC Single
Handshake duration: 2.09 ms
Execution 45 - QUIC Single
Handshake duration: 1.80 ms
Execution 46 - QUIC Single
Handshake duration: 1.80 ms
Execution 47 - QUIC Single
Handshake duration: 1.78 ms
Execution 48 - QUIC Single
Handshake duration: 1.95 ms
Execution 49 - QUIC Single
Handshake duration: 1.73 ms
Execution 50 - QUIC Single
Handshake duration: 1.84 ms
Execution 51 - QUIC Single
Handshake duration: 2.10 ms
Execution 52 - QUIC Single
Handshake duration: 1.83 ms
Execution 53 - QUIC Single
Handshake duration: 1.91 ms
Execution 54 - QUIC Single
Handshake duration: 2.05 ms
Execution 55 - QUIC Single
Handshake duration: 1.93 ms
Execution 56 - QUIC Single
Handshake duration: 2.00 ms
Execution 57 - QUIC Single
Handshake duration: 1.98 ms
Execution 58 - QUIC Single
Handshake duration: 1.62 ms
Execution 59 - QUIC Single
Handshake duration: 2.23 ms
Execution 60 - QUIC Single
Handshake duration: 1.72 ms
Execution 61 - QUIC Single
Handshake duration: 2.04 ms
Execution 62 - QUIC Single
Handshake duration: 1.85 ms
Execution 63 - QUIC Single
Handshake duration: 1.64 ms
Execution 64 - QUIC Single
Handshake duration: 1.83 ms
Execution 65 - QUIC Single
Handshake duration: 1.66 ms
Execution 66 - QUIC Single
Handshake duration: 1.87 ms
Execution 67 - QUIC Single
Handshake duration: 1.72 ms
Execution 68 - QUIC Single
Handshake duration: 1.73 ms
Execution 69 - QUIC Single
Handshake duration: 1.81 ms
Execution 70 - QUIC Single
Handshake duration: 1.77 ms
Execution 71 - QUIC Single
Handshake duration: 1.75 ms
Execution 72 - QUIC Single
Handshake duration: 1.87 ms
Execution 73 - QUIC Single
Handshake duration: 1.86 ms
Execution 74 - QUIC Single
Handshake duration: 1.63 ms
Execution 75 - QUIC Single
Handshake duration: 2.09 ms
Execution 76 - QUIC Single
Handshake duration: 1.90 ms
Execution 77 - QUIC Single
Handshake duration: 2.31 ms
Execution 78 - QUIC Single
Handshake duration: 1.96 ms
Execution 79 - QUIC Single
Handshake duration: 1.76 ms
Execution 80 - QUIC Single
Handshake duration: 1.74 ms
Execution 81 - QUIC Single
Handshake duration: 1.83 ms
Execution 82 - QUIC Single
Handshake duration: 1.94 ms
Execution 83 - QUIC Single
Handshake duration: 1.68 ms
Execution 84 - QUIC Single
Handshake duration: 1.78 ms
Execution 85 - QUIC Single
Handshake duration: 1.91 ms
Execution 86 - QUIC Single
Handshake duration: 1.83 ms
Execution 87 - QUIC Single
Handshake duration: 1.94 ms
Execution 88 - QUIC Single
Handshake duration: 1.65 ms
Execution 89 - QUIC Single
Handshake duration: 2.11 ms
Execution 90 - QUIC Single
Handshake duration: 2.01 ms
Execution 91 - QUIC Single
Handshake duration: 1.86 ms
Execution 92 - QUIC Single
Handshake duration: 1.92 ms
Execution 93 - QUIC Single
Handshake duration: 1.79 ms
Execution 94 - QUIC Single
Handshake duration: 1.83 ms
Execution 95 - QUIC Single
Handshake duration: 1.82 ms
Execution 96 - QUIC Single
Handshake duration: 1.91 ms
Execution 97 - QUIC Single
Handshake duration: 1.75 ms
Execution 98 - QUIC Single
Handshake duration: 1.79 ms
Execution 99 - QUIC Single
Handshake duration: 1.91 ms
Execution 100 - QUIC Single
Handshake duration: 2.02 ms
Execution 101 - QUIC Single
Handshake duration: 2.04 ms
Execution 102 - QUIC Single
Handshake duration: 1.78 ms
Execution 103 - QUIC Single
Handshake duration: 1.74 ms
Execution 104 - QUIC Single
Handshake duration: 2.17 ms
Execution 105 - QUIC Single
Handshake duration: 1.72 ms
Execution 106 - QUIC Single
Handshake duration: 1.85 ms
Execution 107 - QUIC Single
Handshake duration: 1.74 ms
Execution 108 - QUIC Single
Handshake duration: 2.69 ms
Execution 109 - QUIC Single
Handshake duration: 2.01 ms
Execution 110 - QUIC Single
Handshake duration: 1.71 ms
Execution 111 - QUIC Single
Handshake duration: 2.67 ms
Execution 112 - QUIC Single
Handshake duration: 2.21 ms
Execution 113 - QUIC Single
Handshake duration: 2.43 ms
Execution 114 - QUIC Single
Handshake duration: 1.77 ms
Execution 115 - QUIC Single
Handshake duration: 1.94 ms
Execution 116 - QUIC Single
Handshake duration: 2.01 ms
Execution 117 - QUIC Single
Handshake duration: 1.98 ms
Execution 118 - QUIC Single
Handshake duration: 1.80 ms
Execution 119 - QUIC Single
Handshake duration: 2.07 ms
Execution 120 - QUIC Single
Handshake duration: 2.30 ms
Execution 121 - QUIC Single
Handshake duration: 1.72 ms
Execution 122 - QUIC Single
Handshake duration: 1.77 ms
Execution 123 - QUIC Single
Handshake duration: 1.78 ms
Execution 124 - QUIC Single
Handshake duration: 1.85 ms
Execution 125 - QUIC Single
Handshake duration: 1.76 ms
Execution 126 - QUIC Single
Handshake duration: 1.80 ms
Execution 127 - QUIC Single
Handshake duration: 1.76 ms
Execution 128 - QUIC Single
Handshake duration: 1.67 ms
Execution 129 - QUIC Single
Handshake duration: 1.86 ms
Execution 130 - QUIC Single
Handshake duration: 1.97 ms
Execution 131 - QUIC Single
Handshake duration: 2.86 ms
Execution 132 - QUIC Single
Handshake duration: 1.93 ms
Execution 133 - QUIC Single
Handshake duration: 2.34 ms
Execution 134 - QUIC Single
Handshake duration: 1.70 ms
Execution 135 - QUIC Single
Handshake duration: 2.14 ms
Execution 136 - QUIC Single
Handshake duration: 2.12 ms
Execution 137 - QUIC Single
Handshake duration: 1.98 ms
Execution 138 - QUIC Single
Handshake duration: 1.90 ms
Execution 139 - QUIC Single
Handshake duration: 1.95 ms
Execution 140 - QUIC Single
Handshake duration: 2.32 ms
Execution 141 - QUIC Single
Handshake duration: 2.12 ms
Execution 142 - QUIC Single
Handshake duration: 1.65 ms
Execution 143 - QUIC Single
Handshake duration: 1.67 ms
Execution 144 - QUIC Single
Handshake duration: 1.73 ms
Execution 145 - QUIC Single
Handshake duration: 1.78 ms
Execution 146 - QUIC Single
Handshake duration: 1.83 ms
Execution 147 - QUIC Single
Handshake duration: 1.88 ms
Execution 148 - QUIC Single
Handshake duration: 1.84 ms
Execution 149 - QUIC Single
Handshake duration: 1.73 ms
Execution 150 - QUIC Single
Handshake duration: 1.75 ms
Execution 151 - QUIC Single
Handshake duration: 2.12 ms
Execution 152 - QUIC Single
Handshake duration: 2.00 ms
Execution 153 - QUIC Single
Handshake duration: 1.73 ms
Execution 154 - QUIC Single
Handshake duration: 2.31 ms
Execution 155 - QUIC Single
Handshake duration: 1.89 ms
Execution 156 - QUIC Single
Handshake duration: 1.60 ms
Execution 157 - QUIC Single
Handshake duration: 1.89 ms
Execution 158 - QUIC Single
Handshake duration: 1.85 ms
Execution 159 - QUIC Single
Handshake duration: 1.69 ms
Execution 160 - QUIC Single
Handshake duration: 1.77 ms
Execution 161 - QUIC Single
Handshake duration: 1.77 ms
Execution 162 - QUIC Single
Handshake duration: 1.95 ms
Execution 163 - QUIC Single
Handshake duration: 1.81 ms
Execution 164 - QUIC Single
Handshake duration: 2.19 ms
Execution 165 - QUIC Single
Handshake duration: 2.01 ms
Execution 166 - QUIC Single
Handshake duration: 1.64 ms
Execution 167 - QUIC Single
Handshake duration: 1.83 ms
Execution 168 - QUIC Single
Handshake duration: 1.93 ms
Execution 169 - QUIC Single
Handshake duration: 1.66 ms
Execution 170 - QUIC Single
Handshake duration: 1.99 ms
Execution 171 - QUIC Single
Handshake duration: 1.85 ms
Execution 172 - QUIC Single
Handshake duration: 1.86 ms
Execution 173 - QUIC Single
Handshake duration: 1.74 ms
Execution 174 - QUIC Single
Handshake duration: 2.18 ms
Execution 175 - QUIC Single
Handshake duration: 2.37 ms
Execution 176 - QUIC Single
Handshake duration: 1.73 ms
Execution 177 - QUIC Single
Handshake duration: 1.91 ms
Execution 178 - QUIC Single
Handshake duration: 1.96 ms
Execution 179 - QUIC Single
Handshake duration: 1.79 ms
Execution 180 - QUIC Single
Handshake duration: 1.77 ms
Execution 181 - QUIC Single
Handshake duration: 1.78 ms
Execution 182 - QUIC Single
Handshake duration: 1.87 ms
Execution 183 - QUIC Single
Handshake duration: 2.14 ms
Execution 184 - QUIC Single
Handshake duration: 2.05 ms
Execution 185 - QUIC Single
Handshake duration: 1.85 ms
Execution 186 - QUIC Single
Handshake duration: 1.97 ms
Execution 187 - QUIC Single
Handshake duration: 1.86 ms
Execution 188 - QUIC Single
Handshake duration: 1.88 ms
Execution 189 - QUIC Single
Handshake duration: 1.86 ms
Execution 190 - QUIC Single
Handshake duration: 1.97 ms
Execution 191 - QUIC Single
Handshake duration: 1.93 ms
Execution 192 - QUIC Single
Handshake duration: 2.10 ms
Execution 193 - QUIC Single
Handshake duration: 1.81 ms
Execution 194 - QUIC Single
Handshake duration: 2.06 ms
Execution 195 - QUIC Single
Handshake duration: 1.71 ms
Execution 196 - QUIC Single
Handshake duration: 1.73 ms
Execution 197 - QUIC Single
Handshake duration: 1.83 ms
Execution 198 - QUIC Single
Handshake duration: 1.84 ms
Execution 199 - QUIC Single
Handshake duration: 1.76 ms
Execution 200 - QUIC Single
Handshake duration: 1.73 ms
Execution 201 - QUIC Single
Handshake duration: 1.76 ms
Execution 202 - QUIC Single
Handshake duration: 1.84 ms
Execution 203 - QUIC Single
Handshake duration: 2.09 ms
Execution 204 - QUIC Single
Handshake duration: 1.73 ms
Execution 205 - QUIC Single
Handshake duration: 1.91 ms
Execution 206 - QUIC Single
Handshake duration: 2.16 ms
Execution 207 - QUIC Single
Handshake duration: 1.61 ms
Execution 208 - QUIC Single
Handshake duration: 1.87 ms
Execution 209 - QUIC Single
Handshake duration: 2.05 ms
Execution 210 - QUIC Single
Handshake duration: 1.99 ms
Execution 211 - QUIC Single
Handshake duration: 2.13 ms
Execution 212 - QUIC Single
Handshake duration: 2.20 ms
Execution 213 - QUIC Single
Handshake duration: 1.85 ms
Execution 214 - QUIC Single
Handshake duration: 1.81 ms
Execution 215 - QUIC Single
Handshake duration: 2.10 ms
Execution 216 - QUIC Single
Handshake duration: 1.79 ms
Execution 217 - QUIC Single
Handshake duration: 2.17 ms
Execution 218 - QUIC Single
Handshake duration: 1.86 ms
Execution 219 - QUIC Single
Handshake duration: 1.81 ms
Execution 220 - QUIC Single
Handshake duration: 1.78 ms
Execution 221 - QUIC Single
Handshake duration: 1.97 ms
Execution 222 - QUIC Single
Handshake duration: 2.28 ms
Execution 223 - QUIC Single
Handshake duration: 1.85 ms
Execution 224 - QUIC Single
Handshake duration: 2.12 ms
Execution 225 - QUIC Single
Handshake duration: 2.08 ms
Execution 226 - QUIC Single
Handshake duration: 1.89 ms
Execution 227 - QUIC Single
Handshake duration: 1.99 ms
Execution 228 - QUIC Single
Handshake duration: 1.75 ms
Execution 229 - QUIC Single
Handshake duration: 1.94 ms
Execution 230 - QUIC Single
Handshake duration: 1.96 ms
Execution 231 - QUIC Single
Handshake duration: 1.97 ms
Execution 232 - QUIC Single
Handshake duration: 2.52 ms
Execution 233 - QUIC Single
Handshake duration: 2.02 ms
Execution 234 - QUIC Single
Handshake duration: 2.22 ms
Execution 235 - QUIC Single
Handshake duration: 1.95 ms
Execution 236 - QUIC Single
Handshake duration: 1.76 ms
Execution 237 - QUIC Single
Handshake duration: 2.09 ms
Execution 238 - QUIC Single
Handshake duration: 2.74 ms
Execution 239 - QUIC Single
Handshake duration: 1.75 ms
Execution 240 - QUIC Single
Handshake duration: 2.08 ms
Execution 241 - QUIC Single
Handshake duration: 1.92 ms
Execution 242 - QUIC Single
Handshake duration: 1.81 ms
Execution 243 - QUIC Single
Handshake duration: 2.00 ms
Execution 244 - QUIC Single
Handshake duration: 2.02 ms
Execution 245 - QUIC Single
Handshake duration: 1.89 ms
Execution 246 - QUIC Single
Handshake duration: 1.73 ms
Execution 247 - QUIC Single
Handshake duration: 1.89 ms
Execution 248 - QUIC Single
Handshake duration: 1.81 ms
Execution 249 - QUIC Single
Handshake duration: 1.81 ms
Execution 250 - QUIC Single
Handshake duration: 2.00 ms
Execution 251 - QUIC Single
Handshake duration: 2.01 ms
Execution 252 - QUIC Single
Handshake duration: 2.15 ms
Execution 253 - QUIC Single
Handshake duration: 1.71 ms
Execution 254 - QUIC Single
Handshake duration: 1.95 ms
Execution 255 - QUIC Single
Handshake duration: 1.76 ms
Execution 256 - QUIC Single
Handshake duration: 1.87 ms
Execution 257 - QUIC Single
Handshake duration: 2.01 ms
Execution 258 - QUIC Single
Handshake duration: 1.82 ms
Execution 259 - QUIC Single
Handshake duration: 1.82 ms
Execution 260 - QUIC Single
Handshake duration: 1.79 ms
Execution 261 - QUIC Single
Handshake duration: 1.75 ms
Execution 262 - QUIC Single
Handshake duration: 1.88 ms
Execution 263 - QUIC Single
Handshake duration: 1.80 ms
Execution 264 - QUIC Single
Handshake duration: 1.74 ms
Execution 265 - QUIC Single
Handshake duration: 2.06 ms
Execution 266 - QUIC Single
Handshake duration: 1.78 ms
Execution 267 - QUIC Single
Handshake duration: 1.78 ms
Execution 268 - QUIC Single
Handshake duration: 1.96 ms
Execution 269 - QUIC Single
Handshake duration: 1.98 ms
Execution 270 - QUIC Single
Handshake duration: 2.78 ms
Execution 271 - QUIC Single
Handshake duration: 1.70 ms
Execution 272 - QUIC Single
Handshake duration: 1.74 ms
Execution 273 - QUIC Single
Handshake duration: 1.98 ms
Execution 274 - QUIC Single
Handshake duration: 1.81 ms
Execution 275 - QUIC Single
Handshake duration: 1.95 ms
Execution 276 - QUIC Single
Handshake duration: 1.89 ms
Execution 277 - QUIC Single
Handshake duration: 1.57 ms
Execution 278 - QUIC Single
Handshake duration: 2.10 ms
Execution 279 - QUIC Single
Handshake duration: 2.10 ms
Execution 280 - QUIC Single
Handshake duration: 1.66 ms
Execution 281 - QUIC Single
Handshake duration: 2.01 ms
Execution 282 - QUIC Single
Handshake duration: 2.03 ms
Execution 283 - QUIC Single
Handshake duration: 1.75 ms
Execution 284 - QUIC Single
Handshake duration: 1.86 ms
Execution 285 - QUIC Single
Handshake duration: 2.25 ms
Execution 286 - QUIC Single
Handshake duration: 1.64 ms
Execution 287 - QUIC Single
Handshake duration: 1.84 ms
Execution 288 - QUIC Single
Handshake duration: 1.83 ms
Execution 289 - QUIC Single
Handshake duration: 1.68 ms
Execution 290 - QUIC Single
Handshake duration: 2.04 ms
Execution 291 - QUIC Single
Handshake duration: 1.88 ms
Execution 292 - QUIC Single
Handshake duration: 1.65 ms
Execution 293 - QUIC Single
Handshake duration: 1.94 ms
Execution 294 - QUIC Single
Handshake duration: 2.19 ms
Execution 295 - QUIC Single
Handshake duration: 1.99 ms
Execution 296 - QUIC Single
Handshake duration: 1.91 ms
Execution 297 - QUIC Single
Handshake duration: 1.85 ms
Execution 298 - QUIC Single
Handshake duration: 2.09 ms
Execution 299 - QUIC Single
Handshake duration: 1.78 ms
Execution 300 - QUIC Single
Handshake duration: 2.03 ms
Execution 301 - QUIC Single
Handshake duration: 1.98 ms
Execution 302 - QUIC Single
Handshake duration: 2.01 ms
Execution 303 - QUIC Single
Handshake duration: 2.06 ms
Execution 304 - QUIC Single
Handshake duration: 1.63 ms
Execution 305 - QUIC Single
Handshake duration: 1.66 ms
Execution 306 - QUIC Single
Handshake duration: 1.73 ms
Execution 307 - QUIC Single
Handshake duration: 1.86 ms
Execution 308 - QUIC Single
Handshake duration: 2.21 ms
Execution 309 - QUIC Single
Handshake duration: 1.74 ms
Execution 310 - QUIC Single
Handshake duration: 1.83 ms
Execution 311 - QUIC Single
Handshake duration: 1.80 ms
Execution 312 - QUIC Single
Handshake duration: 1.94 ms
Execution 313 - QUIC Single
Handshake duration: 1.97 ms
Execution 314 - QUIC Single
Handshake duration: 1.72 ms
Execution 315 - QUIC Single
Handshake duration: 2.24 ms
Execution 316 - QUIC Single
Handshake duration: 1.80 ms
Execution 317 - QUIC Single
Handshake duration: 1.96 ms
Execution 318 - QUIC Single
Handshake duration: 1.64 ms
Execution 319 - QUIC Single
Handshake duration: 1.86 ms
Execution 320 - QUIC Single
Handshake duration: 1.84 ms
Execution 321 - QUIC Single
Handshake duration: 1.86 ms
Execution 322 - QUIC Single
Handshake duration: 1.77 ms
Execution 323 - QUIC Single
Handshake duration: 1.74 ms
Execution 324 - QUIC Single
Handshake duration: 2.10 ms
Execution 325 - QUIC Single
Handshake duration: 1.87 ms
Execution 326 - QUIC Single
Handshake duration: 2.02 ms
Execution 327 - QUIC Single
Handshake duration: 1.98 ms
Execution 328 - QUIC Single
Handshake duration: 1.94 ms
Execution 329 - QUIC Single
Handshake duration: 1.77 ms
Execution 330 - QUIC Single
Handshake duration: 1.78 ms
Execution 331 - QUIC Single
Handshake duration: 1.84 ms
Execution 332 - QUIC Single
Handshake duration: 1.80 ms
Execution 333 - QUIC Single
Handshake duration: 2.03 ms
Execution 334 - QUIC Single
Handshake duration: 1.85 ms
Execution 335 - QUIC Single
Handshake duration: 1.78 ms
Execution 336 - QUIC Single
Handshake duration: 1.83 ms
Execution 337 - QUIC Single
Handshake duration: 1.89 ms
Execution 338 - QUIC Single
Handshake duration: 1.78 ms
Execution 339 - QUIC Single
Handshake duration: 1.87 ms
Execution 340 - QUIC Single
Handshake duration: 2.16 ms
Execution 341 - QUIC Single
Handshake duration: 2.07 ms
Execution 342 - QUIC Single
Handshake duration: 1.79 ms
Execution 343 - QUIC Single
Handshake duration: 2.13 ms
Execution 344 - QUIC Single
Handshake duration: 1.82 ms
Execution 345 - QUIC Single
Handshake duration: 1.68 ms
Execution 346 - QUIC Single
Handshake duration: 1.70 ms
Execution 347 - QUIC Single
Handshake duration: 1.80 ms
Execution 348 - QUIC Single
Handshake duration: 2.08 ms
Execution 349 - QUIC Single
Handshake duration: 2.08 ms
Execution 350 - QUIC Single
Handshake duration: 2.55 ms
Execution 351 - QUIC Single
Handshake duration: 1.88 ms
Execution 352 - QUIC Single
Handshake duration: 1.75 ms
Execution 353 - QUIC Single
Handshake duration: 1.78 ms
Execution 354 - QUIC Single
Handshake duration: 2.06 ms
Execution 355 - QUIC Single
Handshake duration: 2.03 ms
Execution 356 - QUIC Single
Handshake duration: 1.87 ms
Execution 357 - QUIC Single
Handshake duration: 1.86 ms
Execution 358 - QUIC Single
Handshake duration: 2.39 ms
Execution 359 - QUIC Single
Handshake duration: 2.26 ms
Execution 360 - QUIC Single
Handshake duration: 2.15 ms
Execution 361 - QUIC Single
Handshake duration: 1.71 ms
Execution 362 - QUIC Single
Handshake duration: 2.30 ms
Execution 363 - QUIC Single
Handshake duration: 1.88 ms
Execution 364 - QUIC Single
Handshake duration: 2.08 ms
Execution 365 - QUIC Single
Handshake duration: 2.16 ms
Execution 366 - QUIC Single
Handshake duration: 2.26 ms
Execution 367 - QUIC Single
Handshake duration: 2.06 ms
Execution 368 - QUIC Single
Handshake duration: 1.88 ms
Execution 369 - QUIC Single
Handshake duration: 1.86 ms
Execution 370 - QUIC Single
Handshake duration: 1.74 ms
Execution 371 - QUIC Single
Handshake duration: 1.77 ms
Execution 372 - QUIC Single
Handshake duration: 1.72 ms
Execution 373 - QUIC Single
Handshake duration: 1.89 ms
Execution 374 - QUIC Single
Handshake duration: 1.94 ms
Execution 375 - QUIC Single
Handshake duration: 2.10 ms
Execution 376 - QUIC Single
Handshake duration: 1.81 ms
Execution 377 - QUIC Single
Handshake duration: 1.77 ms
Execution 378 - QUIC Single
Handshake duration: 1.80 ms
Execution 379 - QUIC Single
Handshake duration: 1.70 ms
Execution 380 - QUIC Single
Handshake duration: 1.77 ms
Execution 381 - QUIC Single
Handshake duration: 1.74 ms
Execution 382 - QUIC Single
Handshake duration: 1.89 ms
Execution 383 - QUIC Single
Handshake duration: 1.92 ms
Execution 384 - QUIC Single
Handshake duration: 1.93 ms
Execution 385 - QUIC Single
Handshake duration: 1.75 ms
Execution 386 - QUIC Single
Handshake duration: 1.77 ms
Execution 387 - QUIC Single
Handshake duration: 1.90 ms
Execution 388 - QUIC Single
Handshake duration: 1.73 ms
Execution 389 - QUIC Single
Handshake duration: 2.09 ms
Execution 390 - QUIC Single
Handshake duration: 1.86 ms
Execution 391 - QUIC Single
Handshake duration: 2.08 ms
Execution 392 - QUIC Single
Handshake duration: 1.83 ms
Execution 393 - QUIC Single
Handshake duration: 2.03 ms
Execution 394 - QUIC Single
Handshake duration: 2.06 ms
Execution 395 - QUIC Single
Handshake duration: 1.80 ms
Execution 396 - QUIC Single
Handshake duration: 1.69 ms
Execution 397 - QUIC Single
Handshake duration: 1.85 ms
Execution 398 - QUIC Single
Handshake duration: 1.92 ms
Execution 399 - QUIC Single
Handshake duration: 1.78 ms
Execution 400 - QUIC Single
Handshake duration: 1.87 ms
Execution 401 - QUIC Single
Handshake duration: 1.97 ms
Execution 402 - QUIC Single
Handshake duration: 1.97 ms
Execution 403 - QUIC Single
Handshake duration: 1.82 ms
Execution 404 - QUIC Single
Handshake duration: 2.38 ms
Execution 405 - QUIC Single
Handshake duration: 1.83 ms
Execution 406 - QUIC Single
Handshake duration: 1.83 ms
Execution 407 - QUIC Single
Handshake duration: 1.83 ms
Execution 408 - QUIC Single
Handshake duration: 1.77 ms
Execution 409 - QUIC Single
Handshake duration: 1.83 ms
Execution 410 - QUIC Single
Handshake duration: 1.78 ms
Execution 411 - QUIC Single
Handshake duration: 1.73 ms
Execution 412 - QUIC Single
Handshake duration: 1.84 ms
Execution 413 - QUIC Single
Handshake duration: 2.25 ms
Execution 414 - QUIC Single
Handshake duration: 2.04 ms
Execution 415 - QUIC Single
Handshake duration: 1.96 ms
Execution 416 - QUIC Single
Handshake duration: 1.79 ms
Execution 417 - QUIC Single
Handshake duration: 1.82 ms
Execution 418 - QUIC Single
Handshake duration: 2.03 ms
Execution 419 - QUIC Single
Handshake duration: 1.90 ms
Execution 420 - QUIC Single
Handshake duration: 1.76 ms
Execution 421 - QUIC Single
Handshake duration: 1.81 ms
Execution 422 - QUIC Single
Handshake duration: 1.82 ms
Execution 423 - QUIC Single
Handshake duration: 1.86 ms
Execution 424 - QUIC Single
Handshake duration: 2.17 ms
Execution 425 - QUIC Single
Handshake duration: 1.82 ms
Execution 426 - QUIC Single
Handshake duration: 4.54 ms
Execution 427 - QUIC Single
Handshake duration: 1.83 ms
Execution 428 - QUIC Single
Handshake duration: 1.82 ms
Execution 429 - QUIC Single
Handshake duration: 1.64 ms
Execution 430 - QUIC Single
Handshake duration: 1.84 ms
Execution 431 - QUIC Single
Handshake duration: 1.96 ms
Execution 432 - QUIC Single
Handshake duration: 1.82 ms
Execution 433 - QUIC Single
Handshake duration: 1.88 ms
Execution 434 - QUIC Single
Handshake duration: 1.75 ms
Execution 435 - QUIC Single
Handshake duration: 2.13 ms
Execution 436 - QUIC Single
Handshake duration: 1.92 ms
Execution 437 - QUIC Single
Handshake duration: 1.93 ms
Execution 438 - QUIC Single
Handshake duration: 1.82 ms
Execution 439 - QUIC Single
Handshake duration: 1.97 ms
Execution 440 - QUIC Single
Handshake duration: 1.74 ms
Execution 441 - QUIC Single
Handshake duration: 2.08 ms
Execution 442 - QUIC Single
Handshake duration: 1.69 ms
Execution 443 - QUIC Single
Handshake duration: 2.12 ms
Execution 444 - QUIC Single
Handshake duration: 1.85 ms
Execution 445 - QUIC Single
Handshake duration: 2.10 ms
Execution 446 - QUIC Single
Handshake duration: 1.98 ms
Execution 447 - QUIC Single
Handshake duration: 2.03 ms
Execution 448 - QUIC Single
Handshake duration: 1.62 ms
Execution 449 - QUIC Single
Handshake duration: 1.89 ms
Execution 450 - QUIC Single
Handshake duration: 1.75 ms
Execution 451 - QUIC Single
Handshake duration: 1.74 ms
Execution 452 - QUIC Single
Handshake duration: 1.98 ms
Execution 453 - QUIC Single
Handshake duration: 2.06 ms
Execution 454 - QUIC Single
Handshake duration: 1.87 ms
Execution 455 - QUIC Single
Handshake duration: 2.08 ms
Execution 456 - QUIC Single
Handshake duration: 2.02 ms
Execution 457 - QUIC Single
Handshake duration: 1.89 ms
Execution 458 - QUIC Single
Handshake duration: 1.85 ms
Execution 459 - QUIC Single
Handshake duration: 2.01 ms
Execution 460 - QUIC Single
Handshake duration: 1.66 ms
Execution 461 - QUIC Single
Handshake duration: 1.90 ms
Execution 462 - QUIC Single
Handshake duration: 1.86 ms
Execution 463 - QUIC Single
Handshake duration: 1.84 ms
Execution 464 - QUIC Single
Handshake duration: 1.80 ms
Execution 465 - QUIC Single
Handshake duration: 1.74 ms
Execution 466 - QUIC Single
Handshake duration: 1.88 ms
Execution 467 - QUIC Single
Handshake duration: 1.75 ms
Execution 468 - QUIC Single
Handshake duration: 1.76 ms
Execution 469 - QUIC Single
Handshake duration: 2.40 ms
Execution 470 - QUIC Single
Handshake duration: 2.01 ms
Execution 471 - QUIC Single
Handshake duration: 1.77 ms
Execution 472 - QUIC Single
Handshake duration: 1.88 ms
Execution 473 - QUIC Single
Handshake duration: 2.11 ms
Execution 474 - QUIC Single
Handshake duration: 2.31 ms
Execution 475 - QUIC Single
Handshake duration: 2.09 ms
Execution 476 - QUIC Single
Handshake duration: 1.96 ms
Execution 477 - QUIC Single
Handshake duration: 2.22 ms
Execution 478 - QUIC Single
Handshake duration: 2.23 ms
Execution 479 - QUIC Single
Handshake duration: 1.78 ms
Execution 480 - QUIC Single
Handshake duration: 1.85 ms
Execution 481 - QUIC Single
Handshake duration: 1.92 ms
Execution 482 - QUIC Single
Handshake duration: 2.16 ms
Execution 483 - QUIC Single
Handshake duration: 1.81 ms
Execution 484 - QUIC Single
Handshake duration: 1.74 ms
Execution 485 - QUIC Single
Handshake duration: 1.82 ms
Execution 486 - QUIC Single
Handshake duration: 1.85 ms
Execution 487 - QUIC Single
Handshake duration: 2.02 ms
Execution 488 - QUIC Single
Handshake duration: 1.81 ms
Execution 489 - QUIC Single
Handshake duration: 1.95 ms
Execution 490 - QUIC Single
Handshake duration: 1.80 ms
Execution 491 - QUIC Single
Handshake duration: 1.90 ms
Execution 492 - QUIC Single
Handshake duration: 1.81 ms
Execution 493 - QUIC Single
Handshake duration: 2.11 ms
Execution 494 - QUIC Single
Handshake duration: 2.21 ms
Execution 495 - QUIC Single
Handshake duration: 1.87 ms
Execution 496 - QUIC Single
Handshake duration: 1.87 ms
Execution 497 - QUIC Single
Handshake duration: 1.98 ms
Execution 498 - QUIC Single
Handshake duration: 1.82 ms
Execution 499 - QUIC Single
Handshake duration: 2.05 ms
Execution 500 - QUIC Single
Handshake duration: 1.97 ms
     Waiting  ... 
   Shutting down server and impairments...

****************
  -> KEM: hqc128

    Executing docker Server...
servidor
cliente
./Launcherv3_pq_hqc_ge_rerun.sh : ligne 309 : 85259 Processus arrêté      /usr/local/bin/pumba netem --duration 1h --interface $NETIF loss-gemodel --pg "${args[0]}" --pb "${args[1]}" --one-h "${args[2]}" --one-k "${args[3]}" "$OQS_SERVER"
88d5d9b03c40599076c43956c9589b74cea76bcb1fa1fd2be4d9df4b4d02c2b3
    Buscando IP.. 
    IP..  172.18.0.2
   ↳ Applying unstable network profile (loss-gemodel pg20 pb40 h90 k20)
   ✔ Pumba PID 90114 confirmed running (SIG=mldsa44 KEM=hqc128 PROTO=quic)
    Executing docker Client... 172.18.0.2
1c914212376906768623101b8fea00a46719992c682fa6f09e2123366f26d5fd
cliente
     Docker cliente executed ... 

**************************
     Executing test  ... 
Applying netem rules to lo...
Showing qdisc status for the interface: lo
qdisc netem 8022: root refcnt 2 limit 1000 seed 6025392039603824871
 Sent 0 bytes 0 pkt (dropped 0, overlimits 0 requeues 0) 
 backlog 0b 0p requeues 0
Running ./perftestClientTlsQuic.sh with SIG_ALG=mldsa44 and KEM_ALG=hqc128
Execution 1 - QUIC Single
Handshake duration: 16.29 ms
Execution 2 - QUIC Single
Handshake duration: 16.04 ms
Execution 3 - QUIC Single
Handshake duration: 16.10 ms
Execution 4 - QUIC Single
Handshake duration: 17.79 ms
Execution 5 - QUIC Single
Handshake duration: 20.73 ms
Execution 6 - QUIC Single
Handshake duration: 15.80 ms
Execution 7 - QUIC Single
Handshake duration: 16.31 ms
Execution 8 - QUIC Single
Handshake duration: 16.33 ms
Execution 9 - QUIC Single
Handshake duration: 16.39 ms
Execution 10 - QUIC Single
Handshake duration: 16.38 ms
Execution 11 - QUIC Single
Handshake duration: 16.11 ms
Execution 12 - QUIC Single
Handshake duration: 15.95 ms
Execution 13 - QUIC Single
Handshake duration: 15.96 ms
Execution 14 - QUIC Single
Handshake duration: 16.14 ms
Execution 15 - QUIC Single
Handshake duration: 16.05 ms
Execution 16 - QUIC Single
Handshake duration: 16.03 ms
Execution 17 - QUIC Single
Handshake duration: 16.07 ms
Execution 18 - QUIC Single
Handshake duration: 16.31 ms
Execution 19 - QUIC Single
Handshake duration: 22.73 ms
Execution 20 - QUIC Single
Handshake duration: 16.34 ms
Execution 21 - QUIC Single
Handshake duration: 20.89 ms
Execution 22 - QUIC Single
Handshake duration: 15.95 ms
Execution 23 - QUIC Single
Handshake duration: 20.54 ms
Execution 24 - QUIC Single
Handshake duration: 16.00 ms
Execution 25 - QUIC Single
Handshake duration: 16.08 ms
Execution 26 - QUIC Single
Handshake duration: 16.00 ms
Execution 27 - QUIC Single
Handshake duration: 15.90 ms
Execution 28 - QUIC Single
Handshake duration: 16.09 ms
Execution 29 - QUIC Single
Handshake duration: 22.26 ms
Execution 30 - QUIC Single
Handshake duration: 15.88 ms
Execution 31 - QUIC Single
Handshake duration: 20.33 ms
Execution 32 - QUIC Single
Handshake duration: 16.13 ms
Execution 33 - QUIC Single
Handshake duration: 15.89 ms
Execution 34 - QUIC Single
Handshake duration: 16.12 ms
Execution 35 - QUIC Single
Handshake duration: 21.22 ms
Execution 36 - QUIC Single
Handshake duration: 16.55 ms
Execution 37 - QUIC Single
Handshake duration: 16.09 ms
Execution 38 - QUIC Single
Handshake duration: 16.22 ms
Execution 39 - QUIC Single
Handshake duration: 16.42 ms
Execution 40 - QUIC Single
Handshake duration: 16.54 ms
Execution 41 - QUIC Single
Handshake duration: 15.99 ms
Execution 42 - QUIC Single
Handshake duration: 20.67 ms
Execution 43 - QUIC Single
Handshake duration: 16.21 ms
Execution 44 - QUIC Single
Handshake duration: 16.40 ms
Execution 45 - QUIC Single
Handshake duration: 16.05 ms
Execution 46 - QUIC Single
Handshake duration: 16.24 ms
Execution 47 - QUIC Single
Handshake duration: 16.08 ms
Execution 48 - QUIC Single
Handshake duration: 16.06 ms
Execution 49 - QUIC Single
Handshake duration: 16.29 ms
Execution 50 - QUIC Single
Handshake duration: 16.50 ms
Execution 51 - QUIC Single
Handshake duration: 16.48 ms
Execution 52 - QUIC Single
Handshake duration: 16.24 ms
Execution 53 - QUIC Single
Handshake duration: 16.05 ms
Execution 54 - QUIC Single
Handshake duration: 15.88 ms
Execution 55 - QUIC Single
Handshake duration: 22.96 ms
Execution 56 - QUIC Single
Handshake duration: 15.82 ms
Execution 57 - QUIC Single
Handshake duration: 20.43 ms
Execution 58 - QUIC Single
Handshake duration: 15.95 ms
Execution 59 - QUIC Single
Handshake duration: 15.80 ms
Execution 60 - QUIC Single
Handshake duration: 15.80 ms
Execution 61 - QUIC Single
Handshake duration: 15.89 ms
Execution 62 - QUIC Single
Handshake duration: 16.11 ms
Execution 63 - QUIC Single
Handshake duration: 16.16 ms
Execution 64 - QUIC Single
Handshake duration: 21.34 ms
Execution 65 - QUIC Single
Handshake duration: 16.29 ms
Execution 66 - QUIC Single
Handshake duration: 15.96 ms
Execution 67 - QUIC Single
Handshake duration: 15.98 ms
Execution 68 - QUIC Single
Handshake duration: 20.50 ms
Execution 69 - QUIC Single
Handshake duration: 17.17 ms
Execution 70 - QUIC Single
Handshake duration: 16.03 ms
Execution 71 - QUIC Single
Handshake duration: 20.00 ms
Execution 72 - QUIC Single
Handshake duration: 22.72 ms
Execution 73 - QUIC Single
Handshake duration: 16.03 ms
Execution 74 - QUIC Single
Handshake duration: 16.49 ms
Execution 75 - QUIC Single
Handshake duration: 23.36 ms
Execution 76 - QUIC Single
Handshake duration: 16.43 ms
Execution 77 - QUIC Single
Handshake duration: 16.42 ms
Execution 78 - QUIC Single
Handshake duration: 17.42 ms
Execution 79 - QUIC Single
Handshake duration: 15.88 ms
Execution 80 - QUIC Single
Handshake duration: 16.01 ms
Execution 81 - QUIC Single
Handshake duration: 16.50 ms
Execution 82 - QUIC Single
Handshake duration: 22.78 ms
Execution 83 - QUIC Single
Handshake duration: 15.97 ms
Execution 84 - QUIC Single
Handshake duration: 15.90 ms
Execution 85 - QUIC Single
Handshake duration: 15.82 ms
Execution 86 - QUIC Single
Handshake duration: 16.09 ms
Execution 87 - QUIC Single
Handshake duration: 16.55 ms
Execution 88 - QUIC Single
Handshake duration: 16.36 ms
Execution 89 - QUIC Single
Handshake duration: 16.00 ms
Execution 90 - QUIC Single
Handshake duration: 15.84 ms
Execution 91 - QUIC Single
Handshake duration: 16.18 ms
Execution 92 - QUIC Single
Handshake duration: 16.21 ms
Execution 93 - QUIC Single
Handshake duration: 20.77 ms
Execution 94 - QUIC Single
Handshake duration: 16.38 ms
Execution 95 - QUIC Single
Handshake duration: 16.27 ms
Execution 96 - QUIC Single
Handshake duration: 16.46 ms
Execution 97 - QUIC Single
Handshake duration: 16.11 ms
Execution 98 - QUIC Single
Handshake duration: 16.08 ms
Execution 99 - QUIC Single
Handshake duration: 16.04 ms
Execution 100 - QUIC Single
Handshake duration: 16.22 ms
Execution 101 - QUIC Single
Handshake duration: 23.23 ms
Execution 102 - QUIC Single
Handshake duration: 16.03 ms
Execution 103 - QUIC Single
Handshake duration: 16.24 ms
Execution 104 - QUIC Single
Handshake duration: 16.12 ms
Execution 105 - QUIC Single
Handshake duration: 16.18 ms
Execution 106 - QUIC Single
Handshake duration: 22.65 ms
Execution 107 - QUIC Single
Handshake duration: 16.02 ms
Execution 108 - QUIC Single
Handshake duration: 15.94 ms
Execution 109 - QUIC Single
Handshake duration: 15.82 ms
Execution 110 - QUIC Single
Handshake duration: 16.27 ms
Execution 111 - QUIC Single
Handshake duration: 16.19 ms
Execution 112 - QUIC Single
Handshake duration: 16.14 ms
Execution 113 - QUIC Single
Handshake duration: 16.43 ms
Execution 114 - QUIC Single
Handshake duration: 22.53 ms
Execution 115 - QUIC Single
Handshake duration: 16.14 ms
Execution 116 - QUIC Single
Handshake duration: 16.35 ms
Execution 117 - QUIC Single
Handshake duration: 22.50 ms
Execution 118 - QUIC Single
Handshake duration: 16.35 ms
Execution 119 - QUIC Single
Handshake duration: 16.36 ms
Execution 120 - QUIC Single
Handshake duration: 15.90 ms
Execution 121 - QUIC Single
Handshake duration: 16.17 ms
Execution 122 - QUIC Single
Handshake duration: 17.91 ms
Execution 123 - QUIC Single
Handshake duration: 16.44 ms
Execution 124 - QUIC Single
Handshake duration: 21.47 ms
Execution 125 - QUIC Single
Handshake duration: 16.35 ms
Execution 126 - QUIC Single
Handshake duration: 16.07 ms
Execution 127 - QUIC Single
Handshake duration: 16.16 ms
Execution 128 - QUIC Single
Handshake duration: 16.60 ms
Execution 129 - QUIC Single
Handshake duration: 22.77 ms
Execution 130 - QUIC Single
Handshake duration: 16.51 ms
Execution 131 - QUIC Single
Handshake duration: 16.94 ms
Execution 132 - QUIC Single
Handshake duration: 17.55 ms
Execution 133 - QUIC Single
Handshake duration: 16.17 ms
Execution 134 - QUIC Single
Handshake duration: 15.81 ms
Execution 135 - QUIC Single
Handshake duration: 17.25 ms
Execution 136 - QUIC Single
Handshake duration: 15.75 ms
Execution 137 - QUIC Single
Handshake duration: 15.95 ms
Execution 138 - QUIC Single
Handshake duration: 17.23 ms
Execution 139 - QUIC Single
Handshake duration: 16.45 ms
Execution 140 - QUIC Single
Handshake duration: 21.07 ms
Execution 141 - QUIC Single
Handshake duration: 16.33 ms
Execution 142 - QUIC Single
Handshake duration: 16.02 ms
Execution 143 - QUIC Single
Handshake duration: 16.23 ms
Execution 144 - QUIC Single
Handshake duration: 16.24 ms
Execution 145 - QUIC Single
Handshake duration: 16.27 ms
Execution 146 - QUIC Single
Handshake duration: 15.92 ms
Execution 147 - QUIC Single
Handshake duration: 16.09 ms
Execution 148 - QUIC Single
Handshake duration: 20.69 ms
Execution 149 - QUIC Single
Handshake duration: 20.85 ms
Execution 150 - QUIC Single
Handshake duration: 16.05 ms
Execution 151 - QUIC Single
Handshake duration: 16.37 ms
Execution 152 - QUIC Single
Handshake duration: 16.38 ms
Execution 153 - QUIC Single
Handshake duration: 16.08 ms
Execution 154 - QUIC Single
Handshake duration: 16.24 ms
Execution 155 - QUIC Single
Handshake duration: 16.62 ms
Execution 156 - QUIC Single
Handshake duration: 16.13 ms
Execution 157 - QUIC Single
Handshake duration: 15.96 ms
Execution 158 - QUIC Single
Handshake duration: 16.01 ms
Execution 159 - QUIC Single
Handshake duration: 22.97 ms
Execution 160 - QUIC Single
Handshake duration: 15.94 ms
Execution 161 - QUIC Single
Handshake duration: 23.90 ms
Execution 162 - QUIC Single
Handshake duration: 16.03 ms
Execution 163 - QUIC Single
Handshake duration: 15.91 ms
Execution 164 - QUIC Single
Handshake duration: 16.46 ms
Execution 165 - QUIC Single
Handshake duration: 15.90 ms
Execution 166 - QUIC Single
Handshake duration: 16.13 ms
Execution 167 - QUIC Single
Handshake duration: 16.34 ms
Execution 168 - QUIC Single
Handshake duration: 21.17 ms
Execution 169 - QUIC Single
Handshake duration: 16.40 ms
Execution 170 - QUIC Single
Handshake duration: 16.23 ms
Execution 171 - QUIC Single
Handshake duration: 16.07 ms
Execution 172 - QUIC Single
Handshake duration: 22.37 ms
Execution 173 - QUIC Single
Handshake duration: 15.91 ms
Execution 174 - QUIC Single
Handshake duration: 16.31 ms
Execution 175 - QUIC Single
Handshake duration: 16.00 ms
Execution 176 - QUIC Single
Handshake duration: 16.23 ms
Execution 177 - QUIC Single
Handshake duration: 16.48 ms
Execution 178 - QUIC Single
Handshake duration: 16.36 ms
Execution 179 - QUIC Single
Handshake duration: 16.05 ms
Execution 180 - QUIC Single
Handshake duration: 21.15 ms
Execution 181 - QUIC Single
Handshake duration: 20.44 ms
Execution 182 - QUIC Single
Handshake duration: 16.17 ms
Execution 183 - QUIC Single
Handshake duration: 22.57 ms
Execution 184 - QUIC Single
Handshake duration: 17.56 ms
Execution 185 - QUIC Single
Handshake duration: 16.11 ms
Execution 186 - QUIC Single
Handshake duration: 16.06 ms
Execution 187 - QUIC Single
Handshake duration: 15.95 ms
Execution 188 - QUIC Single
Handshake duration: 15.85 ms
Execution 189 - QUIC Single
Handshake duration: 15.91 ms
Execution 190 - QUIC Single
Handshake duration: 15.95 ms
Execution 191 - QUIC Single
Handshake duration: 15.96 ms
Execution 192 - QUIC Single
Handshake duration: 22.46 ms
Execution 193 - QUIC Single
Handshake duration: 16.04 ms
Execution 194 - QUIC Single
Handshake duration: 17.89 ms
Execution 195 - QUIC Single
Handshake duration: 16.05 ms
Execution 196 - QUIC Single
Handshake duration: 16.95 ms
Execution 197 - QUIC Single
Handshake duration: 16.64 ms
Execution 198 - QUIC Single
Handshake duration: 20.63 ms
Execution 199 - QUIC Single
Handshake duration: 16.60 ms
Execution 200 - QUIC Single
Handshake duration: 16.00 ms
Execution 201 - QUIC Single
Handshake duration: 16.34 ms
Execution 202 - QUIC Single
Handshake duration: 16.04 ms
Execution 203 - QUIC Single
Handshake duration: 16.26 ms
Execution 204 - QUIC Single
Handshake duration: 25.00 ms
Execution 205 - QUIC Single
Handshake duration: 16.06 ms
Execution 206 - QUIC Single
Handshake duration: 23.81 ms
Execution 207 - QUIC Single
Handshake duration: 16.08 ms
Execution 208 - QUIC Single
Handshake duration: 22.55 ms
Execution 209 - QUIC Single
Handshake duration: 16.09 ms
Execution 210 - QUIC Single
Handshake duration: 22.61 ms
Execution 211 - QUIC Single
Handshake duration: 16.14 ms
Execution 212 - QUIC Single
Handshake duration: 15.89 ms
Execution 213 - QUIC Single
Handshake duration: 15.97 ms
Execution 214 - QUIC Single
Handshake duration: 16.73 ms
Execution 215 - QUIC Single
Handshake duration: 16.26 ms
Execution 216 - QUIC Single
Handshake duration: 15.87 ms
Execution 217 - QUIC Single
Handshake duration: 16.09 ms
Execution 218 - QUIC Single
Handshake duration: 16.09 ms
Execution 219 - QUIC Single
Handshake duration: 16.15 ms
Execution 220 - QUIC Single
Handshake duration: 16.32 ms
Execution 221 - QUIC Single
Handshake duration: 21.45 ms
Execution 222 - QUIC Single
Handshake duration: 22.59 ms
Execution 223 - QUIC Single
Handshake duration: 16.65 ms
Execution 224 - QUIC Single
Handshake duration: 16.11 ms
Execution 225 - QUIC Single
Handshake duration: 16.21 ms
Execution 226 - QUIC Single
Handshake duration: 22.52 ms
Execution 227 - QUIC Single
Handshake duration: 16.48 ms
Execution 228 - QUIC Single
Handshake duration: 16.20 ms
Execution 229 - QUIC Single
Handshake duration: 15.98 ms
Execution 230 - QUIC Single
Handshake duration: 16.16 ms
Execution 231 - QUIC Single
Handshake duration: 16.21 ms
Execution 232 - QUIC Single
Handshake duration: 16.16 ms
Execution 233 - QUIC Single
Handshake duration: 21.75 ms
Execution 234 - QUIC Single
Handshake duration: 16.25 ms
Execution 235 - QUIC Single
Handshake duration: 20.97 ms
Execution 236 - QUIC Single
Handshake duration: 15.91 ms
Execution 237 - QUIC Single
Handshake duration: 16.23 ms
Execution 238 - QUIC Single
Handshake duration: 22.87 ms
Execution 239 - QUIC Single
Handshake duration: 21.19 ms
Execution 240 - QUIC Single
Handshake duration: 16.01 ms
Execution 241 - QUIC Single
Handshake duration: 15.94 ms
Execution 242 - QUIC Single
Handshake duration: 15.81 ms
Execution 243 - QUIC Single
Handshake duration: 16.03 ms
Execution 244 - QUIC Single
Handshake duration: 20.64 ms
Execution 245 - QUIC Single
Handshake duration: 16.09 ms
Execution 246 - QUIC Single
Handshake duration: 15.87 ms
Execution 247 - QUIC Single
Handshake duration: 20.66 ms
Execution 248 - QUIC Single
Handshake duration: 16.21 ms
Execution 249 - QUIC Single
Handshake duration: 16.13 ms
Execution 250 - QUIC Single
Handshake duration: 16.14 ms
Execution 251 - QUIC Single
Handshake duration: 15.98 ms
Execution 252 - QUIC Single
Handshake duration: 16.35 ms
Execution 253 - QUIC Single
Handshake duration: 20.99 ms
Execution 254 - QUIC Single
Handshake duration: 22.52 ms
Execution 255 - QUIC Single
Handshake duration: 22.77 ms
Execution 256 - QUIC Single
Handshake duration: 22.88 ms
Execution 257 - QUIC Single
Handshake duration: 16.31 ms
Execution 258 - QUIC Single
Handshake duration: 25.00 ms
Execution 259 - QUIC Single
Handshake duration: 16.25 ms
Execution 260 - QUIC Single
Handshake duration: 15.99 ms
Execution 261 - QUIC Single
Handshake duration: 21.30 ms
Execution 262 - QUIC Single
Handshake duration: 16.36 ms
Execution 263 - QUIC Single
Handshake duration: 16.10 ms
Execution 264 - QUIC Single
Handshake duration: 16.10 ms
Execution 265 - QUIC Single
Handshake duration: 15.97 ms
Execution 266 - QUIC Single
Handshake duration: 20.51 ms
Execution 267 - QUIC Single
Handshake duration: 15.95 ms
Execution 268 - QUIC Single
Handshake duration: 16.05 ms
Execution 269 - QUIC Single
Handshake duration: 15.98 ms
Execution 270 - QUIC Single
Handshake duration: 20.75 ms
Execution 271 - QUIC Single
Handshake duration: 16.18 ms
Execution 272 - QUIC Single
Handshake duration: 16.07 ms
Execution 273 - QUIC Single
Handshake duration: 17.39 ms
Execution 274 - QUIC Single
Handshake duration: 16.41 ms
Execution 275 - QUIC Single
Handshake duration: 15.98 ms
Execution 276 - QUIC Single
Handshake duration: 16.10 ms
Execution 277 - QUIC Single
Handshake duration: 22.78 ms
Execution 278 - QUIC Single
Handshake duration: 16.70 ms
Execution 279 - QUIC Single
Handshake duration: 15.99 ms
Execution 280 - QUIC Single
Handshake duration: 15.95 ms
Execution 281 - QUIC Single
Handshake duration: 16.10 ms
Execution 282 - QUIC Single
Handshake duration: 16.25 ms
Execution 283 - QUIC Single
Handshake duration: 16.23 ms
Execution 284 - QUIC Single
Handshake duration: 16.26 ms
Execution 285 - QUIC Single
Handshake duration: 16.33 ms
Execution 286 - QUIC Single
Handshake duration: 20.94 ms
Execution 287 - QUIC Single
Handshake duration: 15.99 ms
Execution 288 - QUIC Single
Handshake duration: 16.22 ms
Execution 289 - QUIC Single
Handshake duration: 20.79 ms
Execution 290 - QUIC Single
Handshake duration: 16.24 ms
Execution 291 - QUIC Single
Handshake duration: 15.87 ms
Execution 292 - QUIC Single
Handshake duration: 15.84 ms
Execution 293 - QUIC Single
Handshake duration: 15.75 ms
Execution 294 - QUIC Single
Handshake duration: 22.63 ms
Execution 295 - QUIC Single
Handshake duration: 25.13 ms
Execution 296 - QUIC Single
Handshake duration: 22.43 ms
Execution 297 - QUIC Single
Handshake duration: 17.90 ms
Execution 298 - QUIC Single
Handshake duration: 15.96 ms
Execution 299 - QUIC Single
Handshake duration: 16.30 ms
Execution 300 - QUIC Single
Handshake duration: 16.61 ms
Execution 301 - QUIC Single
Handshake duration: 16.00 ms
Execution 302 - QUIC Single
Handshake duration: 18.04 ms
Execution 303 - QUIC Single
Handshake duration: 16.47 ms
Execution 304 - QUIC Single
Handshake duration: 16.28 ms
Execution 305 - QUIC Single
Handshake duration: 16.14 ms
Execution 306 - QUIC Single
Handshake duration: 15.96 ms
Execution 307 - QUIC Single
Handshake duration: 17.35 ms
Execution 308 - QUIC Single
Handshake duration: 15.99 ms
Execution 309 - QUIC Single
Handshake duration: 16.09 ms
Execution 310 - QUIC Single
Handshake duration: 16.12 ms
Execution 311 - QUIC Single
Handshake duration: 16.23 ms
Execution 312 - QUIC Single
Handshake duration: 16.21 ms
Execution 313 - QUIC Single
Handshake duration: 16.31 ms
Execution 314 - QUIC Single
Handshake duration: 16.26 ms
Execution 315 - QUIC Single
Handshake duration: 22.80 ms
Execution 316 - QUIC Single
Handshake duration: 16.20 ms
Execution 317 - QUIC Single
Handshake duration: 15.90 ms
Execution 318 - QUIC Single
Handshake duration: 22.19 ms
Execution 319 - QUIC Single
Handshake duration: 16.67 ms
Execution 320 - QUIC Single
Handshake duration: 15.98 ms
Execution 321 - QUIC Single
Handshake duration: 15.91 ms
Execution 322 - QUIC Single
Handshake duration: 15.84 ms
Execution 323 - QUIC Single
Handshake duration: 16.05 ms
Execution 324 - QUIC Single
Handshake duration: 16.00 ms
Execution 325 - QUIC Single
Handshake duration: 17.91 ms
Execution 326 - QUIC Single
Handshake duration: 22.62 ms
Execution 327 - QUIC Single
Handshake duration: 16.13 ms
Execution 328 - QUIC Single
Handshake duration: 16.36 ms
Execution 329 - QUIC Single
Handshake duration: 16.41 ms
Execution 330 - QUIC Single
Handshake duration: 15.99 ms
Execution 331 - QUIC Single
Handshake duration: 16.12 ms
Execution 332 - QUIC Single
Handshake duration: 16.16 ms
Execution 333 - QUIC Single
Handshake duration: 16.10 ms
Execution 334 - QUIC Single
Handshake duration: 16.07 ms
Execution 335 - QUIC Single
Handshake duration: 16.05 ms
Execution 336 - QUIC Single
Handshake duration: 16.26 ms
Execution 337 - QUIC Single
Handshake duration: 16.09 ms
Execution 338 - QUIC Single
Handshake duration: 22.53 ms
Execution 339 - QUIC Single
Handshake duration: 15.98 ms
Execution 340 - QUIC Single
Handshake duration: 24.90 ms
Execution 341 - QUIC Single
Handshake duration: 16.09 ms
Execution 342 - QUIC Single
Handshake duration: 15.96 ms
Execution 343 - QUIC Single
Handshake duration: 16.10 ms
Execution 344 - QUIC Single
Handshake duration: 15.93 ms
Execution 345 - QUIC Single
Handshake duration: 15.74 ms
Execution 346 - QUIC Single
Handshake duration: 15.98 ms
Execution 347 - QUIC Single
Handshake duration: 16.04 ms
Execution 348 - QUIC Single
Handshake duration: 16.04 ms
Execution 349 - QUIC Single
Handshake duration: 22.37 ms
Execution 350 - QUIC Single
Handshake duration: 17.45 ms
Execution 351 - QUIC Single
Handshake duration: 16.17 ms
Execution 352 - QUIC Single
Handshake duration: 16.05 ms
Execution 353 - QUIC Single
Handshake duration: 16.36 ms
Execution 354 - QUIC Single
Handshake duration: 16.19 ms
Execution 355 - QUIC Single
Handshake duration: 16.05 ms
Execution 356 - QUIC Single
Handshake duration: 17.75 ms
Execution 357 - QUIC Single
Handshake duration: 16.41 ms
Execution 358 - QUIC Single
Handshake duration: 15.96 ms
Execution 359 - QUIC Single
Handshake duration: 16.14 ms
Execution 360 - QUIC Single
Handshake duration: 16.17 ms
Execution 361 - QUIC Single
Handshake duration: 16.07 ms
Execution 362 - QUIC Single
Handshake duration: 15.99 ms
Execution 363 - QUIC Single
Handshake duration: 16.16 ms
Execution 364 - QUIC Single
Handshake duration: 16.01 ms
Execution 365 - QUIC Single
Handshake duration: 21.69 ms
Execution 366 - QUIC Single
Handshake duration: 23.28 ms
Execution 367 - QUIC Single
Handshake duration: 16.46 ms
Execution 368 - QUIC Single
Handshake duration: 16.21 ms
Execution 369 - QUIC Single
Handshake duration: 16.03 ms
Execution 370 - QUIC Single
Handshake duration: 15.79 ms
Execution 371 - QUIC Single
Handshake duration: 16.15 ms
Execution 372 - QUIC Single
Handshake duration: 15.87 ms
Execution 373 - QUIC Single
Handshake duration: 22.41 ms
Execution 374 - QUIC Single
Handshake duration: 20.38 ms
Execution 375 - QUIC Single
Handshake duration: 15.87 ms
Execution 376 - QUIC Single
Handshake duration: 20.99 ms
Execution 377 - QUIC Single
Handshake duration: 16.46 ms
Execution 378 - QUIC Single
Handshake duration: 22.66 ms
Execution 379 - QUIC Single
Handshake duration: 16.21 ms
Execution 380 - QUIC Single
Handshake duration: 16.20 ms
Execution 381 - QUIC Single
Handshake duration: 16.44 ms
Execution 382 - QUIC Single
Handshake duration: 16.26 ms
Execution 383 - QUIC Single
Handshake duration: 15.98 ms
Execution 384 - QUIC Single
Handshake duration: 16.11 ms
Execution 385 - QUIC Single
Handshake duration: 16.09 ms
Execution 386 - QUIC Single
Handshake duration: 16.48 ms
Execution 387 - QUIC Single
Handshake duration: 15.96 ms
Execution 388 - QUIC Single
Handshake duration: 16.10 ms
Execution 389 - QUIC Single
Handshake duration: 16.22 ms
Execution 390 - QUIC Single
Handshake duration: 16.19 ms
Execution 391 - QUIC Single
Handshake duration: 16.12 ms
Execution 392 - QUIC Single
Handshake duration: 16.20 ms
Execution 393 - QUIC Single
Handshake duration: 16.27 ms
Execution 394 - QUIC Single
Handshake duration: 17.56 ms
Execution 395 - QUIC Single
Handshake duration: 16.55 ms
Execution 396 - QUIC Single
Handshake duration: 16.01 ms
Execution 397 - QUIC Single
Handshake duration: 16.24 ms
Execution 398 - QUIC Single
Handshake duration: 15.83 ms
Execution 399 - QUIC Single
Handshake duration: 15.94 ms
Execution 400 - QUIC Single
Handshake duration: 15.86 ms
Execution 401 - QUIC Single
Handshake duration: 16.14 ms
Execution 402 - QUIC Single
Handshake duration: 15.90 ms
Execution 403 - QUIC Single
Handshake duration: 16.07 ms
Execution 404 - QUIC Single
Handshake duration: 21.26 ms
Execution 405 - QUIC Single
Handshake duration: 16.17 ms
Execution 406 - QUIC Single
Handshake duration: 16.26 ms
Execution 407 - QUIC Single
Handshake duration: 22.44 ms
Execution 408 - QUIC Single
Handshake duration: 16.25 ms
Execution 409 - QUIC Single
Handshake duration: 16.34 ms
Execution 410 - QUIC Single
Handshake duration: 16.15 ms
Execution 411 - QUIC Single
Handshake duration: 16.18 ms
Execution 412 - QUIC Single
Handshake duration: 22.95 ms
Execution 413 - QUIC Single
Handshake duration: 16.02 ms
Execution 414 - QUIC Single
Handshake duration: 15.97 ms
Execution 415 - QUIC Single
Handshake duration: 20.74 ms
Execution 416 - QUIC Single
Handshake duration: 16.23 ms
Execution 417 - QUIC Single
Handshake duration: 16.24 ms
Execution 418 - QUIC Single
Handshake duration: 16.60 ms
Execution 419 - QUIC Single
Handshake duration: 16.50 ms
Execution 420 - QUIC Single
Handshake duration: 20.61 ms
Execution 421 - QUIC Single
Handshake duration: 16.59 ms
Execution 422 - QUIC Single
Handshake duration: 16.33 ms
Execution 423 - QUIC Single
Handshake duration: 16.15 ms
Execution 424 - QUIC Single
Handshake duration: 15.79 ms
Execution 425 - QUIC Single
Handshake duration: 16.15 ms
Execution 426 - QUIC Single
Handshake duration: 15.89 ms
Execution 427 - QUIC Single
Handshake duration: 15.95 ms
Execution 428 - QUIC Single
Handshake duration: 16.09 ms
Execution 429 - QUIC Single
Handshake duration: 16.01 ms
Execution 430 - QUIC Single
Handshake duration: 15.94 ms
Execution 431 - QUIC Single
Handshake duration: 16.42 ms
Execution 432 - QUIC Single
Handshake duration: 20.70 ms
Execution 433 - QUIC Single
Handshake duration: 20.55 ms
Execution 434 - QUIC Single
Handshake duration: 16.04 ms
Execution 435 - QUIC Single
Handshake duration: 16.25 ms
Execution 436 - QUIC Single
Handshake duration: 16.16 ms
Execution 437 - QUIC Single
Handshake duration: 16.22 ms
Execution 438 - QUIC Single
Handshake duration: 15.96 ms
Execution 439 - QUIC Single
Handshake duration: 20.48 ms
Execution 440 - QUIC Single
Handshake duration: 20.41 ms
Execution 441 - QUIC Single
Handshake duration: 22.62 ms
Execution 442 - QUIC Single
Handshake duration: 20.64 ms
Execution 443 - QUIC Single
Handshake duration: 16.38 ms
Execution 444 - QUIC Single
Handshake duration: 20.70 ms
Execution 445 - QUIC Single
Handshake duration: 17.41 ms
Execution 446 - QUIC Single
Handshake duration: 15.99 ms
Execution 447 - QUIC Single
Handshake duration: 16.01 ms
Execution 448 - QUIC Single
Handshake duration: 16.35 ms
Execution 449 - QUIC Single
Handshake duration: 17.89 ms
Execution 450 - QUIC Single
Handshake duration: 15.97 ms
Execution 451 - QUIC Single
Handshake duration: 22.26 ms
Execution 452 - QUIC Single
Handshake duration: 15.96 ms
Execution 453 - QUIC Single
Handshake duration: 15.89 ms
Execution 454 - QUIC Single
Handshake duration: 16.03 ms
Execution 455 - QUIC Single
Handshake duration: 15.82 ms
Execution 456 - QUIC Single
Handshake duration: 15.88 ms
Execution 457 - QUIC Single
Handshake duration: 16.73 ms
Execution 458 - QUIC Single
Handshake duration: 16.33 ms
Execution 459 - QUIC Single
Handshake duration: 15.91 ms
Execution 460 - QUIC Single
Handshake duration: 22.42 ms
Execution 461 - QUIC Single
Handshake duration: 16.22 ms
Execution 462 - QUIC Single
Handshake duration: 23.01 ms
Execution 463 - QUIC Single
Handshake duration: 16.49 ms
Execution 464 - QUIC Single
Handshake duration: 20.36 ms
Execution 465 - QUIC Single
Handshake duration: 21.18 ms
Execution 466 - QUIC Single
Handshake duration: 16.06 ms
Execution 467 - QUIC Single
Handshake duration: 16.10 ms
Execution 468 - QUIC Single
Handshake duration: 16.20 ms
Execution 469 - QUIC Single
Handshake duration: 22.36 ms
Execution 470 - QUIC Single
Handshake duration: 16.27 ms
Execution 471 - QUIC Single
Handshake duration: 16.14 ms
Execution 472 - QUIC Single
Handshake duration: 16.19 ms
Execution 473 - QUIC Single
Handshake duration: 16.40 ms
Execution 474 - QUIC Single
Handshake duration: 16.07 ms
Execution 475 - QUIC Single
Handshake duration: 15.99 ms
Execution 476 - QUIC Single
Handshake duration: 16.14 ms
Execution 477 - QUIC Single
Handshake duration: 15.94 ms
Execution 478 - QUIC Single
Handshake duration: 15.91 ms
Execution 479 - QUIC Single
Handshake duration: 22.39 ms
Execution 480 - QUIC Single
Handshake duration: 16.54 ms
Execution 481 - QUIC Single
Handshake duration: 15.97 ms
Execution 482 - QUIC Single
Handshake duration: 16.12 ms
Execution 483 - QUIC Single
Handshake duration: 16.11 ms
Execution 484 - QUIC Single
Handshake duration: 16.48 ms
Execution 485 - QUIC Single
Handshake duration: 16.45 ms
Execution 486 - QUIC Single
Handshake duration: 17.89 ms
Execution 487 - QUIC Single
Handshake duration: 15.97 ms
Execution 488 - QUIC Single
Handshake duration: 16.26 ms
Execution 489 - QUIC Single
Handshake duration: 16.51 ms
Execution 490 - QUIC Single
Handshake duration: 22.65 ms
Execution 491 - QUIC Single
Handshake duration: 21.12 ms
Execution 492 - QUIC Single
Handshake duration: 20.42 ms
Execution 493 - QUIC Single
Handshake duration: 16.20 ms
Execution 494 - QUIC Single
Handshake duration: 20.64 ms
Execution 495 - QUIC Single
Handshake duration: 15.87 ms
Execution 496 - QUIC Single
Handshake duration: 16.59 ms
Execution 497 - QUIC Single
Handshake duration: 16.41 ms
Execution 498 - QUIC Single
Handshake duration: 16.14 ms
Execution 499 - QUIC Single
Handshake duration: 16.15 ms
Execution 500 - QUIC Single
Handshake duration: 22.57 ms
     Waiting  ... 
   Shutting down server and impairments...

****************
  -> KEM: p256_hqc128

    Executing docker Server...
servidor
cliente
./Launcherv3_pq_hqc_ge_rerun.sh : ligne 309 : 90114 Processus arrêté      /usr/local/bin/pumba netem --duration 1h --interface $NETIF loss-gemodel --pg "${args[0]}" --pb "${args[1]}" --one-h "${args[2]}" --one-k "${args[3]}" "$OQS_SERVER"
8551bbb4a78bfd504c3d1baf76ccca99cb54b2929a1b1183908ece876ab57b31
    Buscando IP.. 
    IP..  172.18.0.2
   ↳ Applying unstable network profile (loss-gemodel pg20 pb40 h90 k20)
   ✔ Pumba PID 94970 confirmed running (SIG=mldsa44 KEM=p256_hqc128 PROTO=quic)
    Executing docker Client... 172.18.0.2
56afc55602ab7e8936d297546746ec3654fa1ded400a4ea936968b71d2186dad
cliente
     Docker cliente executed ... 

**************************
     Executing test  ... 
Applying netem rules to lo...
Showing qdisc status for the interface: lo
qdisc netem 8024: root refcnt 2 limit 1000 seed 3816011473466608189
 Sent 0 bytes 0 pkt (dropped 0, overlimits 0 requeues 0) 
 backlog 0b 0p requeues 0
Running ./perftestClientTlsQuic.sh with SIG_ALG=mldsa44 and KEM_ALG=p256_hqc128
Execution 1 - QUIC Single
Handshake duration: 27.32 ms
Execution 2 - QUIC Single
Handshake duration: 23.11 ms
Execution 3 - QUIC Single
Handshake duration: 22.84 ms
Execution 4 - QUIC Single
Handshake duration: 22.86 ms
Execution 5 - QUIC Single
Handshake duration: 23.33 ms
Execution 6 - QUIC Single
Handshake duration: 25.41 ms
Execution 7 - QUIC Single
Handshake duration: 24.02 ms
Execution 8 - QUIC Single
Handshake duration: 34.15 ms
Execution 9 - QUIC Single
Handshake duration: 23.55 ms
Execution 10 - QUIC Single
Handshake duration: 23.80 ms
Execution 11 - QUIC Single
Handshake duration: 23.11 ms
Execution 12 - QUIC Single
Handshake duration: 23.57 ms
Execution 13 - QUIC Single
Handshake duration: 23.18 ms
Execution 14 - QUIC Single
Handshake duration: 23.77 ms
Execution 15 - QUIC Single
Handshake duration: 23.13 ms
Execution 16 - QUIC Single
Handshake duration: 28.84 ms
Execution 17 - QUIC Single
Handshake duration: 23.60 ms
Execution 18 - QUIC Single
Handshake duration: 23.61 ms
Execution 19 - QUIC Single
Handshake duration: 23.35 ms
Execution 20 - QUIC Single
Handshake duration: 28.84 ms
Execution 21 - QUIC Single
Handshake duration: 24.21 ms
Execution 22 - QUIC Single
Handshake duration: 23.30 ms
Execution 23 - QUIC Single
Handshake duration: 23.22 ms
Execution 24 - QUIC Single
Handshake duration: 22.85 ms
Execution 25 - QUIC Single
Handshake duration: 25.37 ms
Execution 26 - QUIC Single
Handshake duration: 24.71 ms
Execution 27 - QUIC Single
Handshake duration: 22.89 ms
Execution 28 - QUIC Single
Handshake duration: 23.20 ms
Execution 29 - QUIC Single
Handshake duration: 22.91 ms
Execution 30 - QUIC Single
Handshake duration: 24.47 ms
Execution 31 - QUIC Single
Handshake duration: 23.28 ms
Execution 32 - QUIC Single
Handshake duration: 23.33 ms
Execution 33 - QUIC Single
Handshake duration: 34.07 ms
Execution 34 - QUIC Single
Handshake duration: 34.13 ms
Execution 35 - QUIC Single
Handshake duration: 23.46 ms
Execution 36 - QUIC Single
Handshake duration: 28.94 ms
Execution 37 - QUIC Single
Handshake duration: 28.27 ms
Execution 38 - QUIC Single
Handshake duration: 23.34 ms
Execution 39 - QUIC Single
Handshake duration: 22.96 ms
Execution 40 - QUIC Single
Handshake duration: 23.78 ms
Execution 41 - QUIC Single
Handshake duration: 24.88 ms
Execution 42 - QUIC Single
Handshake duration: 23.24 ms
Execution 43 - QUIC Single
Handshake duration: 23.39 ms
Execution 44 - QUIC Single
Handshake duration: 22.86 ms
Execution 45 - QUIC Single
Handshake duration: 23.77 ms
Execution 46 - QUIC Single
Handshake duration: 22.87 ms
Execution 47 - QUIC Single
Handshake duration: 23.57 ms
Execution 48 - QUIC Single
Handshake duration: 22.82 ms
Execution 49 - QUIC Single
Handshake duration: 28.96 ms
Execution 50 - QUIC Single
Handshake duration: 23.62 ms
Execution 51 - QUIC Single
Handshake duration: 23.54 ms
Execution 52 - QUIC Single
Handshake duration: 23.45 ms
Execution 53 - QUIC Single
Handshake duration: 29.92 ms
Execution 54 - QUIC Single
Handshake duration: 23.44 ms
Execution 55 - QUIC Single
Handshake duration: 23.37 ms
Execution 56 - QUIC Single
Handshake duration: 23.56 ms
Execution 57 - QUIC Single
Handshake duration: 23.58 ms
Execution 58 - QUIC Single
Handshake duration: 23.84 ms
Execution 59 - QUIC Single
Handshake duration: 23.87 ms
Execution 60 - QUIC Single
Handshake duration: 25.07 ms
Execution 61 - QUIC Single
Handshake duration: 28.25 ms
Execution 62 - QUIC Single
Handshake duration: 24.50 ms
Execution 63 - QUIC Single
Handshake duration: 28.70 ms
Execution 64 - QUIC Single
Handshake duration: 23.46 ms
Execution 65 - QUIC Single
Handshake duration: 23.15 ms
Execution 66 - QUIC Single
Handshake duration: 25.64 ms
Execution 67 - QUIC Single
Handshake duration: 33.34 ms
Execution 68 - QUIC Single
Handshake duration: 33.62 ms
Execution 69 - QUIC Single
Handshake duration: 33.30 ms
Execution 70 - QUIC Single
Handshake duration: 25.44 ms
Execution 71 - QUIC Single
Handshake duration: 23.09 ms
Execution 72 - QUIC Single
Handshake duration: 22.83 ms
Execution 73 - QUIC Single
Handshake duration: 23.80 ms
Execution 74 - QUIC Single
Handshake duration: 33.49 ms
Execution 75 - QUIC Single
Handshake duration: 33.44 ms
Execution 76 - QUIC Single
Handshake duration: 23.20 ms
Execution 77 - QUIC Single
Handshake duration: 33.93 ms
Execution 78 - QUIC Single
Handshake duration: 23.34 ms
Execution 79 - QUIC Single
Handshake duration: 30.83 ms
Execution 80 - QUIC Single
Handshake duration: 23.47 ms
Execution 81 - QUIC Single
Handshake duration: 22.96 ms
Execution 82 - QUIC Single
Handshake duration: 28.62 ms
Execution 83 - QUIC Single
Handshake duration: 23.81 ms
Execution 84 - QUIC Single
Handshake duration: 23.67 ms
Execution 85 - QUIC Single
Handshake duration: 22.93 ms
Execution 86 - QUIC Single
Handshake duration: 23.50 ms
Execution 87 - QUIC Single
Handshake duration: 24.16 ms
Execution 88 - QUIC Single
Handshake duration: 28.98 ms
Execution 89 - QUIC Single
Handshake duration: 36.04 ms
Execution 90 - QUIC Single
Handshake duration: 24.22 ms
Execution 91 - QUIC Single
Handshake duration: 23.00 ms
Execution 92 - QUIC Single
Handshake duration: 34.39 ms
Execution 93 - QUIC Single
Handshake duration: 24.65 ms
Execution 94 - QUIC Single
Handshake duration: 23.82 ms
Execution 95 - QUIC Single
Handshake duration: 29.56 ms
Execution 96 - QUIC Single
Handshake duration: 28.67 ms
Execution 97 - QUIC Single
Handshake duration: 23.19 ms
Execution 98 - QUIC Single
Handshake duration: 27.83 ms
Execution 99 - QUIC Single
Handshake duration: 28.89 ms
Execution 100 - QUIC Single
Handshake duration: 24.62 ms
Execution 101 - QUIC Single
Handshake duration: 23.47 ms
Execution 102 - QUIC Single
Handshake duration: 23.40 ms
Execution 103 - QUIC Single
Handshake duration: 28.53 ms
Execution 104 - QUIC Single
Handshake duration: 23.00 ms
Execution 105 - QUIC Single
Handshake duration: 28.81 ms
Execution 106 - QUIC Single
Handshake duration: 28.70 ms
Execution 107 - QUIC Single
Handshake duration: 23.11 ms
Execution 108 - QUIC Single
Handshake duration: 23.30 ms
Execution 109 - QUIC Single
Handshake duration: 28.05 ms
Execution 110 - QUIC Single
Handshake duration: 28.09 ms
Execution 111 - QUIC Single
Handshake duration: 28.01 ms
Execution 112 - QUIC Single
Handshake duration: 30.30 ms
Execution 113 - QUIC Single
Handshake duration: 33.62 ms
Execution 114 - QUIC Single
Handshake duration: 28.00 ms
Execution 115 - QUIC Single
Handshake duration: 33.74 ms
Execution 116 - QUIC Single
Handshake duration: 22.89 ms
Execution 117 - QUIC Single
Handshake duration: 28.70 ms
Execution 118 - QUIC Single
Handshake duration: 28.77 ms
Execution 119 - QUIC Single
Handshake duration: 23.39 ms
Execution 120 - QUIC Single
Handshake duration: 23.13 ms
Execution 121 - QUIC Single
Handshake duration: 23.11 ms
Execution 122 - QUIC Single
Handshake duration: 29.61 ms
Execution 123 - QUIC Single
Handshake duration: 33.75 ms
Execution 124 - QUIC Single
Handshake duration: 22.93 ms
Execution 125 - QUIC Single
Handshake duration: 29.22 ms
Execution 126 - QUIC Single
Handshake duration: 23.18 ms
Execution 127 - QUIC Single
Handshake duration: 23.28 ms
Execution 128 - QUIC Single
Handshake duration: 23.25 ms
Execution 129 - QUIC Single
Handshake duration: 23.55 ms
Execution 130 - QUIC Single
Handshake duration: 28.33 ms
Execution 131 - QUIC Single
Handshake duration: 23.01 ms
Execution 132 - QUIC Single
Handshake duration: 22.91 ms
Execution 133 - QUIC Single
Handshake duration: 22.79 ms
Execution 134 - QUIC Single
Handshake duration: 23.30 ms
Execution 135 - QUIC Single
Handshake duration: 33.88 ms
Execution 136 - QUIC Single
Handshake duration: 24.94 ms
Execution 137 - QUIC Single
Handshake duration: 29.30 ms
Execution 138 - QUIC Single
Handshake duration: 23.65 ms
Execution 139 - QUIC Single
Handshake duration: 35.38 ms
Execution 140 - QUIC Single
Handshake duration: 23.59 ms
Execution 141 - QUIC Single
Handshake duration: 22.98 ms
Execution 142 - QUIC Single
Handshake duration: 23.24 ms
Execution 143 - QUIC Single
Handshake duration: 34.25 ms
Execution 144 - QUIC Single
Handshake duration: 22.77 ms
Execution 145 - QUIC Single
Handshake duration: 22.89 ms
Execution 146 - QUIC Single
Handshake duration: 23.82 ms
Execution 147 - QUIC Single
Handshake duration: 23.20 ms
Execution 148 - QUIC Single
Handshake duration: 25.43 ms
Execution 149 - QUIC Single
Handshake duration: 22.95 ms
Execution 150 - QUIC Single
Handshake duration: 28.89 ms
Execution 151 - QUIC Single
Handshake duration: 22.94 ms
Execution 152 - QUIC Single
Handshake duration: 23.73 ms
Execution 153 - QUIC Single
Handshake duration: 23.30 ms
Execution 154 - QUIC Single
Handshake duration: 22.54 ms
Execution 155 - QUIC Single
Handshake duration: 23.16 ms
Execution 156 - QUIC Single
Handshake duration: 23.26 ms
Execution 157 - QUIC Single
Handshake duration: 23.41 ms
Execution 158 - QUIC Single
Handshake duration: 32.55 ms
Execution 159 - QUIC Single
Handshake duration: 23.74 ms
Execution 160 - QUIC Single
Handshake duration: 23.46 ms
Execution 161 - QUIC Single
Handshake duration: 28.30 ms
Execution 162 - QUIC Single
Handshake duration: 34.08 ms
Execution 163 - QUIC Single
Handshake duration: 23.70 ms
Execution 164 - QUIC Single
Handshake duration: 33.74 ms
Execution 165 - QUIC Single
Handshake duration: 23.72 ms
Execution 166 - QUIC Single
Handshake duration: 23.03 ms
Execution 167 - QUIC Single
Handshake duration: 29.01 ms
Execution 168 - QUIC Single
Handshake duration: 28.29 ms
Execution 169 - QUIC Single
Handshake duration: 24.39 ms
Execution 170 - QUIC Single
Handshake duration: 28.10 ms
Execution 171 - QUIC Single
Handshake duration: 28.81 ms
Execution 172 - QUIC Single
Handshake duration: 28.23 ms
Execution 173 - QUIC Single
Handshake duration: 24.98 ms
Execution 174 - QUIC Single
Handshake duration: 28.02 ms
Execution 175 - QUIC Single
Handshake duration: 22.63 ms
Execution 176 - QUIC Single
Handshake duration: 23.12 ms
Execution 177 - QUIC Single
Handshake duration: 23.71 ms
Execution 178 - QUIC Single
Handshake duration: 24.07 ms
Execution 179 - QUIC Single
Handshake duration: 28.44 ms
Execution 180 - QUIC Single
Handshake duration: 25.27 ms
Execution 181 - QUIC Single
Handshake duration: 28.48 ms
Execution 182 - QUIC Single
Handshake duration: 28.35 ms
Execution 183 - QUIC Single
Handshake duration: 28.74 ms
Execution 184 - QUIC Single
Handshake duration: 28.25 ms
Execution 185 - QUIC Single
Handshake duration: 23.19 ms
Execution 186 - QUIC Single
Handshake duration: 30.78 ms
Execution 187 - QUIC Single
Handshake duration: 33.48 ms
Execution 188 - QUIC Single
Handshake duration: 26.69 ms
Execution 189 - QUIC Single
Handshake duration: 29.23 ms
Execution 190 - QUIC Single
Handshake duration: 28.57 ms
Execution 191 - QUIC Single
Handshake duration: 22.86 ms
Execution 192 - QUIC Single
Handshake duration: 33.58 ms
Execution 193 - QUIC Single
Handshake duration: 22.83 ms
Execution 194 - QUIC Single
Handshake duration: 23.07 ms
Execution 195 - QUIC Single
Handshake duration: 22.52 ms
Execution 196 - QUIC Single
Handshake duration: 28.22 ms
Execution 197 - QUIC Single
Handshake duration: 22.89 ms
Execution 198 - QUIC Single
Handshake duration: 23.07 ms
Execution 199 - QUIC Single
Handshake duration: 28.31 ms
Execution 200 - QUIC Single
Handshake duration: 23.56 ms
Execution 201 - QUIC Single
Handshake duration: 23.84 ms
Execution 202 - QUIC Single
Handshake duration: 22.82 ms
Execution 203 - QUIC Single
Handshake duration: 23.84 ms
Execution 204 - QUIC Single
Handshake duration: 31.36 ms
Execution 205 - QUIC Single
Handshake duration: 28.72 ms
Execution 206 - QUIC Single
Handshake duration: 22.87 ms
Execution 207 - QUIC Single
Handshake duration: 23.51 ms
Execution 208 - QUIC Single
Handshake duration: 22.99 ms
Execution 209 - QUIC Single
Handshake duration: 23.59 ms
Execution 210 - QUIC Single
Handshake duration: 28.39 ms
Execution 211 - QUIC Single
Handshake duration: 23.60 ms
Execution 212 - QUIC Single
Handshake duration: 22.93 ms
Execution 213 - QUIC Single
Handshake duration: 27.73 ms
Execution 214 - QUIC Single
Handshake duration: 22.81 ms
Execution 215 - QUIC Single
Handshake duration: 34.01 ms
Execution 216 - QUIC Single
Handshake duration: 23.52 ms
Execution 217 - QUIC Single
Handshake duration: 23.06 ms
Execution 218 - QUIC Single
Handshake duration: 23.57 ms
Execution 219 - QUIC Single
Handshake duration: 23.18 ms
Execution 220 - QUIC Single
Handshake duration: 33.82 ms
Execution 221 - QUIC Single
Handshake duration: 33.90 ms
Execution 222 - QUIC Single
Handshake duration: 23.55 ms
Execution 223 - QUIC Single
Handshake duration: 23.01 ms
Execution 224 - QUIC Single
Handshake duration: 23.25 ms
Execution 225 - QUIC Single
Handshake duration: 23.38 ms
Execution 226 - QUIC Single
Handshake duration: 28.45 ms
Execution 227 - QUIC Single
Handshake duration: 23.07 ms
Execution 228 - QUIC Single
Handshake duration: 27.86 ms
Execution 229 - QUIC Single
Handshake duration: 33.42 ms
Execution 230 - QUIC Single
Handshake duration: 23.88 ms
Execution 231 - QUIC Single
Handshake duration: 34.11 ms
Execution 232 - QUIC Single
Handshake duration: 23.23 ms
Execution 233 - QUIC Single
Handshake duration: 28.93 ms
Execution 234 - QUIC Single
Handshake duration: 23.36 ms
Execution 235 - QUIC Single
Handshake duration: 22.88 ms
Execution 236 - QUIC Single
Handshake duration: 22.80 ms
Execution 237 - QUIC Single
Handshake duration: 22.96 ms
Execution 238 - QUIC Single
Handshake duration: 23.10 ms
Execution 239 - QUIC Single
Handshake duration: 23.44 ms
Execution 240 - QUIC Single
Handshake duration: 23.85 ms
Execution 241 - QUIC Single
Handshake duration: 23.16 ms
Execution 242 - QUIC Single
Handshake duration: 23.27 ms
Execution 243 - QUIC Single
Handshake duration: 24.34 ms
Execution 244 - QUIC Single
Handshake duration: 23.43 ms
Execution 245 - QUIC Single
Handshake duration: 33.71 ms
Execution 246 - QUIC Single
Handshake duration: 23.14 ms
Execution 247 - QUIC Single
Handshake duration: 31.97 ms
Execution 248 - QUIC Single
Handshake duration: 24.02 ms
Execution 249 - QUIC Single
Handshake duration: 23.01 ms
Execution 250 - QUIC Single
Handshake duration: 23.37 ms
Execution 251 - QUIC Single
Handshake duration: 23.03 ms
Execution 252 - QUIC Single
Handshake duration: 34.05 ms
Execution 253 - QUIC Single
Handshake duration: 23.05 ms
Execution 254 - QUIC Single
Handshake duration: 23.34 ms
Execution 255 - QUIC Single
Handshake duration: 23.63 ms
Execution 256 - QUIC Single
Handshake duration: 29.03 ms
Execution 257 - QUIC Single
Handshake duration: 26.39 ms
Execution 258 - QUIC Single
Handshake duration: 33.33 ms
Execution 259 - QUIC Single
Handshake duration: 22.75 ms
Execution 260 - QUIC Single
Handshake duration: 23.03 ms
Execution 261 - QUIC Single
Handshake duration: 33.37 ms
Execution 262 - QUIC Single
Handshake duration: 33.46 ms
Execution 263 - QUIC Single
Handshake duration: 23.34 ms
Execution 264 - QUIC Single
Handshake duration: 23.42 ms
Execution 265 - QUIC Single
Handshake duration: 33.54 ms
Execution 266 - QUIC Single
Handshake duration: 23.07 ms
Execution 267 - QUIC Single
Handshake duration: 23.57 ms
Execution 268 - QUIC Single
Handshake duration: 23.10 ms
Execution 269 - QUIC Single
Handshake duration: 23.03 ms
Execution 270 - QUIC Single
Handshake duration: 23.52 ms
Execution 271 - QUIC Single
Handshake duration: 24.05 ms
Execution 272 - QUIC Single
Handshake duration: 23.34 ms
Execution 273 - QUIC Single
Handshake duration: 37.33 ms
Execution 274 - QUIC Single
Handshake duration: 23.31 ms
Execution 275 - QUIC Single
Handshake duration: 33.76 ms
Execution 276 - QUIC Single
Handshake duration: 33.48 ms
Execution 277 - QUIC Single
Handshake duration: 25.70 ms
Execution 278 - QUIC Single
Handshake duration: 22.77 ms
Execution 279 - QUIC Single
Handshake duration: 22.57 ms
Execution 280 - QUIC Single
Handshake duration: 22.81 ms
Execution 281 - QUIC Single
Handshake duration: 23.05 ms
Execution 282 - QUIC Single
Handshake duration: 23.79 ms
Execution 283 - QUIC Single
Handshake duration: 23.14 ms
Execution 284 - QUIC Single
Handshake duration: 23.56 ms
Execution 285 - QUIC Single
Handshake duration: 23.35 ms
Execution 286 - QUIC Single
Handshake duration: 23.06 ms
Execution 287 - QUIC Single
Handshake duration: 23.02 ms
Execution 288 - QUIC Single
Handshake duration: 23.45 ms
Execution 289 - QUIC Single
Handshake duration: 23.19 ms
Execution 290 - QUIC Single
Handshake duration: 33.87 ms
Execution 291 - QUIC Single
Handshake duration: 23.29 ms
Execution 292 - QUIC Single
Handshake duration: 30.42 ms
Execution 293 - QUIC Single
Handshake duration: 22.93 ms
Execution 294 - QUIC Single
Handshake duration: 28.22 ms
Execution 295 - QUIC Single
Handshake duration: 25.04 ms
Execution 296 - QUIC Single
Handshake duration: 23.09 ms
Execution 297 - QUIC Single
Handshake duration: 26.10 ms
Execution 298 - QUIC Single
Handshake duration: 23.14 ms
Execution 299 - QUIC Single
Handshake duration: 28.96 ms
Execution 300 - QUIC Single
Handshake duration: 22.89 ms
Execution 301 - QUIC Single
Handshake duration: 33.65 ms
Execution 302 - QUIC Single
Handshake duration: 22.84 ms
Execution 303 - QUIC Single
Handshake duration: 28.54 ms
Execution 304 - QUIC Single
Handshake duration: 28.52 ms
Execution 305 - QUIC Single
Handshake duration: 23.95 ms
Execution 306 - QUIC Single
Handshake duration: 22.98 ms
Execution 307 - QUIC Single
Handshake duration: 23.33 ms
Execution 308 - QUIC Single
Handshake duration: 23.81 ms
Execution 309 - QUIC Single
Handshake duration: 22.74 ms
Execution 310 - QUIC Single
Handshake duration: 29.90 ms
Execution 311 - QUIC Single
Handshake duration: 23.21 ms
Execution 312 - QUIC Single
Handshake duration: 23.31 ms
Execution 313 - QUIC Single
Handshake duration: 29.68 ms
Execution 314 - QUIC Single
Handshake duration: 23.46 ms
Execution 315 - QUIC Single
Handshake duration: 33.61 ms
Execution 316 - QUIC Single
Handshake duration: 28.88 ms
Execution 317 - QUIC Single
Handshake duration: 28.98 ms
Execution 318 - QUIC Single
Handshake duration: 24.12 ms
Execution 319 - QUIC Single
Handshake duration: 23.27 ms
Execution 320 - QUIC Single
Handshake duration: 22.97 ms
Execution 321 - QUIC Single
Handshake duration: 22.79 ms
Execution 322 - QUIC Single
Handshake duration: 22.73 ms
Execution 323 - QUIC Single
Handshake duration: 22.83 ms
Execution 324 - QUIC Single
Handshake duration: 22.75 ms
Execution 325 - QUIC Single
Handshake duration: 24.09 ms
Execution 326 - QUIC Single
Handshake duration: 28.69 ms
Execution 327 - QUIC Single
Handshake duration: 33.56 ms
Execution 328 - QUIC Single
Handshake duration: 28.48 ms
Execution 329 - QUIC Single
Handshake duration: 25.27 ms
Execution 330 - QUIC Single
Handshake duration: 23.49 ms
Execution 331 - QUIC Single
Handshake duration: 28.63 ms
Execution 332 - QUIC Single
Handshake duration: 23.45 ms
Execution 333 - QUIC Single
Handshake duration: 23.36 ms
Execution 334 - QUIC Single
Handshake duration: 22.89 ms
Execution 335 - QUIC Single
Handshake duration: 23.43 ms
Execution 336 - QUIC Single
Handshake duration: 33.96 ms
Execution 337 - QUIC Single
Handshake duration: 29.02 ms
Execution 338 - QUIC Single
Handshake duration: 23.32 ms
Execution 339 - QUIC Single
Handshake duration: 23.97 ms
Execution 340 - QUIC Single
Handshake duration: 28.59 ms
Execution 341 - QUIC Single
Handshake duration: 22.88 ms
Execution 342 - QUIC Single
Handshake duration: 23.29 ms
Execution 343 - QUIC Single
Handshake duration: 22.55 ms
Execution 344 - QUIC Single
Handshake duration: 24.03 ms
Execution 345 - QUIC Single
Handshake duration: 22.80 ms
Execution 346 - QUIC Single
Handshake duration: 28.25 ms
Execution 347 - QUIC Single
Handshake duration: 23.37 ms
Execution 348 - QUIC Single
Handshake duration: 33.91 ms
Execution 349 - QUIC Single
Handshake duration: 23.10 ms
Execution 350 - QUIC Single
Handshake duration: 23.22 ms
Execution 351 - QUIC Single
Handshake duration: 23.52 ms
Execution 352 - QUIC Single
Handshake duration: 23.51 ms
Execution 353 - QUIC Single
Handshake duration: 23.95 ms
Execution 354 - QUIC Single
Handshake duration: 22.91 ms
Execution 355 - QUIC Single
Handshake duration: 24.06 ms
Execution 356 - QUIC Single
Handshake duration: 23.62 ms
Execution 357 - QUIC Single
Handshake duration: 29.36 ms
Execution 358 - QUIC Single
Handshake duration: 28.55 ms
Execution 359 - QUIC Single
Handshake duration: 23.46 ms
Execution 360 - QUIC Single
Handshake duration: 23.05 ms
Execution 361 - QUIC Single
Handshake duration: 23.20 ms
Execution 362 - QUIC Single
Handshake duration: 23.38 ms
Execution 363 - QUIC Single
Handshake duration: 23.59 ms
Execution 364 - QUIC Single
Handshake duration: 28.11 ms
Execution 365 - QUIC Single
Handshake duration: 28.38 ms
Execution 366 - QUIC Single
Handshake duration: 28.07 ms
Execution 367 - QUIC Single
Handshake duration: 22.50 ms
Execution 368 - QUIC Single
Handshake duration: 33.41 ms
Execution 369 - QUIC Single
Handshake duration: 33.69 ms
Execution 370 - QUIC Single
Handshake duration: 23.27 ms
Execution 371 - QUIC Single
Handshake duration: 23.77 ms
Execution 372 - QUIC Single
Handshake duration: 23.75 ms
Execution 373 - QUIC Single
Handshake duration: 23.10 ms
Execution 374 - QUIC Single
Handshake duration: 28.83 ms
Execution 375 - QUIC Single
Handshake duration: 23.01 ms
Execution 376 - QUIC Single
Handshake duration: 23.18 ms
Execution 377 - QUIC Single
Handshake duration: 23.27 ms
Execution 378 - QUIC Single
Handshake duration: 23.43 ms
Execution 379 - QUIC Single
Handshake duration: 33.80 ms
Execution 380 - QUIC Single
Handshake duration: 23.71 ms
Execution 381 - QUIC Single
Handshake duration: 28.63 ms
Execution 382 - QUIC Single
Handshake duration: 23.68 ms
Execution 383 - QUIC Single
Handshake duration: 23.34 ms
Execution 384 - QUIC Single
Handshake duration: 24.67 ms
Execution 385 - QUIC Single
Handshake duration: 28.06 ms
Execution 386 - QUIC Single
Handshake duration: 33.53 ms
Execution 387 - QUIC Single
Handshake duration: 24.01 ms
Execution 388 - QUIC Single
Handshake duration: 28.21 ms
Execution 389 - QUIC Single
Handshake duration: 28.36 ms
Execution 390 - QUIC Single
Handshake duration: 23.37 ms
Execution 391 - QUIC Single
Handshake duration: 24.13 ms
Execution 392 - QUIC Single
Handshake duration: 23.17 ms
Execution 393 - QUIC Single
Handshake duration: 23.04 ms
Execution 394 - QUIC Single
Handshake duration: 23.68 ms
Execution 395 - QUIC Single
Handshake duration: 23.30 ms
Execution 396 - QUIC Single
Handshake duration: 23.36 ms
Execution 397 - QUIC Single
Handshake duration: 28.36 ms
Execution 398 - QUIC Single
Handshake duration: 28.08 ms
Execution 399 - QUIC Single
Handshake duration: 28.32 ms
Execution 400 - QUIC Single
Handshake duration: 23.57 ms
Execution 401 - QUIC Single
Handshake duration: 23.00 ms
Execution 402 - QUIC Single
Handshake duration: 23.69 ms
Execution 403 - QUIC Single
Handshake duration: 24.09 ms
Execution 404 - QUIC Single
Handshake duration: 22.92 ms
Execution 405 - QUIC Single
Handshake duration: 23.16 ms
Execution 406 - QUIC Single
Handshake duration: 22.94 ms
Execution 407 - QUIC Single
Handshake duration: 22.66 ms
Execution 408 - QUIC Single
Handshake duration: 22.78 ms
Execution 409 - QUIC Single
Handshake duration: 22.77 ms
Execution 410 - QUIC Single
Handshake duration: 22.82 ms
Execution 411 - QUIC Single
Handshake duration: 23.53 ms
Execution 412 - QUIC Single
Handshake duration: 23.47 ms
Execution 413 - QUIC Single
Handshake duration: 34.14 ms
Execution 414 - QUIC Single
Handshake duration: 23.38 ms
Execution 415 - QUIC Single
Handshake duration: 25.57 ms
Execution 416 - QUIC Single
Handshake duration: 33.71 ms
Execution 417 - QUIC Single
Handshake duration: 23.81 ms
Execution 418 - QUIC Single
Handshake duration: 23.32 ms
Execution 419 - QUIC Single
Handshake duration: 23.14 ms
Execution 420 - QUIC Single
Handshake duration: 22.75 ms
Execution 421 - QUIC Single
Handshake duration: 23.37 ms
Execution 422 - QUIC Single
Handshake duration: 23.44 ms
Execution 423 - QUIC Single
Handshake duration: 23.70 ms
Execution 424 - QUIC Single
Handshake duration: 23.75 ms
Execution 425 - QUIC Single
Handshake duration: 28.54 ms
Execution 426 - QUIC Single
Handshake duration: 28.06 ms
Execution 427 - QUIC Single
Handshake duration: 23.08 ms
Execution 428 - QUIC Single
Handshake duration: 23.41 ms
Execution 429 - QUIC Single
Handshake duration: 22.60 ms
Execution 430 - QUIC Single
Handshake duration: 27.99 ms
Execution 431 - QUIC Single
Handshake duration: 27.96 ms
Execution 432 - QUIC Single
Handshake duration: 33.70 ms
Execution 433 - QUIC Single
Handshake duration: 28.84 ms
Execution 434 - QUIC Single
Handshake duration: 23.79 ms
Execution 435 - QUIC Single
Handshake duration: 33.69 ms
Execution 436 - QUIC Single
Handshake duration: 23.14 ms
Execution 437 - QUIC Single
Handshake duration: 23.27 ms
Execution 438 - QUIC Single
Handshake duration: 23.02 ms
Execution 439 - QUIC Single
Handshake duration: 23.09 ms
Execution 440 - QUIC Single
Handshake duration: 28.80 ms
Execution 441 - QUIC Single
Handshake duration: 23.19 ms
Execution 442 - QUIC Single
Handshake duration: 23.61 ms
Execution 443 - QUIC Single
Handshake duration: 24.27 ms
Execution 444 - QUIC Single
Handshake duration: 28.20 ms
Execution 445 - QUIC Single
Handshake duration: 28.46 ms
Execution 446 - QUIC Single
Handshake duration: 23.66 ms
Execution 447 - QUIC Single
Handshake duration: 22.94 ms
Execution 448 - QUIC Single
Handshake duration: 23.24 ms
Execution 449 - QUIC Single
Handshake duration: 28.38 ms
Execution 450 - QUIC Single
Handshake duration: 22.81 ms
Execution 451 - QUIC Single
Handshake duration: 23.04 ms
Execution 452 - QUIC Single
Handshake duration: 28.19 ms
Execution 453 - QUIC Single
Handshake duration: 22.71 ms
Execution 454 - QUIC Single
Handshake duration: 23.48 ms
Execution 455 - QUIC Single
Handshake duration: 23.04 ms
Execution 456 - QUIC Single
Handshake duration: 23.14 ms
Execution 457 - QUIC Single
Handshake duration: 23.08 ms
Execution 458 - QUIC Single
Handshake duration: 33.91 ms
Execution 459 - QUIC Single
Handshake duration: 23.08 ms
Execution 460 - QUIC Single
Handshake duration: 24.45 ms
Execution 461 - QUIC Single
Handshake duration: 22.86 ms
Execution 462 - QUIC Single
Handshake duration: 23.18 ms
Execution 463 - QUIC Single
Handshake duration: 28.41 ms
Execution 464 - QUIC Single
Handshake duration: 23.26 ms
Execution 465 - QUIC Single
Handshake duration: 22.99 ms
Execution 466 - QUIC Single
Handshake duration: 22.83 ms
Execution 467 - QUIC Single
Handshake duration: 24.77 ms
Execution 468 - QUIC Single
Handshake duration: 23.68 ms
Execution 469 - QUIC Single
Handshake duration: 23.15 ms
Execution 470 - QUIC Single
Handshake duration: 23.13 ms
Execution 471 - QUIC Single
Handshake duration: 28.23 ms
Execution 472 - QUIC Single
Handshake duration: 27.96 ms
Execution 473 - QUIC Single
Handshake duration: 30.99 ms
Execution 474 - QUIC Single
Handshake duration: 22.86 ms
Execution 475 - QUIC Single
Handshake duration: 22.95 ms
Execution 476 - QUIC Single
Handshake duration: 28.85 ms
Execution 477 - QUIC Single
Handshake duration: 23.21 ms
Execution 478 - QUIC Single
Handshake duration: 23.36 ms
Execution 479 - QUIC Single
Handshake duration: 23.57 ms
Execution 480 - QUIC Single
Handshake duration: 25.69 ms
Execution 481 - QUIC Single
Handshake duration: 23.77 ms
Execution 482 - QUIC Single
Handshake duration: 23.42 ms
Execution 483 - QUIC Single
Handshake duration: 23.30 ms
Execution 484 - QUIC Single
Handshake duration: 24.28 ms
Execution 485 - QUIC Single
Handshake duration: 23.05 ms
Execution 486 - QUIC Single
Handshake duration: 23.99 ms
Execution 487 - QUIC Single
Handshake duration: 24.09 ms
Execution 488 - QUIC Single
Handshake duration: 23.27 ms
Execution 489 - QUIC Single
Handshake duration: 28.47 ms
Execution 490 - QUIC Single
Handshake duration: 28.51 ms
Execution 491 - QUIC Single
Handshake duration: 23.54 ms
Execution 492 - QUIC Single
Handshake duration: 27.97 ms
Execution 493 - QUIC Single
Handshake duration: 22.87 ms
Execution 494 - QUIC Single
Handshake duration: 29.79 ms
Execution 495 - QUIC Single
Handshake duration: 22.85 ms
Execution 496 - QUIC Single
Handshake duration: 28.20 ms
Execution 497 - QUIC Single
Handshake duration: 23.86 ms
Execution 498 - QUIC Single
Handshake duration: 23.62 ms
Execution 499 - QUIC Single
Handshake duration: 24.96 ms
Execution 500 - QUIC Single
Handshake duration: 23.29 ms
     Waiting  ... 
   Shutting down server and impairments...

****************
  -> KEM: x25519_hqc128

    Executing docker Server...
servidor
cliente
./Launcherv3_pq_hqc_ge_rerun.sh : ligne 309 : 94970 Processus arrêté      /usr/local/bin/pumba netem --duration 1h --interface $NETIF loss-gemodel --pg "${args[0]}" --pb "${args[1]}" --one-h "${args[2]}" --one-k "${args[3]}" "$OQS_SERVER"
64425416fe2edc855eb1796d6edb3731fa506bd17a94f2f38f9ea701dad63cb8
    Buscando IP.. 
    IP..  172.18.0.2
   ↳ Applying unstable network profile (loss-gemodel pg20 pb40 h90 k20)
   ✔ Pumba PID 99823 confirmed running (SIG=mldsa44 KEM=x25519_hqc128 PROTO=quic)
    Executing docker Client... 172.18.0.2
50889c5e716c039c9d8e4d2d3a9588638677a17eca8303fcb8269d4ed6b117ea
cliente
     Docker cliente executed ... 

**************************
     Executing test  ... 
Applying netem rules to lo...
Showing qdisc status for the interface: lo
qdisc netem 8026: root refcnt 2 limit 1000 seed 4989379287677262162
 Sent 0 bytes 0 pkt (dropped 0, overlimits 0 requeues 0) 
 backlog 0b 0p requeues 0
Running ./perftestClientTlsQuic.sh with SIG_ALG=mldsa44 and KEM_ALG=x25519_hqc128
Execution 1 - QUIC Single
Handshake duration: 19.21 ms
Execution 2 - QUIC Single
Handshake duration: 22.07 ms
Execution 3 - QUIC Single
Handshake duration: 22.37 ms
Execution 4 - QUIC Single
Handshake duration: 22.49 ms
Execution 5 - QUIC Single
Handshake duration: 18.48 ms
Execution 6 - QUIC Single
Handshake duration: 23.29 ms
Execution 7 - QUIC Single
Handshake duration: 21.85 ms
Execution 8 - QUIC Single
Handshake duration: 22.33 ms
Execution 9 - QUIC Single
Handshake duration: 17.64 ms
Execution 10 - QUIC Single
Handshake duration: 18.79 ms
Execution 11 - QUIC Single
Handshake duration: 17.57 ms
Execution 12 - QUIC Single
Handshake duration: 17.76 ms
Execution 13 - QUIC Single
Handshake duration: 17.79 ms
Execution 14 - QUIC Single
Handshake duration: 22.52 ms
Execution 15 - QUIC Single
Handshake duration: 24.63 ms
Execution 16 - QUIC Single
Handshake duration: 18.20 ms
Execution 17 - QUIC Single
Handshake duration: 23.60 ms
Execution 18 - QUIC Single
Handshake duration: 24.46 ms
Execution 19 - QUIC Single
Handshake duration: 17.35 ms
Execution 20 - QUIC Single
Handshake duration: 17.52 ms
Execution 21 - QUIC Single
Handshake duration: 18.20 ms
Execution 22 - QUIC Single
Handshake duration: 24.72 ms
Execution 23 - QUIC Single
Handshake duration: 17.22 ms
Execution 24 - QUIC Single
Handshake duration: 19.33 ms
Execution 25 - QUIC Single
Handshake duration: 21.93 ms
Execution 26 - QUIC Single
Handshake duration: 17.45 ms
Execution 27 - QUIC Single
Handshake duration: 17.23 ms
Execution 28 - QUIC Single
Handshake duration: 24.51 ms
Execution 29 - QUIC Single
Handshake duration: 24.47 ms
Execution 30 - QUIC Single
Handshake duration: 18.19 ms
Execution 31 - QUIC Single
Handshake duration: 22.46 ms
Execution 32 - QUIC Single
Handshake duration: 17.74 ms
Execution 33 - QUIC Single
Handshake duration: 22.46 ms
Execution 34 - QUIC Single
Handshake duration: 17.84 ms
Execution 35 - QUIC Single
Handshake duration: 18.08 ms
Execution 36 - QUIC Single
Handshake duration: 18.74 ms
Execution 37 - QUIC Single
Handshake duration: 24.57 ms
Execution 38 - QUIC Single
Handshake duration: 22.15 ms
Execution 39 - QUIC Single
Handshake duration: 22.70 ms
Execution 40 - QUIC Single
Handshake duration: 22.45 ms
Execution 41 - QUIC Single
Handshake duration: 20.08 ms
Execution 42 - QUIC Single
Handshake duration: 22.95 ms
Execution 43 - QUIC Single
Handshake duration: 22.22 ms
Execution 44 - QUIC Single
Handshake duration: 17.52 ms
Execution 45 - QUIC Single
Handshake duration: 22.26 ms
Execution 46 - QUIC Single
Handshake duration: 19.97 ms
Execution 47 - QUIC Single
Handshake duration: 17.45 ms
Execution 48 - QUIC Single
Handshake duration: 17.37 ms
Execution 49 - QUIC Single
Handshake duration: 17.29 ms
Execution 50 - QUIC Single
Handshake duration: 17.46 ms
Execution 51 - QUIC Single
Handshake duration: 17.38 ms
Execution 52 - QUIC Single
Handshake duration: 17.48 ms
Execution 53 - QUIC Single
Handshake duration: 17.53 ms
Execution 54 - QUIC Single
Handshake duration: 17.53 ms
Execution 55 - QUIC Single
Handshake duration: 17.55 ms
Execution 56 - QUIC Single
Handshake duration: 23.57 ms
Execution 57 - QUIC Single
Handshake duration: 17.79 ms
Execution 58 - QUIC Single
Handshake duration: 22.26 ms
Execution 59 - QUIC Single
Handshake duration: 19.77 ms
Execution 60 - QUIC Single
Handshake duration: 17.80 ms
Execution 61 - QUIC Single
Handshake duration: 19.91 ms
Execution 62 - QUIC Single
Handshake duration: 22.16 ms
Execution 63 - QUIC Single
Handshake duration: 24.72 ms
Execution 64 - QUIC Single
Handshake duration: 17.47 ms
Execution 65 - QUIC Single
Handshake duration: 24.35 ms
Execution 66 - QUIC Single
Handshake duration: 17.48 ms
Execution 67 - QUIC Single
Handshake duration: 18.74 ms
Execution 68 - QUIC Single
Handshake duration: 17.64 ms
Execution 69 - QUIC Single
Handshake duration: 17.66 ms
Execution 70 - QUIC Single
Handshake duration: 17.60 ms
Execution 71 - QUIC Single
Handshake duration: 17.61 ms
Execution 72 - QUIC Single
Handshake duration: 17.66 ms
Execution 73 - QUIC Single
Handshake duration: 24.46 ms
Execution 74 - QUIC Single
Handshake duration: 17.39 ms
Execution 75 - QUIC Single
Handshake duration: 23.12 ms
Execution 76 - QUIC Single
Handshake duration: 17.52 ms
Execution 77 - QUIC Single
Handshake duration: 19.12 ms
Execution 78 - QUIC Single
Handshake duration: 17.93 ms
Execution 79 - QUIC Single
Handshake duration: 17.80 ms
Execution 80 - QUIC Single
Handshake duration: 17.32 ms
Execution 81 - QUIC Single
Handshake duration: 17.64 ms
Execution 82 - QUIC Single
Handshake duration: 17.54 ms
Execution 83 - QUIC Single
Handshake duration: 18.21 ms
Execution 84 - QUIC Single
Handshake duration: 17.62 ms
Execution 85 - QUIC Single
Handshake duration: 22.20 ms
Execution 86 - QUIC Single
Handshake duration: 22.22 ms
Execution 87 - QUIC Single
Handshake duration: 17.59 ms
Execution 88 - QUIC Single
Handshake duration: 17.37 ms
Execution 89 - QUIC Single
Handshake duration: 17.68 ms
Execution 90 - QUIC Single
Handshake duration: 17.52 ms
Execution 91 - QUIC Single
Handshake duration: 17.42 ms
Execution 92 - QUIC Single
Handshake duration: 17.64 ms
Execution 93 - QUIC Single
Handshake duration: 17.67 ms
Execution 94 - QUIC Single
Handshake duration: 17.97 ms
Execution 95 - QUIC Single
Handshake duration: 17.59 ms
Execution 96 - QUIC Single
Handshake duration: 22.41 ms
Execution 97 - QUIC Single
Handshake duration: 17.28 ms
Execution 98 - QUIC Single
Handshake duration: 17.62 ms
Execution 99 - QUIC Single
Handshake duration: 17.28 ms
Execution 100 - QUIC Single
Handshake duration: 17.28 ms
Execution 101 - QUIC Single
Handshake duration: 22.11 ms
Execution 102 - QUIC Single
Handshake duration: 17.45 ms
Execution 103 - QUIC Single
Handshake duration: 17.26 ms
Execution 104 - QUIC Single
Handshake duration: 17.32 ms
Execution 105 - QUIC Single
Handshake duration: 17.64 ms
Execution 106 - QUIC Single
Handshake duration: 17.45 ms
Execution 107 - QUIC Single
Handshake duration: 17.81 ms
Execution 108 - QUIC Single
Handshake duration: 17.49 ms
Execution 109 - QUIC Single
Handshake duration: 17.46 ms
Execution 110 - QUIC Single
Handshake duration: 17.27 ms
Execution 111 - QUIC Single
Handshake duration: 17.62 ms
Execution 112 - QUIC Single
Handshake duration: 17.89 ms
Execution 113 - QUIC Single
Handshake duration: 19.06 ms
Execution 114 - QUIC Single
Handshake duration: 17.61 ms
Execution 115 - QUIC Single
Handshake duration: 17.66 ms
Execution 116 - QUIC Single
Handshake duration: 17.55 ms
Execution 117 - QUIC Single
Handshake duration: 20.50 ms
Execution 118 - QUIC Single
Handshake duration: 17.52 ms
Execution 119 - QUIC Single
Handshake duration: 17.56 ms
Execution 120 - QUIC Single
Handshake duration: 17.74 ms
Execution 121 - QUIC Single
Handshake duration: 17.73 ms
Execution 122 - QUIC Single
Handshake duration: 17.74 ms
Execution 123 - QUIC Single
Handshake duration: 17.90 ms
Execution 124 - QUIC Single
Handshake duration: 17.54 ms
Execution 125 - QUIC Single
Handshake duration: 17.74 ms
Execution 126 - QUIC Single
Handshake duration: 17.39 ms
Execution 127 - QUIC Single
Handshake duration: 17.25 ms
Execution 128 - QUIC Single
Handshake duration: 17.37 ms
Execution 129 - QUIC Single
Handshake duration: 17.27 ms
Execution 130 - QUIC Single
Handshake duration: 24.83 ms
Execution 131 - QUIC Single
Handshake duration: 22.64 ms
Execution 132 - QUIC Single
Handshake duration: 17.76 ms
Execution 133 - QUIC Single
Handshake duration: 17.91 ms
Execution 134 - QUIC Single
Handshake duration: 17.79 ms
Execution 135 - QUIC Single
Handshake duration: 17.47 ms
Execution 136 - QUIC Single
Handshake duration: 24.55 ms
Execution 137 - QUIC Single
Handshake duration: 17.54 ms
Execution 138 - QUIC Single
Handshake duration: 17.33 ms
Execution 139 - QUIC Single
Handshake duration: 17.61 ms
Execution 140 - QUIC Single
Handshake duration: 17.77 ms
Execution 141 - QUIC Single
Handshake duration: 17.79 ms
Execution 142 - QUIC Single
Handshake duration: 17.60 ms
Execution 143 - QUIC Single
Handshake duration: 17.95 ms
Execution 144 - QUIC Single
Handshake duration: 17.78 ms
Execution 145 - QUIC Single
Handshake duration: 19.98 ms
Execution 146 - QUIC Single
Handshake duration: 17.59 ms
Execution 147 - QUIC Single
Handshake duration: 18.61 ms
Execution 148 - QUIC Single
Handshake duration: 18.52 ms
Execution 149 - QUIC Single
Handshake duration: 17.46 ms
Execution 150 - QUIC Single
Handshake duration: 17.36 ms
Execution 151 - QUIC Single
Handshake duration: 18.15 ms
Execution 152 - QUIC Single
Handshake duration: 17.28 ms
Execution 153 - QUIC Single
Handshake duration: 17.39 ms
Execution 154 - QUIC Single
Handshake duration: 24.55 ms
Execution 155 - QUIC Single
Handshake duration: 17.49 ms
Execution 156 - QUIC Single
Handshake duration: 17.48 ms
Execution 157 - QUIC Single
Handshake duration: 17.58 ms
Execution 158 - QUIC Single
Handshake duration: 19.94 ms
Execution 159 - QUIC Single
Handshake duration: 19.70 ms
Execution 160 - QUIC Single
Handshake duration: 17.51 ms
Execution 161 - QUIC Single
Handshake duration: 17.44 ms
Execution 162 - QUIC Single
Handshake duration: 17.91 ms
Execution 163 - QUIC Single
Handshake duration: 17.65 ms
Execution 164 - QUIC Single
Handshake duration: 17.56 ms
Execution 165 - QUIC Single
Handshake duration: 17.78 ms
Execution 166 - QUIC Single
Handshake duration: 17.58 ms
Execution 167 - QUIC Single
Handshake duration: 18.82 ms
Execution 168 - QUIC Single
Handshake duration: 17.39 ms
Execution 169 - QUIC Single
Handshake duration: 22.22 ms
Execution 170 - QUIC Single
Handshake duration: 17.74 ms
Execution 171 - QUIC Single
Handshake duration: 24.50 ms
Execution 172 - QUIC Single
Handshake duration: 21.99 ms
Execution 173 - QUIC Single
Handshake duration: 17.68 ms
Execution 174 - QUIC Single
Handshake duration: 17.31 ms
Execution 175 - QUIC Single
Handshake duration: 21.74 ms
Execution 176 - QUIC Single
Handshake duration: 21.82 ms
Execution 177 - QUIC Single
Handshake duration: 22.32 ms
Execution 178 - QUIC Single
Handshake duration: 24.42 ms
Execution 179 - QUIC Single
Handshake duration: 21.85 ms
Execution 180 - QUIC Single
Handshake duration: 22.02 ms
Execution 181 - QUIC Single
Handshake duration: 17.62 ms
Execution 182 - QUIC Single
Handshake duration: 17.45 ms
Execution 183 - QUIC Single
Handshake duration: 17.75 ms
Execution 184 - QUIC Single
Handshake duration: 19.84 ms
Execution 185 - QUIC Single
Handshake duration: 17.80 ms
Execution 186 - QUIC Single
Handshake duration: 17.63 ms
Execution 187 - QUIC Single
Handshake duration: 22.68 ms
Execution 188 - QUIC Single
Handshake duration: 17.57 ms
Execution 189 - QUIC Single
Handshake duration: 17.85 ms
Execution 190 - QUIC Single
Handshake duration: 22.23 ms
Execution 191 - QUIC Single
Handshake duration: 19.59 ms
Execution 192 - QUIC Single
Handshake duration: 24.40 ms
Execution 193 - QUIC Single
Handshake duration: 17.73 ms
Execution 194 - QUIC Single
Handshake duration: 17.70 ms
Execution 195 - QUIC Single
Handshake duration: 17.73 ms
Execution 196 - QUIC Single
Handshake duration: 21.84 ms
Execution 197 - QUIC Single
Handshake duration: 24.88 ms
Execution 198 - QUIC Single
Handshake duration: 23.10 ms
Execution 199 - QUIC Single
Handshake duration: 17.40 ms
Execution 200 - QUIC Single
Handshake duration: 24.34 ms
Execution 201 - QUIC Single
Handshake duration: 17.58 ms
Execution 202 - QUIC Single
Handshake duration: 17.98 ms
Execution 203 - QUIC Single
Handshake duration: 22.86 ms
Execution 204 - QUIC Single
Handshake duration: 22.25 ms
Execution 205 - QUIC Single
Handshake duration: 24.58 ms
Execution 206 - QUIC Single
Handshake duration: 17.76 ms
Execution 207 - QUIC Single
Handshake duration: 25.84 ms
Execution 208 - QUIC Single
Handshake duration: 19.77 ms
Execution 209 - QUIC Single
Handshake duration: 17.44 ms
Execution 210 - QUIC Single
Handshake duration: 18.18 ms
Execution 211 - QUIC Single
Handshake duration: 17.88 ms
Execution 212 - QUIC Single
Handshake duration: 18.04 ms
Execution 213 - QUIC Single
Handshake duration: 17.68 ms
Execution 214 - QUIC Single
Handshake duration: 18.32 ms
Execution 215 - QUIC Single
Handshake duration: 18.00 ms
Execution 216 - QUIC Single
Handshake duration: 25.51 ms
Execution 217 - QUIC Single
Handshake duration: 20.03 ms
Execution 218 - QUIC Single
Handshake duration: 24.57 ms
Execution 219 - QUIC Single
Handshake duration: 23.28 ms
Execution 220 - QUIC Single
Handshake duration: 18.06 ms
Execution 221 - QUIC Single
Handshake duration: 17.59 ms
Execution 222 - QUIC Single
Handshake duration: 17.84 ms
Execution 223 - QUIC Single
Handshake duration: 28.30 ms
Execution 224 - QUIC Single
Handshake duration: 22.10 ms
Execution 225 - QUIC Single
Handshake duration: 22.44 ms
Execution 226 - QUIC Single
Handshake duration: 24.32 ms
Execution 227 - QUIC Single
Handshake duration: 18.07 ms
Execution 228 - QUIC Single
Handshake duration: 17.86 ms
Execution 229 - QUIC Single
Handshake duration: 21.18 ms
Execution 230 - QUIC Single
Handshake duration: 17.57 ms
Execution 231 - QUIC Single
Handshake duration: 17.55 ms
Execution 232 - QUIC Single
Handshake duration: 18.11 ms
Execution 233 - QUIC Single
Handshake duration: 17.61 ms
Execution 234 - QUIC Single
Handshake duration: 17.89 ms
Execution 235 - QUIC Single
Handshake duration: 18.23 ms
Execution 236 - QUIC Single
Handshake duration: 17.97 ms
Execution 237 - QUIC Single
Handshake duration: 17.88 ms
Execution 238 - QUIC Single
Handshake duration: 17.71 ms
Execution 239 - QUIC Single
Handshake duration: 17.63 ms
Execution 240 - QUIC Single
Handshake duration: 17.62 ms
Execution 241 - QUIC Single
Handshake duration: 17.54 ms
Execution 242 - QUIC Single
Handshake duration: 17.54 ms
Execution 243 - QUIC Single
Handshake duration: 17.75 ms
Execution 244 - QUIC Single
Handshake duration: 18.53 ms
Execution 245 - QUIC Single
Handshake duration: 18.25 ms
Execution 246 - QUIC Single
Handshake duration: 18.09 ms
Execution 247 - QUIC Single
Handshake duration: 17.83 ms
Execution 248 - QUIC Single
Handshake duration: 17.26 ms
Execution 249 - QUIC Single
Handshake duration: 24.85 ms
Execution 250 - QUIC Single
Handshake duration: 18.55 ms
Execution 251 - QUIC Single
Handshake duration: 17.34 ms
Execution 252 - QUIC Single
Handshake duration: 17.34 ms
Execution 253 - QUIC Single
Handshake duration: 17.41 ms
Execution 254 - QUIC Single
Handshake duration: 21.86 ms
Execution 255 - QUIC Single
Handshake duration: 17.80 ms
Execution 256 - QUIC Single
Handshake duration: 17.44 ms
Execution 257 - QUIC Single
Handshake duration: 19.89 ms
Execution 258 - QUIC Single
Handshake duration: 17.44 ms
Execution 259 - QUIC Single
Handshake duration: 17.45 ms
Execution 260 - QUIC Single
Handshake duration: 17.40 ms
Execution 261 - QUIC Single
Handshake duration: 17.75 ms
Execution 262 - QUIC Single
Handshake duration: 17.71 ms
Execution 263 - QUIC Single
Handshake duration: 17.33 ms
Execution 264 - QUIC Single
Handshake duration: 17.65 ms
Execution 265 - QUIC Single
Handshake duration: 17.48 ms
Execution 266 - QUIC Single
Handshake duration: 17.48 ms
Execution 267 - QUIC Single
Handshake duration: 17.99 ms
Execution 268 - QUIC Single
Handshake duration: 18.56 ms
Execution 269 - QUIC Single
Handshake duration: 17.79 ms
Execution 270 - QUIC Single
Handshake duration: 17.62 ms
Execution 271 - QUIC Single
Handshake duration: 17.86 ms
Execution 272 - QUIC Single
Handshake duration: 24.44 ms
Execution 273 - QUIC Single
Handshake duration: 18.13 ms
Execution 274 - QUIC Single
Handshake duration: 17.21 ms
Execution 275 - QUIC Single
Handshake duration: 17.22 ms
Execution 276 - QUIC Single
Handshake duration: 17.39 ms
Execution 277 - QUIC Single
Handshake duration: 17.32 ms
Execution 278 - QUIC Single
Handshake duration: 17.49 ms
Execution 279 - QUIC Single
Handshake duration: 17.81 ms
Execution 280 - QUIC Single
Handshake duration: 18.01 ms
Execution 281 - QUIC Single
Handshake duration: 17.49 ms
Execution 282 - QUIC Single
Handshake duration: 18.23 ms
Execution 283 - QUIC Single
Handshake duration: 17.42 ms
Execution 284 - QUIC Single
Handshake duration: 18.76 ms
Execution 285 - QUIC Single
Handshake duration: 17.63 ms
Execution 286 - QUIC Single
Handshake duration: 21.90 ms
Execution 287 - QUIC Single
Handshake duration: 17.75 ms
Execution 288 - QUIC Single
Handshake duration: 17.79 ms
Execution 289 - QUIC Single
Handshake duration: 17.97 ms
Execution 290 - QUIC Single
Handshake duration: 24.53 ms
Execution 291 - QUIC Single
Handshake duration: 17.84 ms
Execution 292 - QUIC Single
Handshake duration: 17.67 ms
Execution 293 - QUIC Single
Handshake duration: 22.55 ms
Execution 294 - QUIC Single
Handshake duration: 17.54 ms
Execution 295 - QUIC Single
Handshake duration: 17.41 ms
Execution 296 - QUIC Single
Handshake duration: 17.81 ms
Execution 297 - QUIC Single
Handshake duration: 22.44 ms
Execution 298 - QUIC Single
Handshake duration: 22.00 ms
Execution 299 - QUIC Single
Handshake duration: 17.48 ms
Execution 300 - QUIC Single
Handshake duration: 17.21 ms
Execution 301 - QUIC Single
Handshake duration: 17.22 ms
Execution 302 - QUIC Single
Handshake duration: 17.30 ms
Execution 303 - QUIC Single
Handshake duration: 17.08 ms
Execution 304 - QUIC Single
Handshake duration: 17.16 ms
Execution 305 - QUIC Single
Handshake duration: 17.03 ms
Execution 306 - QUIC Single
Handshake duration: 17.50 ms
Execution 307 - QUIC Single
Handshake duration: 17.11 ms
Execution 308 - QUIC Single
Handshake duration: 17.29 ms
Execution 309 - QUIC Single
Handshake duration: 19.96 ms
Execution 310 - QUIC Single
Handshake duration: 17.77 ms
Execution 311 - QUIC Single
Handshake duration: 24.99 ms
Execution 312 - QUIC Single
Handshake duration: 22.41 ms
Execution 313 - QUIC Single
Handshake duration: 17.79 ms
Execution 314 - QUIC Single
Handshake duration: 18.24 ms
Execution 315 - QUIC Single
Handshake duration: 17.70 ms
Execution 316 - QUIC Single
Handshake duration: 18.21 ms
Execution 317 - QUIC Single
Handshake duration: 24.22 ms
Execution 318 - QUIC Single
Handshake duration: 22.09 ms
Execution 319 - QUIC Single
Handshake duration: 17.50 ms
Execution 320 - QUIC Single
Handshake duration: 18.33 ms
Execution 321 - QUIC Single
Handshake duration: 17.86 ms
Execution 322 - QUIC Single
Handshake duration: 22.11 ms
Execution 323 - QUIC Single
Handshake duration: 17.48 ms
Execution 324 - QUIC Single
Handshake duration: 17.45 ms
Execution 325 - QUIC Single
Handshake duration: 17.42 ms
Execution 326 - QUIC Single
Handshake duration: 17.98 ms
Execution 327 - QUIC Single
Handshake duration: 17.66 ms
Execution 328 - QUIC Single
Handshake duration: 21.79 ms
Execution 329 - QUIC Single
Handshake duration: 21.89 ms
Execution 330 - QUIC Single
Handshake duration: 18.86 ms
Execution 331 - QUIC Single
Handshake duration: 22.46 ms
Execution 332 - QUIC Single
Handshake duration: 22.46 ms
Execution 333 - QUIC Single
Handshake duration: 17.99 ms
Execution 334 - QUIC Single
Handshake duration: 17.71 ms
Execution 335 - QUIC Single
Handshake duration: 17.67 ms
Execution 336 - QUIC Single
Handshake duration: 18.37 ms
Execution 337 - QUIC Single
Handshake duration: 22.80 ms
Execution 338 - QUIC Single
Handshake duration: 19.95 ms
Execution 339 - QUIC Single
Handshake duration: 17.33 ms
Execution 340 - QUIC Single
Handshake duration: 17.49 ms
Execution 341 - QUIC Single
Handshake duration: 24.62 ms
Execution 342 - QUIC Single
Handshake duration: 24.76 ms
Execution 343 - QUIC Single
Handshake duration: 22.45 ms
Execution 344 - QUIC Single
Handshake duration: 17.96 ms
Execution 345 - QUIC Single
Handshake duration: 17.48 ms
Execution 346 - QUIC Single
Handshake duration: 17.70 ms
Execution 347 - QUIC Single
Handshake duration: 17.81 ms
Execution 348 - QUIC Single
Handshake duration: 17.72 ms
Execution 349 - QUIC Single
Handshake duration: 17.20 ms
Execution 350 - QUIC Single
Handshake duration: 18.03 ms
Execution 351 - QUIC Single
Handshake duration: 17.39 ms
Execution 352 - QUIC Single
Handshake duration: 17.30 ms
Execution 353 - QUIC Single
Handshake duration: 23.61 ms
Execution 354 - QUIC Single
Handshake duration: 17.89 ms
Execution 355 - QUIC Single
Handshake duration: 17.60 ms
Execution 356 - QUIC Single
Handshake duration: 22.10 ms
Execution 357 - QUIC Single
Handshake duration: 22.28 ms
Execution 358 - QUIC Single
Handshake duration: 24.57 ms
Execution 359 - QUIC Single
Handshake duration: 17.75 ms
Execution 360 - QUIC Single
Handshake duration: 17.46 ms
Execution 361 - QUIC Single
Handshake duration: 17.42 ms
Execution 362 - QUIC Single
Handshake duration: 22.04 ms
Execution 363 - QUIC Single
Handshake duration: 17.53 ms
Execution 364 - QUIC Single
Handshake duration: 17.82 ms
Execution 365 - QUIC Single
Handshake duration: 24.78 ms
Execution 366 - QUIC Single
Handshake duration: 17.97 ms
Execution 367 - QUIC Single
Handshake duration: 17.84 ms
Execution 368 - QUIC Single
Handshake duration: 22.33 ms
Execution 369 - QUIC Single
Handshake duration: 18.98 ms
Execution 370 - QUIC Single
Handshake duration: 22.80 ms
Execution 371 - QUIC Single
Handshake duration: 17.76 ms
Execution 372 - QUIC Single
Handshake duration: 17.97 ms
Execution 373 - QUIC Single
Handshake duration: 19.52 ms
Execution 374 - QUIC Single
Handshake duration: 17.23 ms
Execution 375 - QUIC Single
Handshake duration: 24.53 ms
Execution 376 - QUIC Single
Handshake duration: 17.34 ms
Execution 377 - QUIC Single
Handshake duration: 17.77 ms
Execution 378 - QUIC Single
Handshake duration: 17.46 ms
Execution 379 - QUIC Single
Handshake duration: 22.23 ms
Execution 380 - QUIC Single
Handshake duration: 24.81 ms
Execution 381 - QUIC Single
Handshake duration: 17.56 ms
Execution 382 - QUIC Single
Handshake duration: 19.69 ms
Execution 383 - QUIC Single
Handshake duration: 17.52 ms
Execution 384 - QUIC Single
Handshake duration: 17.46 ms
Execution 385 - QUIC Single
Handshake duration: 17.95 ms
Execution 386 - QUIC Single
Handshake duration: 17.81 ms
Execution 387 - QUIC Single
Handshake duration: 22.65 ms
Execution 388 - QUIC Single
Handshake duration: 17.32 ms
Execution 389 - QUIC Single
Handshake duration: 17.59 ms
Execution 390 - QUIC Single
Handshake duration: 17.81 ms
Execution 391 - QUIC Single
Handshake duration: 22.33 ms
Execution 392 - QUIC Single
Handshake duration: 17.53 ms
Execution 393 - QUIC Single
Handshake duration: 24.88 ms
Execution 394 - QUIC Single
Handshake duration: 22.62 ms
Execution 395 - QUIC Single
Handshake duration: 22.13 ms
Execution 396 - QUIC Single
Handshake duration: 17.50 ms
Execution 397 - QUIC Single
Handshake duration: 18.29 ms
Execution 398 - QUIC Single
Handshake duration: 19.42 ms
Execution 399 - QUIC Single
Handshake duration: 24.06 ms
Execution 400 - QUIC Single
Handshake duration: 21.81 ms
Execution 401 - QUIC Single
Handshake duration: 17.28 ms
Execution 402 - QUIC Single
Handshake duration: 17.54 ms
Execution 403 - QUIC Single
Handshake duration: 19.52 ms
Execution 404 - QUIC Single
Handshake duration: 18.12 ms
Execution 405 - QUIC Single
Handshake duration: 24.62 ms
Execution 406 - QUIC Single
Handshake duration: 22.35 ms
Execution 407 - QUIC Single
Handshake duration: 17.86 ms
Execution 408 - QUIC Single
Handshake duration: 17.51 ms
Execution 409 - QUIC Single
Handshake duration: 17.92 ms
Execution 410 - QUIC Single
Handshake duration: 17.51 ms
Execution 411 - QUIC Single
Handshake duration: 17.50 ms
Execution 412 - QUIC Single
Handshake duration: 17.95 ms
Execution 413 - QUIC Single
Handshake duration: 17.65 ms
Execution 414 - QUIC Single
Handshake duration: 17.58 ms
Execution 415 - QUIC Single
Handshake duration: 24.57 ms
Execution 416 - QUIC Single
Handshake duration: 17.83 ms
Execution 417 - QUIC Single
Handshake duration: 17.59 ms
Execution 418 - QUIC Single
Handshake duration: 22.35 ms
Execution 419 - QUIC Single
Handshake duration: 23.06 ms
Execution 420 - QUIC Single
Handshake duration: 18.36 ms
Execution 421 - QUIC Single
Handshake duration: 17.63 ms
Execution 422 - QUIC Single
Handshake duration: 17.45 ms
Execution 423 - QUIC Single
Handshake duration: 24.46 ms
Execution 424 - QUIC Single
Handshake duration: 24.48 ms
Execution 425 - QUIC Single
Handshake duration: 17.27 ms
Execution 426 - QUIC Single
Handshake duration: 17.40 ms
Execution 427 - QUIC Single
Handshake duration: 17.51 ms
Execution 428 - QUIC Single
Handshake duration: 17.41 ms
Execution 429 - QUIC Single
Handshake duration: 17.80 ms
Execution 430 - QUIC Single
Handshake duration: 17.58 ms
Execution 431 - QUIC Single
Handshake duration: 17.34 ms
Execution 432 - QUIC Single
Handshake duration: 18.34 ms
Execution 433 - QUIC Single
Handshake duration: 17.86 ms
Execution 434 - QUIC Single
Handshake duration: 17.73 ms
Execution 435 - QUIC Single
Handshake duration: 18.53 ms
Execution 436 - QUIC Single
Handshake duration: 17.49 ms
Execution 437 - QUIC Single
Handshake duration: 22.82 ms
Execution 438 - QUIC Single
Handshake duration: 17.77 ms
Execution 439 - QUIC Single
Handshake duration: 18.34 ms
Execution 440 - QUIC Single
Handshake duration: 18.24 ms
Execution 441 - QUIC Single
Handshake duration: 18.23 ms
Execution 442 - QUIC Single
Handshake duration: 17.97 ms
Execution 443 - QUIC Single
Handshake duration: 18.46 ms
Execution 444 - QUIC Single
Handshake duration: 24.79 ms
Execution 445 - QUIC Single
Handshake duration: 17.52 ms
Execution 446 - QUIC Single
Handshake duration: 17.54 ms
Execution 447 - QUIC Single
Handshake duration: 18.03 ms
Execution 448 - QUIC Single
Handshake duration: 17.44 ms
Execution 449 - QUIC Single
Handshake duration: 17.35 ms
Execution 450 - QUIC Single
Handshake duration: 24.52 ms
Execution 451 - QUIC Single
Handshake duration: 19.36 ms
Execution 452 - QUIC Single
Handshake duration: 17.54 ms
Execution 453 - QUIC Single
Handshake duration: 17.47 ms
Execution 454 - QUIC Single
Handshake duration: 18.21 ms
Execution 455 - QUIC Single
Handshake duration: 17.64 ms
Execution 456 - QUIC Single
Handshake duration: 22.20 ms
Execution 457 - QUIC Single
Handshake duration: 24.73 ms
Execution 458 - QUIC Single
Handshake duration: 22.08 ms
Execution 459 - QUIC Single
Handshake duration: 17.80 ms
Execution 460 - QUIC Single
Handshake duration: 17.28 ms
Execution 461 - QUIC Single
Handshake duration: 17.56 ms
Execution 462 - QUIC Single
Handshake duration: 17.64 ms
Execution 463 - QUIC Single
Handshake duration: 17.66 ms
Execution 464 - QUIC Single
Handshake duration: 17.70 ms
Execution 465 - QUIC Single
Handshake duration: 24.67 ms
Execution 466 - QUIC Single
Handshake duration: 24.66 ms
Execution 467 - QUIC Single
Handshake duration: 24.59 ms
Execution 468 - QUIC Single
Handshake duration: 17.71 ms
Execution 469 - QUIC Single
Handshake duration: 19.81 ms
Execution 470 - QUIC Single
Handshake duration: 17.64 ms
Execution 471 - QUIC Single
Handshake duration: 24.82 ms
Execution 472 - QUIC Single
Handshake duration: 17.54 ms
Execution 473 - QUIC Single
Handshake duration: 17.37 ms
Execution 474 - QUIC Single
Handshake duration: 17.45 ms
Execution 475 - QUIC Single
Handshake duration: 22.31 ms
Execution 476 - QUIC Single
Handshake duration: 17.81 ms
Execution 477 - QUIC Single
Handshake duration: 17.44 ms
Execution 478 - QUIC Single
Handshake duration: 17.69 ms
Execution 479 - QUIC Single
Handshake duration: 17.82 ms
Execution 480 - QUIC Single
Handshake duration: 24.57 ms
Execution 481 - QUIC Single
Handshake duration: 19.91 ms
Execution 482 - QUIC Single
Handshake duration: 19.70 ms
Execution 483 - QUIC Single
Handshake duration: 17.99 ms
Execution 484 - QUIC Single
Handshake duration: 24.62 ms
Execution 485 - QUIC Single
Handshake duration: 17.59 ms
Execution 486 - QUIC Single
Handshake duration: 17.56 ms
Execution 487 - QUIC Single
Handshake duration: 17.50 ms
Execution 488 - QUIC Single
Handshake duration: 17.51 ms
Execution 489 - QUIC Single
Handshake duration: 18.46 ms
Execution 490 - QUIC Single
Handshake duration: 18.00 ms
Execution 491 - QUIC Single
Handshake duration: 17.89 ms
Execution 492 - QUIC Single
Handshake duration: 17.60 ms
Execution 493 - QUIC Single
Handshake duration: 17.45 ms
Execution 494 - QUIC Single
Handshake duration: 17.43 ms
Execution 495 - QUIC Single
Handshake duration: 17.34 ms
Execution 496 - QUIC Single
Handshake duration: 22.46 ms
Execution 497 - QUIC Single
Handshake duration: 18.53 ms
Execution 498 - QUIC Single
Handshake duration: 17.35 ms
Execution 499 - QUIC Single
Handshake duration: 22.26 ms
Execution 500 - QUIC Single
Handshake duration: 22.00 ms
     Waiting  ... 
   Shutting down server and impairments...

 ==> Executing for SIG_ALG: mldsa65

 ==> Creating Certs and Keys
Creating certificates
Using default procedure for mldsa65
-----
-----
Certificate request self-signature ok
subject=CN==localhost
-----
Certificate request self-signature ok
subject=CN==user
Running /opt/oqssa/bin/doCert.sh with SIG_ALG=mldsa65 and certificates created

./Launcherv3_pq_hqc_ge_rerun.sh : ligne 281 : 99823 Processus arrêté      /usr/local/bin/pumba netem --duration 1h --interface $NETIF loss-gemodel --pg "${args[0]}" --pb "${args[1]}" --one-h "${args[2]}" --one-k "${args[3]}" "$OQS_SERVER"

****************
  -> KEM: P-384

    Executing docker Server...
servidor
cliente
7ff20cca92d2bfb2469f7f0fe484b9f3f3ecd885789679c781ff4b92c3a8ca1c
    Buscando IP.. 
    IP..  172.18.0.2
   ↳ Applying unstable network profile (loss-gemodel pg20 pb40 h90 k20)
   ✔ Pumba PID 104816 confirmed running (SIG=mldsa65 KEM=P-384 PROTO=quic)
    Executing docker Client... 172.18.0.2
ed2abffb1b16a6cf22a00c40a252e9c441c2ec560f5fde0a143d5a4fa8dfc373
cliente
     Docker cliente executed ... 

**************************
     Executing test  ... 
Applying netem rules to lo...
Showing qdisc status for the interface: lo
qdisc netem 8028: root refcnt 2 limit 1000 seed 11164327864994388133
 Sent 0 bytes 0 pkt (dropped 0, overlimits 0 requeues 0) 
 backlog 0b 0p requeues 0
Running ./perftestClientTlsQuic.sh with SIG_ALG=mldsa65 and KEM_ALG=P-384
Execution 1 - QUIC Single
Handshake duration: 5.55 ms
Execution 2 - QUIC Single
Handshake duration: 5.16 ms
Execution 3 - QUIC Single
Handshake duration: 4.57 ms
Execution 4 - QUIC Single
Handshake duration: 4.41 ms
Execution 5 - QUIC Single
Handshake duration: 4.54 ms
Execution 6 - QUIC Single
Handshake duration: 4.08 ms
Execution 7 - QUIC Single
Handshake duration: 4.43 ms
Execution 8 - QUIC Single
Handshake duration: 4.26 ms
Execution 9 - QUIC Single
Handshake duration: 4.18 ms
Execution 10 - QUIC Single
Handshake duration: 5.86 ms
Execution 11 - QUIC Single
Handshake duration: 4.16 ms
Execution 12 - QUIC Single
Handshake duration: 3.98 ms
Execution 13 - QUIC Single
Handshake duration: 4.96 ms
Execution 14 - QUIC Single
Handshake duration: 4.45 ms
Execution 15 - QUIC Single
Handshake duration: 5.30 ms
Execution 16 - QUIC Single
Handshake duration: 4.23 ms
Execution 17 - QUIC Single
Handshake duration: 4.16 ms
Execution 18 - QUIC Single
Handshake duration: 4.05 ms
Execution 19 - QUIC Single
Handshake duration: 4.14 ms
Execution 20 - QUIC Single
Handshake duration: 4.11 ms
Execution 21 - QUIC Single
Handshake duration: 4.57 ms
Execution 22 - QUIC Single
Handshake duration: 3.98 ms
Execution 23 - QUIC Single
Handshake duration: 3.92 ms
Execution 24 - QUIC Single
Handshake duration: 4.25 ms
Execution 25 - QUIC Single
Handshake duration: 5.36 ms
Execution 26 - QUIC Single
Handshake duration: 5.84 ms
Execution 27 - QUIC Single
Handshake duration: 4.01 ms
Execution 28 - QUIC Single
Handshake duration: 5.15 ms
Execution 29 - QUIC Single
Handshake duration: 3.97 ms
Execution 30 - QUIC Single
Handshake duration: 3.98 ms
Execution 31 - QUIC Single
Handshake duration: 4.00 ms
Execution 32 - QUIC Single
Handshake duration: 4.02 ms
Execution 33 - QUIC Single
Handshake duration: 4.20 ms
Execution 34 - QUIC Single
Handshake duration: 4.04 ms
Execution 35 - QUIC Single
Handshake duration: 4.09 ms
Execution 36 - QUIC Single
Handshake duration: 4.07 ms
Execution 37 - QUIC Single
Handshake duration: 5.16 ms
Execution 38 - QUIC Single
Handshake duration: 4.29 ms
Execution 39 - QUIC Single
Handshake duration: 4.35 ms
Execution 40 - QUIC Single
Handshake duration: 4.06 ms
Execution 41 - QUIC Single
Handshake duration: 4.33 ms
Execution 42 - QUIC Single
Handshake duration: 3.96 ms
Execution 43 - QUIC Single
Handshake duration: 4.52 ms
Execution 44 - QUIC Single
Handshake duration: 4.12 ms
Execution 45 - QUIC Single
Handshake duration: 5.69 ms
Execution 46 - QUIC Single
Handshake duration: 4.37 ms
Execution 47 - QUIC Single
Handshake duration: 4.19 ms
Execution 48 - QUIC Single
Handshake duration: 3.99 ms
Execution 49 - QUIC Single
Handshake duration: 4.09 ms
Execution 50 - QUIC Single
Handshake duration: 4.21 ms
Execution 51 - QUIC Single
Handshake duration: 3.95 ms
Execution 52 - QUIC Single
Handshake duration: 5.73 ms
Execution 53 - QUIC Single
Handshake duration: 4.41 ms
Execution 54 - QUIC Single
Handshake duration: 3.97 ms
Execution 55 - QUIC Single
Handshake duration: 4.26 ms
Execution 56 - QUIC Single
Handshake duration: 4.22 ms
Execution 57 - QUIC Single
Handshake duration: 4.11 ms
Execution 58 - QUIC Single
Handshake duration: 4.23 ms
Execution 59 - QUIC Single
Handshake duration: 4.00 ms
Execution 60 - QUIC Single
Handshake duration: 4.31 ms
Execution 61 - QUIC Single
Handshake duration: 4.78 ms
Execution 62 - QUIC Single
Handshake duration: 5.27 ms
Execution 63 - QUIC Single
Handshake duration: 4.19 ms
Execution 64 - QUIC Single
Handshake duration: 4.07 ms
Execution 65 - QUIC Single
Handshake duration: 4.15 ms
Execution 66 - QUIC Single
Handshake duration: 4.07 ms
Execution 67 - QUIC Single
Handshake duration: 4.28 ms
Execution 68 - QUIC Single
Handshake duration: 5.43 ms
Execution 69 - QUIC Single
Handshake duration: 4.38 ms
Execution 70 - QUIC Single
Handshake duration: 4.22 ms
Execution 71 - QUIC Single
Handshake duration: 4.06 ms
Execution 72 - QUIC Single
Handshake duration: 4.04 ms
Execution 73 - QUIC Single
Handshake duration: 4.12 ms
Execution 74 - QUIC Single
Handshake duration: 4.02 ms
Execution 75 - QUIC Single
Handshake duration: 5.50 ms
Execution 76 - QUIC Single
Handshake duration: 4.48 ms
Execution 77 - QUIC Single
Handshake duration: 4.04 ms
Execution 78 - QUIC Single
Handshake duration: 4.08 ms
Execution 79 - QUIC Single
Handshake duration: 4.11 ms
Execution 80 - QUIC Single
Handshake duration: 4.02 ms
Execution 81 - QUIC Single
Handshake duration: 4.22 ms
Execution 82 - QUIC Single
Handshake duration: 4.79 ms
Execution 83 - QUIC Single
Handshake duration: 4.30 ms
Execution 84 - QUIC Single
Handshake duration: 4.17 ms
Execution 85 - QUIC Single
Handshake duration: 4.18 ms
Execution 86 - QUIC Single
Handshake duration: 3.99 ms
Execution 87 - QUIC Single
Handshake duration: 4.33 ms
Execution 88 - QUIC Single
Handshake duration: 5.18 ms
Execution 89 - QUIC Single
Handshake duration: 4.31 ms
Execution 90 - QUIC Single
Handshake duration: 4.28 ms
Execution 91 - QUIC Single
Handshake duration: 4.67 ms
Execution 92 - QUIC Single
Handshake duration: 5.23 ms
Execution 93 - QUIC Single
Handshake duration: 4.91 ms
Execution 94 - QUIC Single
Handshake duration: 5.06 ms
Execution 95 - QUIC Single
Handshake duration: 5.12 ms
Execution 96 - QUIC Single
Handshake duration: 5.22 ms
Execution 97 - QUIC Single
Handshake duration: 5.08 ms
Execution 98 - QUIC Single
Handshake duration: 4.29 ms
Execution 99 - QUIC Single
Handshake duration: 4.34 ms
Execution 100 - QUIC Single
Handshake duration: 4.19 ms
Execution 101 - QUIC Single
Handshake duration: 3.95 ms
Execution 102 - QUIC Single
Handshake duration: 4.14 ms
Execution 103 - QUIC Single
Handshake duration: 5.27 ms
Execution 104 - QUIC Single
Handshake duration: 4.02 ms
Execution 105 - QUIC Single
Handshake duration: 4.37 ms
Execution 106 - QUIC Single
Handshake duration: 3.89 ms
Execution 107 - QUIC Single
Handshake duration: 4.88 ms
Execution 108 - QUIC Single
Handshake duration: 3.99 ms
Execution 109 - QUIC Single
Handshake duration: 4.04 ms
Execution 110 - QUIC Single
Handshake duration: 4.00 ms
Execution 111 - QUIC Single
Handshake duration: 4.00 ms
Execution 112 - QUIC Single
Handshake duration: 4.20 ms
Execution 113 - QUIC Single
Handshake duration: 7.05 ms
Execution 114 - QUIC Single
Handshake duration: 8.56 ms
Execution 115 - QUIC Single
Handshake duration: 5.81 ms
Execution 116 - QUIC Single
Handshake duration: 4.30 ms
Execution 117 - QUIC Single
Handshake duration: 5.26 ms
Execution 118 - QUIC Single
Handshake duration: 4.28 ms
Execution 119 - QUIC Single
Handshake duration: 4.42 ms
Execution 120 - QUIC Single
Handshake duration: 4.20 ms
Execution 121 - QUIC Single
Handshake duration: 5.54 ms
Execution 122 - QUIC Single
Handshake duration: 3.91 ms
Execution 123 - QUIC Single
Handshake duration: 3.93 ms
Execution 124 - QUIC Single
Handshake duration: 5.33 ms
Execution 125 - QUIC Single
Handshake duration: 4.06 ms
Execution 126 - QUIC Single
Handshake duration: 5.37 ms
Execution 127 - QUIC Single
Handshake duration: 4.13 ms
Execution 128 - QUIC Single
Handshake duration: 4.06 ms
Execution 129 - QUIC Single
Handshake duration: 5.22 ms
Execution 130 - QUIC Single
Handshake duration: 4.13 ms
Execution 131 - QUIC Single
Handshake duration: 3.86 ms
Execution 132 - QUIC Single
Handshake duration: 4.33 ms
Execution 133 - QUIC Single
Handshake duration: 5.32 ms
Execution 134 - QUIC Single
Handshake duration: 4.16 ms
Execution 135 - QUIC Single
Handshake duration: 3.97 ms
Execution 136 - QUIC Single
Handshake duration: 4.23 ms
Execution 137 - QUIC Single
Handshake duration: 4.53 ms
Execution 138 - QUIC Single
Handshake duration: 4.43 ms
Execution 139 - QUIC Single
Handshake duration: 4.07 ms
Execution 140 - QUIC Single
Handshake duration: 4.10 ms
Execution 141 - QUIC Single
Handshake duration: 5.65 ms
Execution 142 - QUIC Single
Handshake duration: 4.42 ms
Execution 143 - QUIC Single
Handshake duration: 5.31 ms
Execution 144 - QUIC Single
Handshake duration: 5.26 ms
Execution 145 - QUIC Single
Handshake duration: 3.94 ms
Execution 146 - QUIC Single
Handshake duration: 4.09 ms
Execution 147 - QUIC Single
Handshake duration: 5.27 ms
Execution 148 - QUIC Single
Handshake duration: 4.15 ms
Execution 149 - QUIC Single
Handshake duration: 5.19 ms
Execution 150 - QUIC Single
Handshake duration: 5.11 ms
Execution 151 - QUIC Single
Handshake duration: 5.36 ms
Execution 152 - QUIC Single
Handshake duration: 3.97 ms
Execution 153 - QUIC Single
Handshake duration: 5.20 ms
Execution 154 - QUIC Single
Handshake duration: 4.30 ms
Execution 155 - QUIC Single
Handshake duration: 4.07 ms
Execution 156 - QUIC Single
Handshake duration: 4.06 ms
Execution 157 - QUIC Single
Handshake duration: 4.30 ms
Execution 158 - QUIC Single
Handshake duration: 3.99 ms
Execution 159 - QUIC Single
Handshake duration: 5.17 ms
Execution 160 - QUIC Single
Handshake duration: 4.38 ms
Execution 161 - QUIC Single
Handshake duration: 4.04 ms
Execution 162 - QUIC Single
Handshake duration: 4.32 ms
Execution 163 - QUIC Single
Handshake duration: 4.22 ms
Execution 164 - QUIC Single
Handshake duration: 3.94 ms
Execution 165 - QUIC Single
Handshake duration: 3.96 ms
Execution 166 - QUIC Single
Handshake duration: 5.10 ms
Execution 167 - QUIC Single
Handshake duration: 5.09 ms
Execution 168 - QUIC Single
Handshake duration: 5.13 ms
Execution 169 - QUIC Single
Handshake duration: 4.03 ms
Execution 170 - QUIC Single
Handshake duration: 4.13 ms
Execution 171 - QUIC Single
Handshake duration: 4.02 ms
Execution 172 - QUIC Single
Handshake duration: 4.22 ms
Execution 173 - QUIC Single
Handshake duration: 4.42 ms
Execution 174 - QUIC Single
Handshake duration: 4.63 ms
Execution 175 - QUIC Single
Handshake duration: 4.43 ms
Execution 176 - QUIC Single
Handshake duration: 4.02 ms
Execution 177 - QUIC Single
Handshake duration: 4.39 ms
Execution 178 - QUIC Single
Handshake duration: 5.43 ms
Execution 179 - QUIC Single
Handshake duration: 4.17 ms
Execution 180 - QUIC Single
Handshake duration: 4.08 ms
Execution 181 - QUIC Single
Handshake duration: 5.11 ms
Execution 182 - QUIC Single
Handshake duration: 4.45 ms
Execution 183 - QUIC Single
Handshake duration: 4.14 ms
Execution 184 - QUIC Single
Handshake duration: 4.09 ms
Execution 185 - QUIC Single
Handshake duration: 4.04 ms
Execution 186 - QUIC Single
Handshake duration: 4.88 ms
Execution 187 - QUIC Single
Handshake duration: 4.54 ms
Execution 188 - QUIC Single
Handshake duration: 4.05 ms
Execution 189 - QUIC Single
Handshake duration: 4.07 ms
Execution 190 - QUIC Single
Handshake duration: 4.11 ms
Execution 191 - QUIC Single
Handshake duration: 5.42 ms
Execution 192 - QUIC Single
Handshake duration: 5.18 ms
Execution 193 - QUIC Single
Handshake duration: 4.03 ms
Execution 194 - QUIC Single
Handshake duration: 3.99 ms
Execution 195 - QUIC Single
Handshake duration: 4.10 ms
Execution 196 - QUIC Single
Handshake duration: 4.25 ms
Execution 197 - QUIC Single
Handshake duration: 5.35 ms
Execution 198 - QUIC Single
Handshake duration: 4.51 ms
Execution 199 - QUIC Single
Handshake duration: 5.36 ms
Execution 200 - QUIC Single
Handshake duration: 5.30 ms
Execution 201 - QUIC Single
Handshake duration: 5.32 ms
Execution 202 - QUIC Single
Handshake duration: 4.05 ms
Execution 203 - QUIC Single
Handshake duration: 4.09 ms
Execution 204 - QUIC Single
Handshake duration: 4.08 ms
Execution 205 - QUIC Single
Handshake duration: 4.06 ms
Execution 206 - QUIC Single
Handshake duration: 4.00 ms
Execution 207 - QUIC Single
Handshake duration: 4.40 ms
Execution 208 - QUIC Single
Handshake duration: 5.21 ms
Execution 209 - QUIC Single
Handshake duration: 4.51 ms
Execution 210 - QUIC Single
Handshake duration: 4.12 ms
Execution 211 - QUIC Single
Handshake duration: 4.04 ms
Execution 212 - QUIC Single
Handshake duration: 4.12 ms
Execution 213 - QUIC Single
Handshake duration: 5.21 ms
Execution 214 - QUIC Single
Handshake duration: 4.06 ms
Execution 215 - QUIC Single
Handshake duration: 5.44 ms
Execution 216 - QUIC Single
Handshake duration: 4.32 ms
Execution 217 - QUIC Single
Handshake duration: 4.23 ms
Execution 218 - QUIC Single
Handshake duration: 4.33 ms
Execution 219 - QUIC Single
Handshake duration: 5.21 ms
Execution 220 - QUIC Single
Handshake duration: 4.66 ms
Execution 221 - QUIC Single
Handshake duration: 4.48 ms
Execution 222 - QUIC Single
Handshake duration: 4.56 ms
Execution 223 - QUIC Single
Handshake duration: 4.11 ms
Execution 224 - QUIC Single
Handshake duration: 4.05 ms
Execution 225 - QUIC Single
Handshake duration: 4.01 ms
Execution 226 - QUIC Single
Handshake duration: 5.08 ms
Execution 227 - QUIC Single
Handshake duration: 4.36 ms
Execution 228 - QUIC Single
Handshake duration: 4.18 ms
Execution 229 - QUIC Single
Handshake duration: 4.14 ms
Execution 230 - QUIC Single
Handshake duration: 4.22 ms
Execution 231 - QUIC Single
Handshake duration: 3.98 ms
Execution 232 - QUIC Single
Handshake duration: 5.24 ms
Execution 233 - QUIC Single
Handshake duration: 4.22 ms
Execution 234 - QUIC Single
Handshake duration: 4.27 ms
Execution 235 - QUIC Single
Handshake duration: 5.28 ms
Execution 236 - QUIC Single
Handshake duration: 4.03 ms
Execution 237 - QUIC Single
Handshake duration: 4.20 ms
Execution 238 - QUIC Single
Handshake duration: 4.35 ms
Execution 239 - QUIC Single
Handshake duration: 4.04 ms
Execution 240 - QUIC Single
Handshake duration: 4.08 ms
Execution 241 - QUIC Single
Handshake duration: 3.97 ms
Execution 242 - QUIC Single
Handshake duration: 4.45 ms
Execution 243 - QUIC Single
Handshake duration: 4.08 ms
Execution 244 - QUIC Single
Handshake duration: 4.21 ms
Execution 245 - QUIC Single
Handshake duration: 4.27 ms
Execution 246 - QUIC Single
Handshake duration: 4.03 ms
Execution 247 - QUIC Single
Handshake duration: 4.04 ms
Execution 248 - QUIC Single
Handshake duration: 4.07 ms
Execution 249 - QUIC Single
Handshake duration: 4.10 ms
Execution 250 - QUIC Single
Handshake duration: 4.26 ms
Execution 251 - QUIC Single
Handshake duration: 5.12 ms
Execution 252 - QUIC Single
Handshake duration: 4.38 ms
Execution 253 - QUIC Single
Handshake duration: 5.21 ms
Execution 254 - QUIC Single
Handshake duration: 4.05 ms
Execution 255 - QUIC Single
Handshake duration: 4.57 ms
Execution 256 - QUIC Single
Handshake duration: 4.32 ms
Execution 257 - QUIC Single
Handshake duration: 4.03 ms
Execution 258 - QUIC Single
Handshake duration: 5.09 ms
Execution 259 - QUIC Single
Handshake duration: 5.18 ms
Execution 260 - QUIC Single
Handshake duration: 3.90 ms
Execution 261 - QUIC Single
Handshake duration: 4.24 ms
Execution 262 - QUIC Single
Handshake duration: 4.29 ms
Execution 263 - QUIC Single
Handshake duration: 4.26 ms
Execution 264 - QUIC Single
Handshake duration: 4.44 ms
Execution 265 - QUIC Single
Handshake duration: 4.09 ms
Execution 266 - QUIC Single
Handshake duration: 4.03 ms
Execution 267 - QUIC Single
Handshake duration: 4.02 ms
Execution 268 - QUIC Single
Handshake duration: 4.15 ms
Execution 269 - QUIC Single
Handshake duration: 4.62 ms
Execution 270 - QUIC Single
Handshake duration: 4.08 ms
Execution 271 - QUIC Single
Handshake duration: 4.37 ms
Execution 272 - QUIC Single
Handshake duration: 4.06 ms
Execution 273 - QUIC Single
Handshake duration: 4.13 ms
Execution 274 - QUIC Single
Handshake duration: 4.03 ms
Execution 275 - QUIC Single
Handshake duration: 4.22 ms
Execution 276 - QUIC Single
Handshake duration: 4.10 ms
Execution 277 - QUIC Single
Handshake duration: 4.17 ms
Execution 278 - QUIC Single
Handshake duration: 4.11 ms
Execution 279 - QUIC Single
Handshake duration: 4.10 ms
Execution 280 - QUIC Single
Handshake duration: 4.09 ms
Execution 281 - QUIC Single
Handshake duration: 4.03 ms
Execution 282 - QUIC Single
Handshake duration: 5.20 ms
Execution 283 - QUIC Single
Handshake duration: 5.17 ms
Execution 284 - QUIC Single
Handshake duration: 4.04 ms
Execution 285 - QUIC Single
Handshake duration: 5.20 ms
Execution 286 - QUIC Single
Handshake duration: 4.07 ms
Execution 287 - QUIC Single
Handshake duration: 3.99 ms
Execution 288 - QUIC Single
Handshake duration: 4.16 ms
Execution 289 - QUIC Single
Handshake duration: 4.01 ms
Execution 290 - QUIC Single
Handshake duration: 4.40 ms
Execution 291 - QUIC Single
Handshake duration: 4.17 ms
Execution 292 - QUIC Single
Handshake duration: 5.16 ms
Execution 293 - QUIC Single
Handshake duration: 4.11 ms
Execution 294 - QUIC Single
Handshake duration: 5.29 ms
Execution 295 - QUIC Single
Handshake duration: 4.13 ms
Execution 296 - QUIC Single
Handshake duration: 4.21 ms
Execution 297 - QUIC Single
Handshake duration: 4.15 ms
Execution 298 - QUIC Single
Handshake duration: 4.32 ms
Execution 299 - QUIC Single
Handshake duration: 4.56 ms
Execution 300 - QUIC Single
Handshake duration: 4.50 ms
Execution 301 - QUIC Single
Handshake duration: 4.53 ms
Execution 302 - QUIC Single
Handshake duration: 4.50 ms
Execution 303 - QUIC Single
Handshake duration: 3.96 ms
Execution 304 - QUIC Single
Handshake duration: 4.26 ms
Execution 305 - QUIC Single
Handshake duration: 4.04 ms
Execution 306 - QUIC Single
Handshake duration: 5.53 ms
Execution 307 - QUIC Single
Handshake duration: 4.18 ms
Execution 308 - QUIC Single
Handshake duration: 3.89 ms
Execution 309 - QUIC Single
Handshake duration: 4.33 ms
Execution 310 - QUIC Single
Handshake duration: 4.50 ms
Execution 311 - QUIC Single
Handshake duration: 4.12 ms
Execution 312 - QUIC Single
Handshake duration: 4.01 ms
Execution 313 - QUIC Single
Handshake duration: 5.57 ms
Execution 314 - QUIC Single
Handshake duration: 4.18 ms
Execution 315 - QUIC Single
Handshake duration: 4.05 ms
Execution 316 - QUIC Single
Handshake duration: 5.31 ms
Execution 317 - QUIC Single
Handshake duration: 5.34 ms
Execution 318 - QUIC Single
Handshake duration: 4.05 ms
Execution 319 - QUIC Single
Handshake duration: 4.40 ms
Execution 320 - QUIC Single
Handshake duration: 4.08 ms
Execution 321 - QUIC Single
Handshake duration: 4.21 ms
Execution 322 - QUIC Single
Handshake duration: 4.97 ms
Execution 323 - QUIC Single
Handshake duration: 4.08 ms
Execution 324 - QUIC Single
Handshake duration: 4.48 ms
Execution 325 - QUIC Single
Handshake duration: 3.81 ms
Execution 326 - QUIC Single
Handshake duration: 4.08 ms
Execution 327 - QUIC Single
Handshake duration: 4.58 ms
Execution 328 - QUIC Single
Handshake duration: 4.11 ms
Execution 329 - QUIC Single
Handshake duration: 5.43 ms
Execution 330 - QUIC Single
Handshake duration: 5.13 ms
Execution 331 - QUIC Single
Handshake duration: 4.14 ms
Execution 332 - QUIC Single
Handshake duration: 4.26 ms
Execution 333 - QUIC Single
Handshake duration: 4.10 ms
Execution 334 - QUIC Single
Handshake duration: 5.87 ms
Execution 335 - QUIC Single
Handshake duration: 4.27 ms
Execution 336 - QUIC Single
Handshake duration: 4.01 ms
Execution 337 - QUIC Single
Handshake duration: 4.07 ms
Execution 338 - QUIC Single
Handshake duration: 3.87 ms
Execution 339 - QUIC Single
Handshake duration: 3.96 ms
Execution 340 - QUIC Single
Handshake duration: 4.14 ms
Execution 341 - QUIC Single
Handshake duration: 4.07 ms
Execution 342 - QUIC Single
Handshake duration: 5.13 ms
Execution 343 - QUIC Single
Handshake duration: 4.23 ms
Execution 344 - QUIC Single
Handshake duration: 4.43 ms
Execution 345 - QUIC Single
Handshake duration: 4.48 ms
Execution 346 - QUIC Single
Handshake duration: 5.25 ms
Execution 347 - QUIC Single
Handshake duration: 4.19 ms
Execution 348 - QUIC Single
Handshake duration: 4.18 ms
Execution 349 - QUIC Single
Handshake duration: 3.99 ms
Execution 350 - QUIC Single
Handshake duration: 4.19 ms
Execution 351 - QUIC Single
Handshake duration: 4.10 ms
Execution 352 - QUIC Single
Handshake duration: 4.02 ms
Execution 353 - QUIC Single
Handshake duration: 5.05 ms
Execution 354 - QUIC Single
Handshake duration: 4.16 ms
Execution 355 - QUIC Single
Handshake duration: 3.98 ms
Execution 356 - QUIC Single
Handshake duration: 4.14 ms
Execution 357 - QUIC Single
Handshake duration: 4.10 ms
Execution 358 - QUIC Single
Handshake duration: 4.10 ms
Execution 359 - QUIC Single
Handshake duration: 4.05 ms
Execution 360 - QUIC Single
Handshake duration: 4.30 ms
Execution 361 - QUIC Single
Handshake duration: 4.06 ms
Execution 362 - QUIC Single
Handshake duration: 4.21 ms
Execution 363 - QUIC Single
Handshake duration: 4.32 ms
Execution 364 - QUIC Single
Handshake duration: 5.29 ms
Execution 365 - QUIC Single
Handshake duration: 4.11 ms
Execution 366 - QUIC Single
Handshake duration: 4.45 ms
Execution 367 - QUIC Single
Handshake duration: 3.89 ms
Execution 368 - QUIC Single
Handshake duration: 5.17 ms
Execution 369 - QUIC Single
Handshake duration: 4.11 ms
Execution 370 - QUIC Single
Handshake duration: 4.48 ms
Execution 371 - QUIC Single
Handshake duration: 4.00 ms
Execution 372 - QUIC Single
Handshake duration: 4.08 ms
Execution 373 - QUIC Single
Handshake duration: 5.20 ms
Execution 374 - QUIC Single
Handshake duration: 4.17 ms
Execution 375 - QUIC Single
Handshake duration: 5.20 ms
Execution 376 - QUIC Single
Handshake duration: 5.65 ms
Execution 377 - QUIC Single
Handshake duration: 4.22 ms
Execution 378 - QUIC Single
Handshake duration: 4.18 ms
Execution 379 - QUIC Single
Handshake duration: 4.02 ms
Execution 380 - QUIC Single
Handshake duration: 3.99 ms
Execution 381 - QUIC Single
Handshake duration: 3.98 ms
Execution 382 - QUIC Single
Handshake duration: 4.05 ms
Execution 383 - QUIC Single
Handshake duration: 4.18 ms
Execution 384 - QUIC Single
Handshake duration: 4.16 ms
Execution 385 - QUIC Single
Handshake duration: 4.35 ms
Execution 386 - QUIC Single
Handshake duration: 4.18 ms
Execution 387 - QUIC Single
Handshake duration: 4.11 ms
Execution 388 - QUIC Single
Handshake duration: 4.10 ms
Execution 389 - QUIC Single
Handshake duration: 3.96 ms
Execution 390 - QUIC Single
Handshake duration: 3.95 ms
Execution 391 - QUIC Single
Handshake duration: 4.27 ms
Execution 392 - QUIC Single
Handshake duration: 4.09 ms
Execution 393 - QUIC Single
Handshake duration: 4.08 ms
Execution 394 - QUIC Single
Handshake duration: 5.51 ms
Execution 395 - QUIC Single
Handshake duration: 4.04 ms
Execution 396 - QUIC Single
Handshake duration: 4.22 ms
Execution 397 - QUIC Single
Handshake duration: 5.13 ms
Execution 398 - QUIC Single
Handshake duration: 4.39 ms
Execution 399 - QUIC Single
Handshake duration: 4.26 ms
Execution 400 - QUIC Single
Handshake duration: 5.07 ms
Execution 401 - QUIC Single
Handshake duration: 4.34 ms
Execution 402 - QUIC Single
Handshake duration: 5.29 ms
Execution 403 - QUIC Single
Handshake duration: 4.17 ms
Execution 404 - QUIC Single
Handshake duration: 4.36 ms
Execution 405 - QUIC Single
Handshake duration: 5.41 ms
Execution 406 - QUIC Single
Handshake duration: 4.19 ms
Execution 407 - QUIC Single
Handshake duration: 4.11 ms
Execution 408 - QUIC Single
Handshake duration: 4.07 ms
Execution 409 - QUIC Single
Handshake duration: 4.20 ms
Execution 410 - QUIC Single
Handshake duration: 4.22 ms
Execution 411 - QUIC Single
Handshake duration: 5.23 ms
Execution 412 - QUIC Single
Handshake duration: 4.67 ms
Execution 413 - QUIC Single
Handshake duration: 3.98 ms
Execution 414 - QUIC Single
Handshake duration: 4.11 ms
Execution 415 - QUIC Single
Handshake duration: 4.14 ms
Execution 416 - QUIC Single
Handshake duration: 5.10 ms
Execution 417 - QUIC Single
Handshake duration: 4.08 ms
Execution 418 - QUIC Single
Handshake duration: 4.28 ms
Execution 419 - QUIC Single
Handshake duration: 4.36 ms
Execution 420 - QUIC Single
Handshake duration: 4.07 ms
Execution 421 - QUIC Single
Handshake duration: 4.12 ms
Execution 422 - QUIC Single
Handshake duration: 4.14 ms
Execution 423 - QUIC Single
Handshake duration: 4.18 ms
Execution 424 - QUIC Single
Handshake duration: 5.60 ms
Execution 425 - QUIC Single
Handshake duration: 4.47 ms
Execution 426 - QUIC Single
Handshake duration: 4.11 ms
Execution 427 - QUIC Single
Handshake duration: 3.94 ms
Execution 428 - QUIC Single
Handshake duration: 3.98 ms
Execution 429 - QUIC Single
Handshake duration: 4.23 ms
Execution 430 - QUIC Single
Handshake duration: 4.17 ms
Execution 431 - QUIC Single
Handshake duration: 4.05 ms
Execution 432 - QUIC Single
Handshake duration: 4.00 ms
Execution 433 - QUIC Single
Handshake duration: 4.16 ms
Execution 434 - QUIC Single
Handshake duration: 4.03 ms
Execution 435 - QUIC Single
Handshake duration: 4.04 ms
Execution 436 - QUIC Single
Handshake duration: 5.15 ms
Execution 437 - QUIC Single
Handshake duration: 4.18 ms
Execution 438 - QUIC Single
Handshake duration: 4.16 ms
Execution 439 - QUIC Single
Handshake duration: 5.14 ms
Execution 440 - QUIC Single
Handshake duration: 3.93 ms
Execution 441 - QUIC Single
Handshake duration: 4.12 ms
Execution 442 - QUIC Single
Handshake duration: 4.09 ms
Execution 443 - QUIC Single
Handshake duration: 4.21 ms
Execution 444 - QUIC Single
Handshake duration: 4.51 ms
Execution 445 - QUIC Single
Handshake duration: 4.24 ms
Execution 446 - QUIC Single
Handshake duration: 3.97 ms
Execution 447 - QUIC Single
Handshake duration: 3.91 ms
Execution 448 - QUIC Single
Handshake duration: 4.19 ms
Execution 449 - QUIC Single
Handshake duration: 5.13 ms
Execution 450 - QUIC Single
Handshake duration: 4.08 ms
Execution 451 - QUIC Single
Handshake duration: 4.18 ms
Execution 452 - QUIC Single
Handshake duration: 4.43 ms
Execution 453 - QUIC Single
Handshake duration: 4.82 ms
Execution 454 - QUIC Single
Handshake duration: 4.26 ms
Execution 455 - QUIC Single
Handshake duration: 4.10 ms
Execution 456 - QUIC Single
Handshake duration: 3.98 ms
Execution 457 - QUIC Single
Handshake duration: 4.18 ms
Execution 458 - QUIC Single
Handshake duration: 5.15 ms
Execution 459 - QUIC Single
Handshake duration: 4.08 ms
Execution 460 - QUIC Single
Handshake duration: 4.15 ms
Execution 461 - QUIC Single
Handshake duration: 4.13 ms
Execution 462 - QUIC Single
Handshake duration: 4.73 ms
Execution 463 - QUIC Single
Handshake duration: 4.39 ms
Execution 464 - QUIC Single
Handshake duration: 5.19 ms
Execution 465 - QUIC Single
Handshake duration: 4.10 ms
Execution 466 - QUIC Single
Handshake duration: 4.01 ms
Execution 467 - QUIC Single
Handshake duration: 3.97 ms
Execution 468 - QUIC Single
Handshake duration: 5.14 ms
Execution 469 - QUIC Single
Handshake duration: 4.05 ms
Execution 470 - QUIC Single
Handshake duration: 4.29 ms
Execution 471 - QUIC Single
Handshake duration: 4.17 ms
Execution 472 - QUIC Single
Handshake duration: 4.01 ms
Execution 473 - QUIC Single
Handshake duration: 3.99 ms
Execution 474 - QUIC Single
Handshake duration: 4.13 ms
Execution 475 - QUIC Single
Handshake duration: 5.14 ms
Execution 476 - QUIC Single
Handshake duration: 4.07 ms
Execution 477 - QUIC Single
Handshake duration: 4.11 ms
Execution 478 - QUIC Single
Handshake duration: 5.29 ms
Execution 479 - QUIC Single
Handshake duration: 4.01 ms
Execution 480 - QUIC Single
Handshake duration: 3.99 ms
Execution 481 - QUIC Single
Handshake duration: 4.54 ms
Execution 482 - QUIC Single
Handshake duration: 3.96 ms
Execution 483 - QUIC Single
Handshake duration: 4.09 ms
Execution 484 - QUIC Single
Handshake duration: 4.15 ms
Execution 485 - QUIC Single
Handshake duration: 5.24 ms
Execution 486 - QUIC Single
Handshake duration: 4.06 ms
Execution 487 - QUIC Single
Handshake duration: 3.90 ms
Execution 488 - QUIC Single
Handshake duration: 3.92 ms
Execution 489 - QUIC Single
Handshake duration: 4.08 ms
Execution 490 - QUIC Single
Handshake duration: 4.08 ms
Execution 491 - QUIC Single
Handshake duration: 3.96 ms
Execution 492 - QUIC Single
Handshake duration: 4.36 ms
Execution 493 - QUIC Single
Handshake duration: 4.32 ms
Execution 494 - QUIC Single
Handshake duration: 4.20 ms
Execution 495 - QUIC Single
Handshake duration: 5.16 ms
Execution 496 - QUIC Single
Handshake duration: 3.98 ms
Execution 497 - QUIC Single
Handshake duration: 3.82 ms
Execution 498 - QUIC Single
Handshake duration: 4.12 ms
Execution 499 - QUIC Single
Handshake duration: 4.44 ms
Execution 500 - QUIC Single
Handshake duration: 4.18 ms
     Waiting  ... 
   Shutting down server and impairments...

****************
  -> KEM: x448

    Executing docker Server...
servidor
cliente
./Launcherv3_pq_hqc_ge_rerun.sh : ligne 309 : 104816 Processus arrêté      /usr/local/bin/pumba netem --duration 1h --interface $NETIF loss-gemodel --pg "${args[0]}" --pb "${args[1]}" --one-h "${args[2]}" --one-k "${args[3]}" "$OQS_SERVER"
64993c513c6f23206aebaf310dbf5b167180f3018883f0b04d25f8f355407b80
    Buscando IP.. 
    IP..  172.18.0.2
   ↳ Applying unstable network profile (loss-gemodel pg20 pb40 h90 k20)
   ✔ Pumba PID 109670 confirmed running (SIG=mldsa65 KEM=x448 PROTO=quic)
    Executing docker Client... 172.18.0.2
3f579c11984521d1e3f67ac0a2ad52a4ee2601527479868ea13a36ea51fe3e9b
cliente
     Docker cliente executed ... 

**************************
     Executing test  ... 
Applying netem rules to lo...
Showing qdisc status for the interface: lo
qdisc netem 802a: root refcnt 2 limit 1000 seed 282183256265602772
 Sent 0 bytes 0 pkt (dropped 0, overlimits 0 requeues 0) 
 backlog 0b 0p requeues 0
Running ./perftestClientTlsQuic.sh with SIG_ALG=mldsa65 and KEM_ALG=x448
Execution 1 - QUIC Single
Handshake duration: 4.30 ms
Execution 2 - QUIC Single
Handshake duration: 2.79 ms
Execution 3 - QUIC Single
Handshake duration: 2.74 ms
Execution 4 - QUIC Single
Handshake duration: 3.31 ms
Execution 5 - QUIC Single
Handshake duration: 2.71 ms
Execution 6 - QUIC Single
Handshake duration: 2.78 ms
Execution 7 - QUIC Single
Handshake duration: 2.56 ms
Execution 8 - QUIC Single
Handshake duration: 2.68 ms
Execution 9 - QUIC Single
Handshake duration: 2.71 ms
Execution 10 - QUIC Single
Handshake duration: 2.89 ms
Execution 11 - QUIC Single
Handshake duration: 2.77 ms
Execution 12 - QUIC Single
Handshake duration: 2.61 ms
Execution 13 - QUIC Single
Handshake duration: 2.76 ms
Execution 14 - QUIC Single
Handshake duration: 2.84 ms
Execution 15 - QUIC Single
Handshake duration: 2.56 ms
Execution 16 - QUIC Single
Handshake duration: 3.47 ms
Execution 17 - QUIC Single
Handshake duration: 2.53 ms
Execution 18 - QUIC Single
Handshake duration: 2.63 ms
Execution 19 - QUIC Single
Handshake duration: 2.85 ms
Execution 20 - QUIC Single
Handshake duration: 2.54 ms
Execution 21 - QUIC Single
Handshake duration: 2.69 ms
Execution 22 - QUIC Single
Handshake duration: 2.67 ms
Execution 23 - QUIC Single
Handshake duration: 3.22 ms
Execution 24 - QUIC Single
Handshake duration: 2.91 ms
Execution 25 - QUIC Single
Handshake duration: 3.10 ms
Execution 26 - QUIC Single
Handshake duration: 2.89 ms
Execution 27 - QUIC Single
Handshake duration: 2.46 ms
Execution 28 - QUIC Single
Handshake duration: 2.50 ms
Execution 29 - QUIC Single
Handshake duration: 2.63 ms
Execution 30 - QUIC Single
Handshake duration: 2.62 ms
Execution 31 - QUIC Single
Handshake duration: 2.95 ms
Execution 32 - QUIC Single
Handshake duration: 2.62 ms
Execution 33 - QUIC Single
Handshake duration: 2.87 ms
Execution 34 - QUIC Single
Handshake duration: 2.60 ms
Execution 35 - QUIC Single
Handshake duration: 2.66 ms
Execution 36 - QUIC Single
Handshake duration: 2.90 ms
Execution 37 - QUIC Single
Handshake duration: 3.41 ms
Execution 38 - QUIC Single
Handshake duration: 2.52 ms
Execution 39 - QUIC Single
Handshake duration: 2.53 ms
Execution 40 - QUIC Single
Handshake duration: 3.02 ms
Execution 41 - QUIC Single
Handshake duration: 2.63 ms
Execution 42 - QUIC Single
Handshake duration: 2.73 ms
Execution 43 - QUIC Single
Handshake duration: 2.74 ms
Execution 44 - QUIC Single
Handshake duration: 2.84 ms
Execution 45 - QUIC Single
Handshake duration: 2.95 ms
Execution 46 - QUIC Single
Handshake duration: 2.57 ms
Execution 47 - QUIC Single
Handshake duration: 2.52 ms
Execution 48 - QUIC Single
Handshake duration: 3.11 ms
Execution 49 - QUIC Single
Handshake duration: 2.83 ms
Execution 50 - QUIC Single
Handshake duration: 2.48 ms
Execution 51 - QUIC Single
Handshake duration: 3.29 ms
Execution 52 - QUIC Single
Handshake duration: 2.66 ms
Execution 53 - QUIC Single
Handshake duration: 3.23 ms
Execution 54 - QUIC Single
Handshake duration: 2.69 ms
Execution 55 - QUIC Single
Handshake duration: 2.62 ms
Execution 56 - QUIC Single
Handshake duration: 2.83 ms
Execution 57 - QUIC Single
Handshake duration: 3.10 ms
Execution 58 - QUIC Single
Handshake duration: 2.75 ms
Execution 59 - QUIC Single
Handshake duration: 2.65 ms
Execution 60 - QUIC Single
Handshake duration: 2.81 ms
Execution 61 - QUIC Single
Handshake duration: 2.82 ms
Execution 62 - QUIC Single
Handshake duration: 2.75 ms
Execution 63 - QUIC Single
Handshake duration: 3.40 ms
Execution 64 - QUIC Single
Handshake duration: 2.77 ms
Execution 65 - QUIC Single
Handshake duration: 2.85 ms
Execution 66 - QUIC Single
Handshake duration: 2.71 ms
Execution 67 - QUIC Single
Handshake duration: 2.61 ms
Execution 68 - QUIC Single
Handshake duration: 3.24 ms
Execution 69 - QUIC Single
Handshake duration: 3.39 ms
Execution 70 - QUIC Single
Handshake duration: 2.81 ms
Execution 71 - QUIC Single
Handshake duration: 3.42 ms
Execution 72 - QUIC Single
Handshake duration: 2.83 ms
Execution 73 - QUIC Single
Handshake duration: 3.37 ms
Execution 74 - QUIC Single
Handshake duration: 2.69 ms
Execution 75 - QUIC Single
Handshake duration: 3.37 ms
Execution 76 - QUIC Single
Handshake duration: 2.72 ms
Execution 77 - QUIC Single
Handshake duration: 2.49 ms
Execution 78 - QUIC Single
Handshake duration: 2.85 ms
Execution 79 - QUIC Single
Handshake duration: 3.16 ms
Execution 80 - QUIC Single
Handshake duration: 2.58 ms
Execution 81 - QUIC Single
Handshake duration: 2.54 ms
Execution 82 - QUIC Single
Handshake duration: 3.34 ms
Execution 83 - QUIC Single
Handshake duration: 2.78 ms
Execution 84 - QUIC Single
Handshake duration: 2.68 ms
Execution 85 - QUIC Single
Handshake duration: 3.20 ms
Execution 86 - QUIC Single
Handshake duration: 2.62 ms
Execution 87 - QUIC Single
Handshake duration: 3.03 ms
Execution 88 - QUIC Single
Handshake duration: 3.67 ms
Execution 89 - QUIC Single
Handshake duration: 2.90 ms
Execution 90 - QUIC Single
Handshake duration: 3.53 ms
Execution 91 - QUIC Single
Handshake duration: 2.60 ms
Execution 92 - QUIC Single
Handshake duration: 3.42 ms
Execution 93 - QUIC Single
Handshake duration: 2.79 ms
Execution 94 - QUIC Single
Handshake duration: 2.71 ms
Execution 95 - QUIC Single
Handshake duration: 2.74 ms
Execution 96 - QUIC Single
Handshake duration: 2.77 ms
Execution 97 - QUIC Single
Handshake duration: 3.39 ms
Execution 98 - QUIC Single
Handshake duration: 2.57 ms
Execution 99 - QUIC Single
Handshake duration: 2.55 ms
Execution 100 - QUIC Single
Handshake duration: 2.65 ms
Execution 101 - QUIC Single
Handshake duration: 2.65 ms
Execution 102 - QUIC Single
Handshake duration: 2.77 ms
Execution 103 - QUIC Single
Handshake duration: 2.64 ms
Execution 104 - QUIC Single
Handshake duration: 2.79 ms
Execution 105 - QUIC Single
Handshake duration: 2.77 ms
Execution 106 - QUIC Single
Handshake duration: 3.37 ms
Execution 107 - QUIC Single
Handshake duration: 2.83 ms
Execution 108 - QUIC Single
Handshake duration: 2.50 ms
Execution 109 - QUIC Single
Handshake duration: 2.95 ms
Execution 110 - QUIC Single
Handshake duration: 2.72 ms
Execution 111 - QUIC Single
Handshake duration: 2.94 ms
Execution 112 - QUIC Single
Handshake duration: 3.36 ms
Execution 113 - QUIC Single
Handshake duration: 3.55 ms
Execution 114 - QUIC Single
Handshake duration: 3.16 ms
Execution 115 - QUIC Single
Handshake duration: 2.75 ms
Execution 116 - QUIC Single
Handshake duration: 2.89 ms
Execution 117 - QUIC Single
Handshake duration: 4.00 ms
Execution 118 - QUIC Single
Handshake duration: 2.85 ms
Execution 119 - QUIC Single
Handshake duration: 2.58 ms
Execution 120 - QUIC Single
Handshake duration: 2.56 ms
Execution 121 - QUIC Single
Handshake duration: 2.73 ms
Execution 122 - QUIC Single
Handshake duration: 2.85 ms
Execution 123 - QUIC Single
Handshake duration: 2.70 ms
Execution 124 - QUIC Single
Handshake duration: 3.37 ms
Execution 125 - QUIC Single
Handshake duration: 2.84 ms
Execution 126 - QUIC Single
Handshake duration: 2.63 ms
Execution 127 - QUIC Single
Handshake duration: 2.68 ms
Execution 128 - QUIC Single
Handshake duration: 2.70 ms
Execution 129 - QUIC Single
Handshake duration: 2.86 ms
Execution 130 - QUIC Single
Handshake duration: 2.83 ms
Execution 131 - QUIC Single
Handshake duration: 2.56 ms
Execution 132 - QUIC Single
Handshake duration: 2.83 ms
Execution 133 - QUIC Single
Handshake duration: 3.01 ms
Execution 134 - QUIC Single
Handshake duration: 2.63 ms
Execution 135 - QUIC Single
Handshake duration: 2.52 ms
Execution 136 - QUIC Single
Handshake duration: 2.78 ms
Execution 137 - QUIC Single
Handshake duration: 2.75 ms
Execution 138 - QUIC Single
Handshake duration: 3.38 ms
Execution 139 - QUIC Single
Handshake duration: 2.52 ms
Execution 140 - QUIC Single
Handshake duration: 2.71 ms
Execution 141 - QUIC Single
Handshake duration: 3.49 ms
Execution 142 - QUIC Single
Handshake duration: 2.78 ms
Execution 143 - QUIC Single
Handshake duration: 3.47 ms
Execution 144 - QUIC Single
Handshake duration: 2.79 ms
Execution 145 - QUIC Single
Handshake duration: 2.89 ms
Execution 146 - QUIC Single
Handshake duration: 2.69 ms
Execution 147 - QUIC Single
Handshake duration: 3.46 ms
Execution 148 - QUIC Single
Handshake duration: 2.65 ms
Execution 149 - QUIC Single
Handshake duration: 2.54 ms
Execution 150 - QUIC Single
Handshake duration: 3.65 ms
Execution 151 - QUIC Single
Handshake duration: 2.67 ms
Execution 152 - QUIC Single
Handshake duration: 2.60 ms
Execution 153 - QUIC Single
Handshake duration: 3.28 ms
Execution 154 - QUIC Single
Handshake duration: 2.61 ms
Execution 155 - QUIC Single
Handshake duration: 3.37 ms
Execution 156 - QUIC Single
Handshake duration: 2.62 ms
Execution 157 - QUIC Single
Handshake duration: 2.76 ms
Execution 158 - QUIC Single
Handshake duration: 2.80 ms
Execution 159 - QUIC Single
Handshake duration: 2.64 ms
Execution 160 - QUIC Single
Handshake duration: 2.87 ms
Execution 161 - QUIC Single
Handshake duration: 2.86 ms
Execution 162 - QUIC Single
Handshake duration: 2.61 ms
Execution 163 - QUIC Single
Handshake duration: 2.70 ms
Execution 164 - QUIC Single
Handshake duration: 2.65 ms
Execution 165 - QUIC Single
Handshake duration: 2.78 ms
Execution 166 - QUIC Single
Handshake duration: 2.63 ms
Execution 167 - QUIC Single
Handshake duration: 2.63 ms
Execution 168 - QUIC Single
Handshake duration: 2.78 ms
Execution 169 - QUIC Single
Handshake duration: 2.87 ms
Execution 170 - QUIC Single
Handshake duration: 2.66 ms
Execution 171 - QUIC Single
Handshake duration: 3.24 ms
Execution 172 - QUIC Single
Handshake duration: 2.78 ms
Execution 173 - QUIC Single
Handshake duration: 2.64 ms
Execution 174 - QUIC Single
Handshake duration: 3.70 ms
Execution 175 - QUIC Single
Handshake duration: 2.91 ms
Execution 176 - QUIC Single
Handshake duration: 2.61 ms
Execution 177 - QUIC Single
Handshake duration: 2.71 ms
Execution 178 - QUIC Single
Handshake duration: 2.73 ms
Execution 179 - QUIC Single
Handshake duration: 3.09 ms
Execution 180 - QUIC Single
Handshake duration: 2.60 ms
Execution 181 - QUIC Single
Handshake duration: 2.98 ms
Execution 182 - QUIC Single
Handshake duration: 2.65 ms
Execution 183 - QUIC Single
Handshake duration: 2.88 ms
Execution 184 - QUIC Single
Handshake duration: 2.76 ms
Execution 185 - QUIC Single
Handshake duration: 2.45 ms
Execution 186 - QUIC Single
Handshake duration: 2.55 ms
Execution 187 - QUIC Single
Handshake duration: 2.65 ms
Execution 188 - QUIC Single
Handshake duration: 3.34 ms
Execution 189 - QUIC Single
Handshake duration: 3.16 ms
Execution 190 - QUIC Single
Handshake duration: 2.71 ms
Execution 191 - QUIC Single
Handshake duration: 3.34 ms
Execution 192 - QUIC Single
Handshake duration: 2.58 ms
Execution 193 - QUIC Single
Handshake duration: 3.73 ms
Execution 194 - QUIC Single
Handshake duration: 3.22 ms
Execution 195 - QUIC Single
Handshake duration: 2.62 ms
Execution 196 - QUIC Single
Handshake duration: 2.71 ms
Execution 197 - QUIC Single
Handshake duration: 2.63 ms
Execution 198 - QUIC Single
Handshake duration: 3.50 ms
Execution 199 - QUIC Single
Handshake duration: 2.85 ms
Execution 200 - QUIC Single
Handshake duration: 3.46 ms
Execution 201 - QUIC Single
Handshake duration: 2.79 ms
Execution 202 - QUIC Single
Handshake duration: 2.62 ms
Execution 203 - QUIC Single
Handshake duration: 3.58 ms
Execution 204 - QUIC Single
Handshake duration: 2.60 ms
Execution 205 - QUIC Single
Handshake duration: 2.71 ms
Execution 206 - QUIC Single
Handshake duration: 2.73 ms
Execution 207 - QUIC Single
Handshake duration: 2.66 ms
Execution 208 - QUIC Single
Handshake duration: 2.81 ms
Execution 209 - QUIC Single
Handshake duration: 2.46 ms
Execution 210 - QUIC Single
Handshake duration: 2.68 ms
Execution 211 - QUIC Single
Handshake duration: 3.06 ms
Execution 212 - QUIC Single
Handshake duration: 2.77 ms
Execution 213 - QUIC Single
Handshake duration: 3.29 ms
Execution 214 - QUIC Single
Handshake duration: 3.03 ms
Execution 215 - QUIC Single
Handshake duration: 3.39 ms
Execution 216 - QUIC Single
Handshake duration: 3.33 ms
Execution 217 - QUIC Single
Handshake duration: 3.51 ms
Execution 218 - QUIC Single
Handshake duration: 2.65 ms
Execution 219 - QUIC Single
Handshake duration: 3.35 ms
Execution 220 - QUIC Single
Handshake duration: 2.67 ms
Execution 221 - QUIC Single
Handshake duration: 3.48 ms
Execution 222 - QUIC Single
Handshake duration: 2.67 ms
Execution 223 - QUIC Single
Handshake duration: 2.55 ms
Execution 224 - QUIC Single
Handshake duration: 2.85 ms
Execution 225 - QUIC Single
Handshake duration: 2.52 ms
Execution 226 - QUIC Single
Handshake duration: 2.66 ms
Execution 227 - QUIC Single
Handshake duration: 2.76 ms
Execution 228 - QUIC Single
Handshake duration: 2.71 ms
Execution 229 - QUIC Single
Handshake duration: 3.68 ms
Execution 230 - QUIC Single
Handshake duration: 2.50 ms
Execution 231 - QUIC Single
Handshake duration: 2.50 ms
Execution 232 - QUIC Single
Handshake duration: 2.56 ms
Execution 233 - QUIC Single
Handshake duration: 2.69 ms
Execution 234 - QUIC Single
Handshake duration: 2.95 ms
Execution 235 - QUIC Single
Handshake duration: 2.57 ms
Execution 236 - QUIC Single
Handshake duration: 3.17 ms
Execution 237 - QUIC Single
Handshake duration: 2.57 ms
Execution 238 - QUIC Single
Handshake duration: 3.01 ms
Execution 239 - QUIC Single
Handshake duration: 2.85 ms
Execution 240 - QUIC Single
Handshake duration: 2.57 ms
Execution 241 - QUIC Single
Handshake duration: 2.71 ms
Execution 242 - QUIC Single
Handshake duration: 2.87 ms
Execution 243 - QUIC Single
Handshake duration: 2.75 ms
Execution 244 - QUIC Single
Handshake duration: 2.61 ms
Execution 245 - QUIC Single
Handshake duration: 2.68 ms
Execution 246 - QUIC Single
Handshake duration: 2.77 ms
Execution 247 - QUIC Single
Handshake duration: 2.77 ms
Execution 248 - QUIC Single
Handshake duration: 3.07 ms
Execution 249 - QUIC Single
Handshake duration: 2.82 ms
Execution 250 - QUIC Single
Handshake duration: 3.04 ms
Execution 251 - QUIC Single
Handshake duration: 2.59 ms
Execution 252 - QUIC Single
Handshake duration: 2.91 ms
Execution 253 - QUIC Single
Handshake duration: 2.78 ms
Execution 254 - QUIC Single
Handshake duration: 3.26 ms
Execution 255 - QUIC Single
Handshake duration: 2.62 ms
Execution 256 - QUIC Single
Handshake duration: 3.05 ms
Execution 257 - QUIC Single
Handshake duration: 2.48 ms
Execution 258 - QUIC Single
Handshake duration: 2.64 ms
Execution 259 - QUIC Single
Handshake duration: 2.68 ms
Execution 260 - QUIC Single
Handshake duration: 2.56 ms
Execution 261 - QUIC Single
Handshake duration: 3.89 ms
Execution 262 - QUIC Single
Handshake duration: 3.37 ms
Execution 263 - QUIC Single
Handshake duration: 2.53 ms
Execution 264 - QUIC Single
Handshake duration: 2.82 ms
Execution 265 - QUIC Single
Handshake duration: 2.81 ms
Execution 266 - QUIC Single
Handshake duration: 2.81 ms
Execution 267 - QUIC Single
Handshake duration: 2.59 ms
Execution 268 - QUIC Single
Handshake duration: 2.70 ms
Execution 269 - QUIC Single
Handshake duration: 2.68 ms
Execution 270 - QUIC Single
Handshake duration: 2.77 ms
Execution 271 - QUIC Single
Handshake duration: 2.90 ms
Execution 272 - QUIC Single
Handshake duration: 2.67 ms
Execution 273 - QUIC Single
Handshake duration: 2.59 ms
Execution 274 - QUIC Single
Handshake duration: 2.68 ms
Execution 275 - QUIC Single
Handshake duration: 3.30 ms
Execution 276 - QUIC Single
Handshake duration: 2.61 ms
Execution 277 - QUIC Single
Handshake duration: 3.32 ms
Execution 278 - QUIC Single
Handshake duration: 2.79 ms
Execution 279 - QUIC Single
Handshake duration: 2.67 ms
Execution 280 - QUIC Single
Handshake duration: 2.77 ms
Execution 281 - QUIC Single
Handshake duration: 2.54 ms
Execution 282 - QUIC Single
Handshake duration: 2.78 ms
Execution 283 - QUIC Single
Handshake duration: 2.55 ms
Execution 284 - QUIC Single
Handshake duration: 2.76 ms
Execution 285 - QUIC Single
Handshake duration: 3.05 ms
Execution 286 - QUIC Single
Handshake duration: 2.69 ms
Execution 287 - QUIC Single
Handshake duration: 2.66 ms
Execution 288 - QUIC Single
Handshake duration: 3.18 ms
Execution 289 - QUIC Single
Handshake duration: 2.85 ms
Execution 290 - QUIC Single
Handshake duration: 2.73 ms
Execution 291 - QUIC Single
Handshake duration: 2.77 ms
Execution 292 - QUIC Single
Handshake duration: 2.91 ms
Execution 293 - QUIC Single
Handshake duration: 2.64 ms
Execution 294 - QUIC Single
Handshake duration: 2.80 ms
Execution 295 - QUIC Single
Handshake duration: 2.68 ms
Execution 296 - QUIC Single
Handshake duration: 3.29 ms
Execution 297 - QUIC Single
Handshake duration: 3.37 ms
Execution 298 - QUIC Single
Handshake duration: 3.24 ms
Execution 299 - QUIC Single
Handshake duration: 2.92 ms
Execution 300 - QUIC Single
Handshake duration: 3.08 ms
Execution 301 - QUIC Single
Handshake duration: 2.85 ms
Execution 302 - QUIC Single
Handshake duration: 2.71 ms
Execution 303 - QUIC Single
Handshake duration: 2.52 ms
Execution 304 - QUIC Single
Handshake duration: 2.75 ms
Execution 305 - QUIC Single
Handshake duration: 2.67 ms
Execution 306 - QUIC Single
Handshake duration: 2.66 ms
Execution 307 - QUIC Single
Handshake duration: 3.31 ms
Execution 308 - QUIC Single
Handshake duration: 2.95 ms
Execution 309 - QUIC Single
Handshake duration: 2.78 ms
Execution 310 - QUIC Single
Handshake duration: 2.73 ms
Execution 311 - QUIC Single
Handshake duration: 2.68 ms
Execution 312 - QUIC Single
Handshake duration: 2.76 ms
Execution 313 - QUIC Single
Handshake duration: 2.81 ms
Execution 314 - QUIC Single
Handshake duration: 3.50 ms
Execution 315 - QUIC Single
Handshake duration: 3.33 ms
Execution 316 - QUIC Single
Handshake duration: 2.55 ms
Execution 317 - QUIC Single
Handshake duration: 3.31 ms
Execution 318 - QUIC Single
Handshake duration: 2.61 ms
Execution 319 - QUIC Single
Handshake duration: 2.58 ms
Execution 320 - QUIC Single
Handshake duration: 2.73 ms
Execution 321 - QUIC Single
Handshake duration: 3.39 ms
Execution 322 - QUIC Single
Handshake duration: 2.62 ms
Execution 323 - QUIC Single
Handshake duration: 2.64 ms
Execution 324 - QUIC Single
Handshake duration: 2.62 ms
Execution 325 - QUIC Single
Handshake duration: 3.38 ms
Execution 326 - QUIC Single
Handshake duration: 2.75 ms
Execution 327 - QUIC Single
Handshake duration: 2.69 ms
Execution 328 - QUIC Single
Handshake duration: 3.29 ms
Execution 329 - QUIC Single
Handshake duration: 2.83 ms
Execution 330 - QUIC Single
Handshake duration: 2.66 ms
Execution 331 - QUIC Single
Handshake duration: 2.80 ms
Execution 332 - QUIC Single
Handshake duration: 2.55 ms
Execution 333 - QUIC Single
Handshake duration: 3.05 ms
Execution 334 - QUIC Single
Handshake duration: 2.79 ms
Execution 335 - QUIC Single
Handshake duration: 2.86 ms
Execution 336 - QUIC Single
Handshake duration: 2.58 ms
Execution 337 - QUIC Single
Handshake duration: 2.93 ms
Execution 338 - QUIC Single
Handshake duration: 3.54 ms
Execution 339 - QUIC Single
Handshake duration: 2.59 ms
Execution 340 - QUIC Single
Handshake duration: 2.72 ms
Execution 341 - QUIC Single
Handshake duration: 2.78 ms
Execution 342 - QUIC Single
Handshake duration: 2.72 ms
Execution 343 - QUIC Single
Handshake duration: 2.86 ms
Execution 344 - QUIC Single
Handshake duration: 2.62 ms
Execution 345 - QUIC Single
Handshake duration: 2.56 ms
Execution 346 - QUIC Single
Handshake duration: 2.73 ms
Execution 347 - QUIC Single
Handshake duration: 3.29 ms
Execution 348 - QUIC Single
Handshake duration: 2.64 ms
Execution 349 - QUIC Single
Handshake duration: 3.33 ms
Execution 350 - QUIC Single
Handshake duration: 3.00 ms
Execution 351 - QUIC Single
Handshake duration: 2.74 ms
Execution 352 - QUIC Single
Handshake duration: 2.62 ms
Execution 353 - QUIC Single
Handshake duration: 2.75 ms
Execution 354 - QUIC Single
Handshake duration: 2.79 ms
Execution 355 - QUIC Single
Handshake duration: 2.67 ms
Execution 356 - QUIC Single
Handshake duration: 3.22 ms
Execution 357 - QUIC Single
Handshake duration: 2.83 ms
Execution 358 - QUIC Single
Handshake duration: 2.73 ms
Execution 359 - QUIC Single
Handshake duration: 2.50 ms
Execution 360 - QUIC Single
Handshake duration: 3.47 ms
Execution 361 - QUIC Single
Handshake duration: 3.34 ms
Execution 362 - QUIC Single
Handshake duration: 2.78 ms
Execution 363 - QUIC Single
Handshake duration: 2.52 ms
Execution 364 - QUIC Single
Handshake duration: 2.94 ms
Execution 365 - QUIC Single
Handshake duration: 2.68 ms
Execution 366 - QUIC Single
Handshake duration: 3.42 ms
Execution 367 - QUIC Single
Handshake duration: 2.61 ms
Execution 368 - QUIC Single
Handshake duration: 2.69 ms
Execution 369 - QUIC Single
Handshake duration: 2.56 ms
Execution 370 - QUIC Single
Handshake duration: 2.68 ms
Execution 371 - QUIC Single
Handshake duration: 2.71 ms
Execution 372 - QUIC Single
Handshake duration: 3.46 ms
Execution 373 - QUIC Single
Handshake duration: 2.82 ms
Execution 374 - QUIC Single
Handshake duration: 3.54 ms
Execution 375 - QUIC Single
Handshake duration: 2.73 ms
Execution 376 - QUIC Single
Handshake duration: 2.76 ms
Execution 377 - QUIC Single
Handshake duration: 2.63 ms
Execution 378 - QUIC Single
Handshake duration: 2.79 ms
Execution 379 - QUIC Single
Handshake duration: 2.74 ms
Execution 380 - QUIC Single
Handshake duration: 2.65 ms
Execution 381 - QUIC Single
Handshake duration: 3.33 ms
Execution 382 - QUIC Single
Handshake duration: 2.58 ms
Execution 383 - QUIC Single
Handshake duration: 3.30 ms
Execution 384 - QUIC Single
Handshake duration: 2.98 ms
Execution 385 - QUIC Single
Handshake duration: 3.30 ms
Execution 386 - QUIC Single
Handshake duration: 3.23 ms
Execution 387 - QUIC Single
Handshake duration: 2.75 ms
Execution 388 - QUIC Single
Handshake duration: 2.90 ms
Execution 389 - QUIC Single
Handshake duration: 2.50 ms
Execution 390 - QUIC Single
Handshake duration: 2.50 ms
Execution 391 - QUIC Single
Handshake duration: 3.13 ms
Execution 392 - QUIC Single
Handshake duration: 2.56 ms
Execution 393 - QUIC Single
Handshake duration: 2.76 ms
Execution 394 - QUIC Single
Handshake duration: 2.92 ms
Execution 395 - QUIC Single
Handshake duration: 2.85 ms
Execution 396 - QUIC Single
Handshake duration: 2.83 ms
Execution 397 - QUIC Single
Handshake duration: 2.66 ms
Execution 398 - QUIC Single
Handshake duration: 2.57 ms
Execution 399 - QUIC Single
Handshake duration: 2.62 ms
Execution 400 - QUIC Single
Handshake duration: 2.66 ms
Execution 401 - QUIC Single
Handshake duration: 2.60 ms
Execution 402 - QUIC Single
Handshake duration: 2.69 ms
Execution 403 - QUIC Single
Handshake duration: 2.64 ms
Execution 404 - QUIC Single
Handshake duration: 2.90 ms
Execution 405 - QUIC Single
Handshake duration: 3.31 ms
Execution 406 - QUIC Single
Handshake duration: 2.70 ms
Execution 407 - QUIC Single
Handshake duration: 2.79 ms
Execution 408 - QUIC Single
Handshake duration: 2.93 ms
Execution 409 - QUIC Single
Handshake duration: 2.48 ms
Execution 410 - QUIC Single
Handshake duration: 2.53 ms
Execution 411 - QUIC Single
Handshake duration: 2.90 ms
Execution 412 - QUIC Single
Handshake duration: 2.73 ms
Execution 413 - QUIC Single
Handshake duration: 2.52 ms
Execution 414 - QUIC Single
Handshake duration: 3.37 ms
Execution 415 - QUIC Single
Handshake duration: 2.88 ms
Execution 416 - QUIC Single
Handshake duration: 2.92 ms
Execution 417 - QUIC Single
Handshake duration: 3.32 ms
Execution 418 - QUIC Single
Handshake duration: 3.43 ms
Execution 419 - QUIC Single
Handshake duration: 3.00 ms
Execution 420 - QUIC Single
Handshake duration: 3.26 ms
Execution 421 - QUIC Single
Handshake duration: 2.63 ms
Execution 422 - QUIC Single
Handshake duration: 2.75 ms
Execution 423 - QUIC Single
Handshake duration: 2.80 ms
Execution 424 - QUIC Single
Handshake duration: 2.67 ms
Execution 425 - QUIC Single
Handshake duration: 2.60 ms
Execution 426 - QUIC Single
Handshake duration: 2.70 ms
Execution 427 - QUIC Single
Handshake duration: 2.59 ms
Execution 428 - QUIC Single
Handshake duration: 2.63 ms
Execution 429 - QUIC Single
Handshake duration: 2.54 ms
Execution 430 - QUIC Single
Handshake duration: 3.54 ms
Execution 431 - QUIC Single
Handshake duration: 2.92 ms
Execution 432 - QUIC Single
Handshake duration: 3.29 ms
Execution 433 - QUIC Single
Handshake duration: 2.62 ms
Execution 434 - QUIC Single
Handshake duration: 2.87 ms
Execution 435 - QUIC Single
Handshake duration: 2.70 ms
Execution 436 - QUIC Single
Handshake duration: 2.83 ms
Execution 437 - QUIC Single
Handshake duration: 2.75 ms
Execution 438 - QUIC Single
Handshake duration: 2.90 ms
Execution 439 - QUIC Single
Handshake duration: 2.74 ms
Execution 440 - QUIC Single
Handshake duration: 2.84 ms
Execution 441 - QUIC Single
Handshake duration: 2.50 ms
Execution 442 - QUIC Single
Handshake duration: 3.30 ms
Execution 443 - QUIC Single
Handshake duration: 2.56 ms
Execution 444 - QUIC Single
Handshake duration: 3.32 ms
Execution 445 - QUIC Single
Handshake duration: 3.28 ms
Execution 446 - QUIC Single
Handshake duration: 3.36 ms
Execution 447 - QUIC Single
Handshake duration: 3.30 ms
Execution 448 - QUIC Single
Handshake duration: 2.78 ms
Execution 449 - QUIC Single
Handshake duration: 2.66 ms
Execution 450 - QUIC Single
Handshake duration: 3.32 ms
Execution 451 - QUIC Single
Handshake duration: 2.80 ms
Execution 452 - QUIC Single
Handshake duration: 2.57 ms
Execution 453 - QUIC Single
Handshake duration: 2.72 ms
Execution 454 - QUIC Single
Handshake duration: 3.52 ms
Execution 455 - QUIC Single
Handshake duration: 3.20 ms
Execution 456 - QUIC Single
Handshake duration: 3.33 ms
Execution 457 - QUIC Single
Handshake duration: 2.94 ms
Execution 458 - QUIC Single
Handshake duration: 3.49 ms
Execution 459 - QUIC Single
Handshake duration: 2.64 ms
Execution 460 - QUIC Single
Handshake duration: 3.12 ms
Execution 461 - QUIC Single
Handshake duration: 2.89 ms
Execution 462 - QUIC Single
Handshake duration: 2.80 ms
Execution 463 - QUIC Single
Handshake duration: 2.51 ms
Execution 464 - QUIC Single
Handshake duration: 3.67 ms
Execution 465 - QUIC Single
Handshake duration: 2.55 ms
Execution 466 - QUIC Single
Handshake duration: 2.95 ms
Execution 467 - QUIC Single
Handshake duration: 2.61 ms
Execution 468 - QUIC Single
Handshake duration: 2.59 ms
Execution 469 - QUIC Single
Handshake duration: 2.71 ms
Execution 470 - QUIC Single
Handshake duration: 2.96 ms
Execution 471 - QUIC Single
Handshake duration: 3.37 ms
Execution 472 - QUIC Single
Handshake duration: 2.60 ms
Execution 473 - QUIC Single
Handshake duration: 2.75 ms
Execution 474 - QUIC Single
Handshake duration: 3.25 ms
Execution 475 - QUIC Single
Handshake duration: 2.85 ms
Execution 476 - QUIC Single
Handshake duration: 2.76 ms
Execution 477 - QUIC Single
Handshake duration: 2.91 ms
Execution 478 - QUIC Single
Handshake duration: 2.96 ms
Execution 479 - QUIC Single
Handshake duration: 2.73 ms
Execution 480 - QUIC Single
Handshake duration: 2.73 ms
Execution 481 - QUIC Single
Handshake duration: 2.79 ms
Execution 482 - QUIC Single
Handshake duration: 2.69 ms
Execution 483 - QUIC Single
Handshake duration: 3.22 ms
Execution 484 - QUIC Single
Handshake duration: 2.69 ms
Execution 485 - QUIC Single
Handshake duration: 2.66 ms
Execution 486 - QUIC Single
Handshake duration: 2.90 ms
Execution 487 - QUIC Single
Handshake duration: 2.72 ms
Execution 488 - QUIC Single
Handshake duration: 2.59 ms
Execution 489 - QUIC Single
Handshake duration: 2.90 ms
Execution 490 - QUIC Single
Handshake duration: 2.55 ms
Execution 491 - QUIC Single
Handshake duration: 2.77 ms
Execution 492 - QUIC Single
Handshake duration: 3.33 ms
Execution 493 - QUIC Single
Handshake duration: 2.68 ms
Execution 494 - QUIC Single
Handshake duration: 2.80 ms
Execution 495 - QUIC Single
Handshake duration: 3.42 ms
Execution 496 - QUIC Single
Handshake duration: 2.60 ms
Execution 497 - QUIC Single
Handshake duration: 2.56 ms
Execution 498 - QUIC Single
Handshake duration: 3.55 ms
Execution 499 - QUIC Single
Handshake duration: 3.10 ms
Execution 500 - QUIC Single
Handshake duration: 2.77 ms
     Waiting  ... 
   Shutting down server and impairments...

****************
  -> KEM: hqc192

    Executing docker Server...
servidor
cliente
./Launcherv3_pq_hqc_ge_rerun.sh : ligne 309 : 109670 Processus arrêté      /usr/local/bin/pumba netem --duration 1h --interface $NETIF loss-gemodel --pg "${args[0]}" --pb "${args[1]}" --one-h "${args[2]}" --one-k "${args[3]}" "$OQS_SERVER"
6a6635d2a193f69689a32fdf04d416d068696dd2f5fdd922da708d19aba80a5a
    Buscando IP.. 
    IP..  172.18.0.2
   ↳ Applying unstable network profile (loss-gemodel pg20 pb40 h90 k20)
   ✔ Pumba PID 114526 confirmed running (SIG=mldsa65 KEM=hqc192 PROTO=quic)
    Executing docker Client... 172.18.0.2
51dd6f45d5d1a3d8499f15cd723b8aa4ee64faba41324ff1930d9676406700f5
cliente
     Docker cliente executed ... 

**************************
     Executing test  ... 
Applying netem rules to lo...
Showing qdisc status for the interface: lo
qdisc netem 802c: root refcnt 2 limit 1000 seed 6199637536649006696
 Sent 0 bytes 0 pkt (dropped 0, overlimits 0 requeues 0) 
 backlog 0b 0p requeues 0
Running ./perftestClientTlsQuic.sh with SIG_ALG=mldsa65 and KEM_ALG=hqc192
Execution 1 - QUIC Single
Handshake duration: 46.27 ms
Execution 2 - QUIC Single
Handshake duration: 45.80 ms
Execution 3 - QUIC Single
Handshake duration: 47.35 ms
Execution 4 - QUIC Single
Handshake duration: 45.08 ms
Execution 5 - QUIC Single
Handshake duration: 45.32 ms
Execution 6 - QUIC Single
Handshake duration: 45.24 ms
Execution 7 - QUIC Single
Handshake duration: 59.11 ms
Execution 8 - QUIC Single
Handshake duration: 44.96 ms
Execution 9 - QUIC Single
Handshake duration: 45.79 ms
Execution 10 - QUIC Single
Handshake duration: 57.37 ms
Execution 11 - QUIC Single
Handshake duration: 54.66 ms
Execution 12 - QUIC Single
Handshake duration: 47.43 ms
Execution 13 - QUIC Single
Handshake duration: 45.56 ms
Execution 14 - QUIC Single
Handshake duration: 45.45 ms
Execution 15 - QUIC Single
Handshake duration: 46.96 ms
Execution 16 - QUIC Single
Handshake duration: 46.12 ms
Execution 17 - QUIC Single
Handshake duration: 45.19 ms
Execution 18 - QUIC Single
Handshake duration: 45.69 ms
Execution 19 - QUIC Single
Handshake duration: 57.25 ms
Execution 20 - QUIC Single
Handshake duration: 55.79 ms
Execution 21 - QUIC Single
Handshake duration: 45.27 ms
Execution 22 - QUIC Single
Handshake duration: 54.70 ms
Execution 23 - QUIC Single
Handshake duration: 44.37 ms
Execution 24 - QUIC Single
Handshake duration: 57.87 ms
Execution 25 - QUIC Single
Handshake duration: 56.49 ms
Execution 26 - QUIC Single
Handshake duration: 46.12 ms
Execution 27 - QUIC Single
Handshake duration: 52.95 ms
Execution 28 - QUIC Single
Handshake duration: 46.07 ms
Execution 29 - QUIC Single
Handshake duration: 44.59 ms
Execution 30 - QUIC Single
Handshake duration: 57.98 ms
Execution 31 - QUIC Single
Handshake duration: 45.08 ms
Execution 32 - QUIC Single
Handshake duration: 49.78 ms
Execution 33 - QUIC Single
Handshake duration: 56.99 ms
Execution 34 - QUIC Single
Handshake duration: 44.79 ms
Execution 35 - QUIC Single
Handshake duration: 61.36 ms
Execution 36 - QUIC Single
Handshake duration: 45.45 ms
Execution 37 - QUIC Single
Handshake duration: 59.29 ms
Execution 38 - QUIC Single
Handshake duration: 45.09 ms
Execution 39 - QUIC Single
Handshake duration: 45.62 ms
Execution 40 - QUIC Single
Handshake duration: 45.78 ms
Execution 41 - QUIC Single
Handshake duration: 46.24 ms
Execution 42 - QUIC Single
Handshake duration: 61.24 ms
Execution 43 - QUIC Single
Handshake duration: 49.38 ms
Execution 44 - QUIC Single
Handshake duration: 62.21 ms
Execution 45 - QUIC Single
Handshake duration: 44.89 ms
Execution 46 - QUIC Single
Handshake duration: 44.93 ms
Execution 47 - QUIC Single
Handshake duration: 45.34 ms
Execution 48 - QUIC Single
Handshake duration: 45.70 ms
Execution 49 - QUIC Single
Handshake duration: 56.69 ms
Execution 50 - QUIC Single
Handshake duration: 45.96 ms
Execution 51 - QUIC Single
Handshake duration: 44.23 ms
Execution 52 - QUIC Single
Handshake duration: 44.82 ms
Execution 53 - QUIC Single
Handshake duration: 47.02 ms
Execution 54 - QUIC Single
Handshake duration: 46.23 ms
Execution 55 - QUIC Single
Handshake duration: 45.44 ms
Execution 56 - QUIC Single
Handshake duration: 45.88 ms
Execution 57 - QUIC Single
Handshake duration: 45.14 ms
Execution 58 - QUIC Single
Handshake duration: 45.70 ms
Execution 59 - QUIC Single
Handshake duration: 45.29 ms
Execution 60 - QUIC Single
Handshake duration: 45.09 ms
Execution 61 - QUIC Single
Handshake duration: 45.42 ms
Execution 62 - QUIC Single
Handshake duration: 45.26 ms
Execution 63 - QUIC Single
Handshake duration: 46.05 ms
Execution 64 - QUIC Single
Handshake duration: 47.51 ms
Execution 65 - QUIC Single
Handshake duration: 44.66 ms
Execution 66 - QUIC Single
Handshake duration: 44.69 ms
Execution 67 - QUIC Single
Handshake duration: 45.64 ms
Execution 68 - QUIC Single
Handshake duration: 64.07 ms
Execution 69 - QUIC Single
Handshake duration: 45.14 ms
Execution 70 - QUIC Single
Handshake duration: 45.23 ms
Execution 71 - QUIC Single
Handshake duration: 59.44 ms
Execution 72 - QUIC Single
Handshake duration: 45.38 ms
Execution 73 - QUIC Single
Handshake duration: 44.92 ms
Execution 74 - QUIC Single
Handshake duration: 45.24 ms
Execution 75 - QUIC Single
Handshake duration: 45.64 ms
Execution 76 - QUIC Single
Handshake duration: 59.37 ms
Execution 77 - QUIC Single
Handshake duration: 45.25 ms
Execution 78 - QUIC Single
Handshake duration: 50.42 ms
Execution 79 - QUIC Single
Handshake duration: 45.30 ms
Execution 80 - QUIC Single
Handshake duration: 44.47 ms
Execution 81 - QUIC Single
Handshake duration: 44.66 ms
Execution 82 - QUIC Single
Handshake duration: 45.05 ms
Execution 83 - QUIC Single
Handshake duration: 44.53 ms
Execution 84 - QUIC Single
Handshake duration: 45.80 ms
Execution 85 - QUIC Single
Handshake duration: 61.76 ms
Execution 86 - QUIC Single
Handshake duration: 60.97 ms
Execution 87 - QUIC Single
Handshake duration: 48.96 ms
Execution 88 - QUIC Single
Handshake duration: 45.16 ms
Execution 89 - QUIC Single
Handshake duration: 46.15 ms
Execution 90 - QUIC Single
Handshake duration: 46.38 ms
Execution 91 - QUIC Single
Handshake duration: 59.00 ms
Execution 92 - QUIC Single
Handshake duration: 46.42 ms
Execution 93 - QUIC Single
Handshake duration: 44.71 ms
Execution 94 - QUIC Single
Handshake duration: 45.81 ms
Execution 95 - QUIC Single
Handshake duration: 44.46 ms
Execution 96 - QUIC Single
Handshake duration: 57.65 ms
Execution 97 - QUIC Single
Handshake duration: 44.88 ms
Execution 98 - QUIC Single
Handshake duration: 61.86 ms
Execution 99 - QUIC Single
Handshake duration: 45.35 ms
Execution 100 - QUIC Single
Handshake duration: 46.30 ms
Execution 101 - QUIC Single
Handshake duration: 46.08 ms
Execution 102 - QUIC Single
Handshake duration: 45.85 ms
Execution 103 - QUIC Single
Handshake duration: 46.02 ms
Execution 104 - QUIC Single
Handshake duration: 45.09 ms
Execution 105 - QUIC Single
Handshake duration: 62.41 ms
Execution 106 - QUIC Single
Handshake duration: 57.76 ms
Execution 107 - QUIC Single
Handshake duration: 61.95 ms
Execution 108 - QUIC Single
Handshake duration: 61.77 ms
Execution 109 - QUIC Single
Handshake duration: 46.35 ms
Execution 110 - QUIC Single
Handshake duration: 46.06 ms
Execution 111 - QUIC Single
Handshake duration: 57.67 ms
Execution 112 - QUIC Single
Handshake duration: 56.45 ms
Execution 113 - QUIC Single
Handshake duration: 46.89 ms
Execution 114 - QUIC Single
Handshake duration: 44.90 ms
Execution 115 - QUIC Single
Handshake duration: 45.72 ms
Execution 116 - QUIC Single
Handshake duration: 46.59 ms
Execution 117 - QUIC Single
Handshake duration: 44.84 ms
Execution 118 - QUIC Single
Handshake duration: 45.60 ms
Execution 119 - QUIC Single
Handshake duration: 44.88 ms
Execution 120 - QUIC Single
Handshake duration: 45.65 ms
Execution 121 - QUIC Single
Handshake duration: 47.02 ms
Execution 122 - QUIC Single
Handshake duration: 45.54 ms
Execution 123 - QUIC Single
Handshake duration: 45.05 ms
Execution 124 - QUIC Single
Handshake duration: 45.61 ms
Execution 125 - QUIC Single
Handshake duration: 44.64 ms
Execution 126 - QUIC Single
Handshake duration: 44.50 ms
Execution 127 - QUIC Single
Handshake duration: 45.24 ms
Execution 128 - QUIC Single
Handshake duration: 56.35 ms
Execution 129 - QUIC Single
Handshake duration: 58.47 ms
Execution 130 - QUIC Single
Handshake duration: 50.23 ms
Execution 131 - QUIC Single
Handshake duration: 44.85 ms
Execution 132 - QUIC Single
Handshake duration: 44.88 ms
Execution 133 - QUIC Single
Handshake duration: 60.61 ms
Execution 134 - QUIC Single
Handshake duration: 45.23 ms
Execution 135 - QUIC Single
Handshake duration: 45.25 ms
Execution 136 - QUIC Single
Handshake duration: 45.44 ms
Execution 137 - QUIC Single
Handshake duration: 56.94 ms
Execution 138 - QUIC Single
Handshake duration: 50.66 ms
Execution 139 - QUIC Single
Handshake duration: 46.72 ms
Execution 140 - QUIC Single
Handshake duration: 45.38 ms
Execution 141 - QUIC Single
Handshake duration: 62.69 ms
Execution 142 - QUIC Single
Handshake duration: 55.65 ms
Execution 143 - QUIC Single
Handshake duration: 45.40 ms
Execution 144 - QUIC Single
Handshake duration: 45.03 ms
Execution 145 - QUIC Single
Handshake duration: 45.49 ms
Execution 146 - QUIC Single
Handshake duration: 44.97 ms
Execution 147 - QUIC Single
Handshake duration: 60.79 ms
Execution 148 - QUIC Single
Handshake duration: 45.16 ms
Execution 149 - QUIC Single
Handshake duration: 45.17 ms
Execution 150 - QUIC Single
Handshake duration: 45.48 ms
Execution 151 - QUIC Single
Handshake duration: 45.79 ms
Execution 152 - QUIC Single
Handshake duration: 44.44 ms
Execution 153 - QUIC Single
Handshake duration: 45.41 ms
Execution 154 - QUIC Single
Handshake duration: 45.82 ms
Execution 155 - QUIC Single
Handshake duration: 49.27 ms
Execution 156 - QUIC Single
Handshake duration: 45.78 ms
Execution 157 - QUIC Single
Handshake duration: 45.19 ms
Execution 158 - QUIC Single
Handshake duration: 46.52 ms
Execution 159 - QUIC Single
Handshake duration: 44.53 ms
Execution 160 - QUIC Single
Handshake duration: 46.18 ms
Execution 161 - QUIC Single
Handshake duration: 60.51 ms
Execution 162 - QUIC Single
Handshake duration: 45.72 ms
Execution 163 - QUIC Single
Handshake duration: 44.82 ms
Execution 164 - QUIC Single
Handshake duration: 45.05 ms
Execution 165 - QUIC Single
Handshake duration: 46.18 ms
Execution 166 - QUIC Single
Handshake duration: 55.10 ms
Execution 167 - QUIC Single
Handshake duration: 70.65 ms
Execution 168 - QUIC Single
Handshake duration: 45.80 ms
Execution 169 - QUIC Single
Handshake duration: 44.83 ms
Execution 170 - QUIC Single
Handshake duration: 45.34 ms
Execution 171 - QUIC Single
Handshake duration: 45.46 ms
Execution 172 - QUIC Single
Handshake duration: 45.83 ms
Execution 173 - QUIC Single
Handshake duration: 44.78 ms
Execution 174 - QUIC Single
Handshake duration: 62.97 ms
Execution 175 - QUIC Single
Handshake duration: 57.60 ms
Execution 176 - QUIC Single
Handshake duration: 44.75 ms
Execution 177 - QUIC Single
Handshake duration: 45.32 ms
Execution 178 - QUIC Single
Handshake duration: 45.51 ms
Execution 179 - QUIC Single
Handshake duration: 44.85 ms
Execution 180 - QUIC Single
Handshake duration: 46.16 ms
Execution 181 - QUIC Single
Handshake duration: 45.96 ms
Execution 182 - QUIC Single
Handshake duration: 44.44 ms
Execution 183 - QUIC Single
Handshake duration: 45.33 ms
Execution 184 - QUIC Single
Handshake duration: 46.22 ms
Execution 185 - QUIC Single
Handshake duration: 45.54 ms
Execution 186 - QUIC Single
Handshake duration: 47.91 ms
Execution 187 - QUIC Single
Handshake duration: 46.02 ms
Execution 188 - QUIC Single
Handshake duration: 44.76 ms
Execution 189 - QUIC Single
Handshake duration: 44.99 ms
Execution 190 - QUIC Single
Handshake duration: 45.98 ms
Execution 191 - QUIC Single
Handshake duration: 46.15 ms
Execution 192 - QUIC Single
Handshake duration: 46.65 ms
Execution 193 - QUIC Single
Handshake duration: 45.60 ms
Execution 194 - QUIC Single
Handshake duration: 45.20 ms
Execution 195 - QUIC Single
Handshake duration: 46.28 ms
Execution 196 - QUIC Single
Handshake duration: 44.43 ms
Execution 197 - QUIC Single
Handshake duration: 44.47 ms
Execution 198 - QUIC Single
Handshake duration: 44.40 ms
Execution 199 - QUIC Single
Handshake duration: 45.15 ms
Execution 200 - QUIC Single
Handshake duration: 45.13 ms
Execution 201 - QUIC Single
Handshake duration: 45.56 ms
Execution 202 - QUIC Single
Handshake duration: 45.58 ms
Execution 203 - QUIC Single
Handshake duration: 45.38 ms
Execution 204 - QUIC Single
Handshake duration: 60.77 ms
Execution 205 - QUIC Single
Handshake duration: 45.03 ms
Execution 206 - QUIC Single
Handshake duration: 44.27 ms
Execution 207 - QUIC Single
Handshake duration: 52.04 ms
Execution 208 - QUIC Single
Handshake duration: 49.86 ms
Execution 209 - QUIC Single
Handshake duration: 64.60 ms
Execution 210 - QUIC Single
Handshake duration: 60.85 ms
Execution 211 - QUIC Single
Handshake duration: 61.92 ms
Execution 212 - QUIC Single
Handshake duration: 72.62 ms
Execution 213 - QUIC Single
Handshake duration: 93.56 ms
Execution 214 - QUIC Single
Handshake duration: 81.58 ms
Execution 215 - QUIC Single
Handshake duration: 63.76 ms
Execution 216 - QUIC Single
Handshake duration: 72.69 ms
Execution 217 - QUIC Single
Handshake duration: 73.35 ms
Execution 218 - QUIC Single
Handshake duration: 55.84 ms
Execution 219 - QUIC Single
Handshake duration: 63.24 ms
Execution 220 - QUIC Single
Handshake duration: 51.67 ms
Execution 221 - QUIC Single
Handshake duration: 49.52 ms
Execution 222 - QUIC Single
Handshake duration: 56.29 ms
Execution 223 - QUIC Single
Handshake duration: 46.94 ms
Execution 224 - QUIC Single
Handshake duration: 48.87 ms
Execution 225 - QUIC Single
Handshake duration: 56.85 ms
Execution 226 - QUIC Single
Handshake duration: 52.33 ms
Execution 227 - QUIC Single
Handshake duration: 52.86 ms
Execution 228 - QUIC Single
Handshake duration: 47.73 ms
Execution 229 - QUIC Single
Handshake duration: 53.26 ms
Execution 230 - QUIC Single
Handshake duration: 53.17 ms
Execution 231 - QUIC Single
Handshake duration: 46.76 ms
Execution 232 - QUIC Single
Handshake duration: 50.65 ms
Execution 233 - QUIC Single
Handshake duration: 44.59 ms
Execution 234 - QUIC Single
Handshake duration: 56.47 ms
Execution 235 - QUIC Single
Handshake duration: 44.85 ms
Execution 236 - QUIC Single
Handshake duration: 44.59 ms
Execution 237 - QUIC Single
Handshake duration: 46.48 ms
Execution 238 - QUIC Single
Handshake duration: 46.59 ms
Execution 239 - QUIC Single
Handshake duration: 50.66 ms
Execution 240 - QUIC Single
Handshake duration: 46.04 ms
Execution 241 - QUIC Single
Handshake duration: 46.18 ms
Execution 242 - QUIC Single
Handshake duration: 44.41 ms
Execution 243 - QUIC Single
Handshake duration: 46.87 ms
Execution 244 - QUIC Single
Handshake duration: 47.50 ms
Execution 245 - QUIC Single
Handshake duration: 45.90 ms
Execution 246 - QUIC Single
Handshake duration: 44.36 ms
Execution 247 - QUIC Single
Handshake duration: 45.44 ms
Execution 248 - QUIC Single
Handshake duration: 44.42 ms
Execution 249 - QUIC Single
Handshake duration: 46.91 ms
Execution 250 - QUIC Single
Handshake duration: 44.88 ms
Execution 251 - QUIC Single
Handshake duration: 46.01 ms
Execution 252 - QUIC Single
Handshake duration: 45.88 ms
Execution 253 - QUIC Single
Handshake duration: 64.55 ms
Execution 254 - QUIC Single
Handshake duration: 44.28 ms
Execution 255 - QUIC Single
Handshake duration: 45.30 ms
Execution 256 - QUIC Single
Handshake duration: 45.73 ms
Execution 257 - QUIC Single
Handshake duration: 44.15 ms
Execution 258 - QUIC Single
Handshake duration: 46.29 ms
Execution 259 - QUIC Single
Handshake duration: 44.59 ms
Execution 260 - QUIC Single
Handshake duration: 54.07 ms
Execution 261 - QUIC Single
Handshake duration: 44.65 ms
Execution 262 - QUIC Single
Handshake duration: 45.93 ms
Execution 263 - QUIC Single
Handshake duration: 44.77 ms
Execution 264 - QUIC Single
Handshake duration: 45.38 ms
Execution 265 - QUIC Single
Handshake duration: 45.04 ms
Execution 266 - QUIC Single
Handshake duration: 44.88 ms
Execution 267 - QUIC Single
Handshake duration: 61.01 ms
Execution 268 - QUIC Single
Handshake duration: 55.40 ms
Execution 269 - QUIC Single
Handshake duration: 44.58 ms
Execution 270 - QUIC Single
Handshake duration: 45.54 ms
Execution 271 - QUIC Single
Handshake duration: 44.88 ms
Execution 272 - QUIC Single
Handshake duration: 44.80 ms
Execution 273 - QUIC Single
Handshake duration: 46.22 ms
Execution 274 - QUIC Single
Handshake duration: 44.69 ms
Execution 275 - QUIC Single
Handshake duration: 44.43 ms
Execution 276 - QUIC Single
Handshake duration: 45.34 ms
Execution 277 - QUIC Single
Handshake duration: 45.59 ms
Execution 278 - QUIC Single
Handshake duration: 47.67 ms
Execution 279 - QUIC Single
Handshake duration: 70.52 ms
Execution 280 - QUIC Single
Handshake duration: 60.32 ms
Execution 281 - QUIC Single
Handshake duration: 44.21 ms
Execution 282 - QUIC Single
Handshake duration: 44.48 ms
Execution 283 - QUIC Single
Handshake duration: 45.47 ms
Execution 284 - QUIC Single
Handshake duration: 44.20 ms
Execution 285 - QUIC Single
Handshake duration: 45.20 ms
Execution 286 - QUIC Single
Handshake duration: 45.53 ms
Execution 287 - QUIC Single
Handshake duration: 56.69 ms
Execution 288 - QUIC Single
Handshake duration: 45.56 ms
Execution 289 - QUIC Single
Handshake duration: 46.54 ms
Execution 290 - QUIC Single
Handshake duration: 45.60 ms
Execution 291 - QUIC Single
Handshake duration: 45.72 ms
Execution 292 - QUIC Single
Handshake duration: 44.44 ms
Execution 293 - QUIC Single
Handshake duration: 46.63 ms
Execution 294 - QUIC Single
Handshake duration: 62.40 ms
Execution 295 - QUIC Single
Handshake duration: 56.51 ms
Execution 296 - QUIC Single
Handshake duration: 57.16 ms
Execution 297 - QUIC Single
Handshake duration: 44.41 ms
Execution 298 - QUIC Single
Handshake duration: 44.21 ms
Execution 299 - QUIC Single
Handshake duration: 47.72 ms
Execution 300 - QUIC Single
Handshake duration: 45.31 ms
Execution 301 - QUIC Single
Handshake duration: 44.25 ms
Execution 302 - QUIC Single
Handshake duration: 47.12 ms
Execution 303 - QUIC Single
Handshake duration: 45.01 ms
Execution 304 - QUIC Single
Handshake duration: 45.09 ms
Execution 305 - QUIC Single
Handshake duration: 51.50 ms
Execution 306 - QUIC Single
Handshake duration: 44.35 ms
Execution 307 - QUIC Single
Handshake duration: 44.89 ms
Execution 308 - QUIC Single
Handshake duration: 50.33 ms
Execution 309 - QUIC Single
Handshake duration: 44.65 ms
Execution 310 - QUIC Single
Handshake duration: 45.34 ms
Execution 311 - QUIC Single
Handshake duration: 44.45 ms
Execution 312 - QUIC Single
Handshake duration: 50.25 ms
Execution 313 - QUIC Single
Handshake duration: 44.59 ms
Execution 314 - QUIC Single
Handshake duration: 46.43 ms
Execution 315 - QUIC Single
Handshake duration: 44.32 ms
Execution 316 - QUIC Single
Handshake duration: 44.64 ms
Execution 317 - QUIC Single
Handshake duration: 63.85 ms
Execution 318 - QUIC Single
Handshake duration: 44.37 ms
Execution 319 - QUIC Single
Handshake duration: 50.52 ms
Execution 320 - QUIC Single
Handshake duration: 45.00 ms
Execution 321 - QUIC Single
Handshake duration: 44.82 ms
Execution 322 - QUIC Single
Handshake duration: 44.34 ms
Execution 323 - QUIC Single
Handshake duration: 45.27 ms
Execution 324 - QUIC Single
Handshake duration: 44.61 ms
Execution 325 - QUIC Single
Handshake duration: 45.51 ms
Execution 326 - QUIC Single
Handshake duration: 46.17 ms
Execution 327 - QUIC Single
Handshake duration: 44.90 ms
Execution 328 - QUIC Single
Handshake duration: 44.19 ms
Execution 329 - QUIC Single
Handshake duration: 45.22 ms
Execution 330 - QUIC Single
Handshake duration: 48.21 ms
Execution 331 - QUIC Single
Handshake duration: 45.58 ms
Execution 332 - QUIC Single
Handshake duration: 46.53 ms
Execution 333 - QUIC Single
Handshake duration: 51.03 ms
Execution 334 - QUIC Single
Handshake duration: 63.58 ms
Execution 335 - QUIC Single
Handshake duration: 45.44 ms
Execution 336 - QUIC Single
Handshake duration: 44.97 ms
Execution 337 - QUIC Single
Handshake duration: 57.04 ms
Execution 338 - QUIC Single
Handshake duration: 44.95 ms
Execution 339 - QUIC Single
Handshake duration: 44.51 ms
Execution 340 - QUIC Single
Handshake duration: 44.41 ms
Execution 341 - QUIC Single
Handshake duration: 45.45 ms
Execution 342 - QUIC Single
Handshake duration: 45.57 ms
Execution 343 - QUIC Single
Handshake duration: 44.36 ms
Execution 344 - QUIC Single
Handshake duration: 44.66 ms
Execution 345 - QUIC Single
Handshake duration: 63.02 ms
Execution 346 - QUIC Single
Handshake duration: 64.54 ms
Execution 347 - QUIC Single
Handshake duration: 45.10 ms
Execution 348 - QUIC Single
Handshake duration: 46.13 ms
Execution 349 - QUIC Single
Handshake duration: 44.65 ms
Execution 350 - QUIC Single
Handshake duration: 52.44 ms
Execution 351 - QUIC Single
Handshake duration: 57.63 ms
Execution 352 - QUIC Single
Handshake duration: 54.84 ms
Execution 353 - QUIC Single
Handshake duration: 52.69 ms
Execution 354 - QUIC Single
Handshake duration: 44.19 ms
Execution 355 - QUIC Single
Handshake duration: 46.89 ms
Execution 356 - QUIC Single
Handshake duration: 44.93 ms
Execution 357 - QUIC Single
Handshake duration: 45.27 ms
Execution 358 - QUIC Single
Handshake duration: 45.09 ms
Execution 359 - QUIC Single
Handshake duration: 45.20 ms
Execution 360 - QUIC Single
Handshake duration: 44.15 ms
Execution 361 - QUIC Single
Handshake duration: 44.26 ms
Execution 362 - QUIC Single
Handshake duration: 44.70 ms
Execution 363 - QUIC Single
Handshake duration: 60.66 ms
Execution 364 - QUIC Single
Handshake duration: 44.19 ms
Execution 365 - QUIC Single
Handshake duration: 46.76 ms
Execution 366 - QUIC Single
Handshake duration: 56.72 ms
Execution 367 - QUIC Single
Handshake duration: 46.66 ms
Execution 368 - QUIC Single
Handshake duration: 58.09 ms
Execution 369 - QUIC Single
Handshake duration: 44.88 ms
Execution 370 - QUIC Single
Handshake duration: 46.42 ms
Execution 371 - QUIC Single
Handshake duration: 62.56 ms
Execution 372 - QUIC Single
Handshake duration: 58.97 ms
Execution 373 - QUIC Single
Handshake duration: 50.24 ms
Execution 374 - QUIC Single
Handshake duration: 45.33 ms
Execution 375 - QUIC Single
Handshake duration: 55.18 ms
Execution 376 - QUIC Single
Handshake duration: 47.98 ms
Execution 377 - QUIC Single
Handshake duration: 47.06 ms
Execution 378 - QUIC Single
Handshake duration: 46.11 ms
Execution 379 - QUIC Single
Handshake duration: 49.50 ms
Execution 380 - QUIC Single
Handshake duration: 45.03 ms
Execution 381 - QUIC Single
Handshake duration: 64.28 ms
Execution 382 - QUIC Single
Handshake duration: 65.86 ms
Execution 383 - QUIC Single
Handshake duration: 65.03 ms
Execution 384 - QUIC Single
Handshake duration: 46.53 ms
Execution 385 - QUIC Single
Handshake duration: 45.99 ms
Execution 386 - QUIC Single
Handshake duration: 61.34 ms
Execution 387 - QUIC Single
Handshake duration: 47.48 ms
Execution 388 - QUIC Single
Handshake duration: 57.85 ms
Execution 389 - QUIC Single
Handshake duration: 57.35 ms
Execution 390 - QUIC Single
Handshake duration: 47.42 ms
Execution 391 - QUIC Single
Handshake duration: 52.29 ms
Execution 392 - QUIC Single
Handshake duration: 50.30 ms
Execution 393 - QUIC Single
Handshake duration: 48.69 ms
Execution 394 - QUIC Single
Handshake duration: 46.68 ms
Execution 395 - QUIC Single
Handshake duration: 59.68 ms
Execution 396 - QUIC Single
Handshake duration: 64.53 ms
Execution 397 - QUIC Single
Handshake duration: 47.65 ms
Execution 398 - QUIC Single
Handshake duration: 48.63 ms
Execution 399 - QUIC Single
Handshake duration: 64.25 ms
Execution 400 - QUIC Single
Handshake duration: 53.27 ms
Execution 401 - QUIC Single
Handshake duration: 47.86 ms
Execution 402 - QUIC Single
Handshake duration: 58.86 ms
Execution 403 - QUIC Single
Handshake duration: 48.82 ms
Execution 404 - QUIC Single
Handshake duration: 46.66 ms
Execution 405 - QUIC Single
Handshake duration: 45.15 ms
Execution 406 - QUIC Single
Handshake duration: 45.42 ms
Execution 407 - QUIC Single
Handshake duration: 46.60 ms
Execution 408 - QUIC Single
Handshake duration: 46.51 ms
Execution 409 - QUIC Single
Handshake duration: 54.15 ms
Execution 410 - QUIC Single
Handshake duration: 47.19 ms
Execution 411 - QUIC Single
Handshake duration: 46.72 ms
Execution 412 - QUIC Single
Handshake duration: 45.57 ms
Execution 413 - QUIC Single
Handshake duration: 44.54 ms
Execution 414 - QUIC Single
Handshake duration: 46.03 ms
Execution 415 - QUIC Single
Handshake duration: 46.48 ms
Execution 416 - QUIC Single
Handshake duration: 47.05 ms
Execution 417 - QUIC Single
Handshake duration: 46.90 ms
Execution 418 - QUIC Single
Handshake duration: 62.05 ms
Execution 419 - QUIC Single
Handshake duration: 48.18 ms
Execution 420 - QUIC Single
Handshake duration: 47.19 ms
Execution 421 - QUIC Single
Handshake duration: 52.16 ms
Execution 422 - QUIC Single
Handshake duration: 46.94 ms
Execution 423 - QUIC Single
Handshake duration: 64.43 ms
Execution 424 - QUIC Single
Handshake duration: 46.95 ms
Execution 425 - QUIC Single
Handshake duration: 45.95 ms
Execution 426 - QUIC Single
Handshake duration: 46.00 ms
Execution 427 - QUIC Single
Handshake duration: 45.74 ms
Execution 428 - QUIC Single
Handshake duration: 47.74 ms
Execution 429 - QUIC Single
Handshake duration: 45.49 ms
Execution 430 - QUIC Single
Handshake duration: 48.75 ms
Execution 431 - QUIC Single
Handshake duration: 61.27 ms
Execution 432 - QUIC Single
Handshake duration: 46.13 ms
Execution 433 - QUIC Single
Handshake duration: 47.07 ms
Execution 434 - QUIC Single
Handshake duration: 44.94 ms
Execution 435 - QUIC Single
Handshake duration: 45.77 ms
Execution 436 - QUIC Single
Handshake duration: 45.41 ms
Execution 437 - QUIC Single
Handshake duration: 45.54 ms
Execution 438 - QUIC Single
Handshake duration: 45.10 ms
Execution 439 - QUIC Single
Handshake duration: 47.42 ms
Execution 440 - QUIC Single
Handshake duration: 61.95 ms
Execution 441 - QUIC Single
Handshake duration: 45.80 ms
Execution 442 - QUIC Single
Handshake duration: 46.76 ms
Execution 443 - QUIC Single
Handshake duration: 46.34 ms
Execution 444 - QUIC Single
Handshake duration: 45.85 ms
Execution 445 - QUIC Single
Handshake duration: 44.82 ms
Execution 446 - QUIC Single
Handshake duration: 46.10 ms
Execution 447 - QUIC Single
Handshake duration: 46.16 ms
Execution 448 - QUIC Single
Handshake duration: 45.28 ms
Execution 449 - QUIC Single
Handshake duration: 45.98 ms
Execution 450 - QUIC Single
Handshake duration: 46.09 ms
Execution 451 - QUIC Single
Handshake duration: 45.87 ms
Execution 452 - QUIC Single
Handshake duration: 50.77 ms
Execution 453 - QUIC Single
Handshake duration: 46.86 ms
Execution 454 - QUIC Single
Handshake duration: 46.57 ms
Execution 455 - QUIC Single
Handshake duration: 46.12 ms
Execution 456 - QUIC Single
Handshake duration: 44.81 ms
Execution 457 - QUIC Single
Handshake duration: 44.48 ms
Execution 458 - QUIC Single
Handshake duration: 48.34 ms
Execution 459 - QUIC Single
Handshake duration: 48.60 ms
Execution 460 - QUIC Single
Handshake duration: 45.62 ms
Execution 461 - QUIC Single
Handshake duration: 46.53 ms
Execution 462 - QUIC Single
Handshake duration: 45.06 ms
Execution 463 - QUIC Single
Handshake duration: 45.86 ms
Execution 464 - QUIC Single
Handshake duration: 50.84 ms
Execution 465 - QUIC Single
Handshake duration: 46.60 ms
Execution 466 - QUIC Single
Handshake duration: 44.53 ms
Execution 467 - QUIC Single
Handshake duration: 44.66 ms
Execution 468 - QUIC Single
Handshake duration: 47.47 ms
Execution 469 - QUIC Single
Handshake duration: 44.38 ms
Execution 470 - QUIC Single
Handshake duration: 46.37 ms
Execution 471 - QUIC Single
Handshake duration: 45.34 ms
Execution 472 - QUIC Single
Handshake duration: 45.27 ms
Execution 473 - QUIC Single
Handshake duration: 45.52 ms
Execution 474 - QUIC Single
Handshake duration: 45.69 ms
Execution 475 - QUIC Single
Handshake duration: 53.04 ms
Execution 476 - QUIC Single
Handshake duration: 45.86 ms
Execution 477 - QUIC Single
Handshake duration: 45.34 ms
Execution 478 - QUIC Single
Handshake duration: 64.86 ms
Execution 479 - QUIC Single
Handshake duration: 62.71 ms
Execution 480 - QUIC Single
Handshake duration: 49.27 ms
Execution 481 - QUIC Single
Handshake duration: 47.98 ms
Execution 482 - QUIC Single
Handshake duration: 47.64 ms
Execution 483 - QUIC Single
Handshake duration: 48.59 ms
Execution 484 - QUIC Single
Handshake duration: 50.97 ms
Execution 485 - QUIC Single
Handshake duration: 46.83 ms
Execution 486 - QUIC Single
Handshake duration: 45.66 ms
Execution 487 - QUIC Single
Handshake duration: 48.78 ms
Execution 488 - QUIC Single
Handshake duration: 46.44 ms
Execution 489 - QUIC Single
Handshake duration: 47.91 ms
Execution 490 - QUIC Single
Handshake duration: 46.05 ms
Execution 491 - QUIC Single
Handshake duration: 45.76 ms
Execution 492 - QUIC Single
Handshake duration: 46.82 ms
Execution 493 - QUIC Single
Handshake duration: 45.59 ms
Execution 494 - QUIC Single
Handshake duration: 44.66 ms
Execution 495 - QUIC Single
Handshake duration: 46.52 ms
Execution 496 - QUIC Single
Handshake duration: 46.25 ms
Execution 497 - QUIC Single
Handshake duration: 44.35 ms
Execution 498 - QUIC Single
Handshake duration: 45.89 ms
Execution 499 - QUIC Single
Handshake duration: 46.08 ms
Execution 500 - QUIC Single
Handshake duration: 44.62 ms
     Waiting  ... 
   Shutting down server and impairments...

****************
  -> KEM: p384_hqc192

    Executing docker Server...
servidor
cliente
./Launcherv3_pq_hqc_ge_rerun.sh : ligne 309 : 114526 Processus arrêté      /usr/local/bin/pumba netem --duration 1h --interface $NETIF loss-gemodel --pg "${args[0]}" --pb "${args[1]}" --one-h "${args[2]}" --one-k "${args[3]}" "$OQS_SERVER"
5cf6eb227b715922759f682ec4a034cef60436f34047bf8f55552342c57ad2ec
    Buscando IP.. 
    IP..  172.18.0.2
   ↳ Applying unstable network profile (loss-gemodel pg20 pb40 h90 k20)
   ✔ Pumba PID 119485 confirmed running (SIG=mldsa65 KEM=p384_hqc192 PROTO=quic)
    Executing docker Client... 172.18.0.2
b875cac28f8a522552bc114367f5d76c539b354203224cdb093c32a89454fc87
cliente
     Docker cliente executed ... 

**************************
     Executing test  ... 
Applying netem rules to lo...
Showing qdisc status for the interface: lo
qdisc netem 802e: root refcnt 2 limit 1000 seed 2592065060576817312
 Sent 0 bytes 0 pkt (dropped 0, overlimits 0 requeues 0) 
 backlog 0b 0p requeues 0
Running ./perftestClientTlsQuic.sh with SIG_ALG=mldsa65 and KEM_ALG=p384_hqc192
Execution 1 - QUIC Single
Handshake duration: 61.20 ms
Execution 2 - QUIC Single
Handshake duration: 57.71 ms
Execution 3 - QUIC Single
Handshake duration: 55.87 ms
Execution 4 - QUIC Single
Handshake duration: 68.93 ms
Execution 5 - QUIC Single
Handshake duration: 58.24 ms
Execution 6 - QUIC Single
Handshake duration: 60.19 ms
Execution 7 - QUIC Single
Handshake duration: 62.59 ms
Execution 8 - QUIC Single
Handshake duration: 69.07 ms
Execution 9 - QUIC Single
Handshake duration: 59.75 ms
Execution 10 - QUIC Single
Handshake duration: 64.39 ms
Execution 11 - QUIC Single
Handshake duration: 84.40 ms
Execution 12 - QUIC Single
Handshake duration: 60.17 ms
Execution 13 - QUIC Single
Handshake duration: 56.16 ms
Execution 14 - QUIC Single
Handshake duration: 57.07 ms
Execution 15 - QUIC Single
Handshake duration: 54.80 ms
Execution 16 - QUIC Single
Handshake duration: 56.99 ms
Execution 17 - QUIC Single
Handshake duration: 71.67 ms
Execution 18 - QUIC Single
Handshake duration: 56.43 ms
Execution 19 - QUIC Single
Handshake duration: 56.24 ms
Execution 20 - QUIC Single
Handshake duration: 57.86 ms
Execution 21 - QUIC Single
Handshake duration: 80.45 ms
Execution 22 - QUIC Single
Handshake duration: 56.18 ms
Execution 23 - QUIC Single
Handshake duration: 65.13 ms
Execution 24 - QUIC Single
Handshake duration: 56.28 ms
Execution 25 - QUIC Single
Handshake duration: 53.88 ms
Execution 26 - QUIC Single
Handshake duration: 55.05 ms
Execution 27 - QUIC Single
Handshake duration: 56.70 ms
Execution 28 - QUIC Single
Handshake duration: 55.34 ms
Execution 29 - QUIC Single
Handshake duration: 56.12 ms
Execution 30 - QUIC Single
Handshake duration: 72.59 ms
Execution 31 - QUIC Single
Handshake duration: 60.90 ms
Execution 32 - QUIC Single
Handshake duration: 61.31 ms
Execution 33 - QUIC Single
Handshake duration: 57.91 ms
Execution 34 - QUIC Single
Handshake duration: 57.62 ms
Execution 35 - QUIC Single
Handshake duration: 57.26 ms
Execution 36 - QUIC Single
Handshake duration: 56.34 ms
Execution 37 - QUIC Single
Handshake duration: 53.59 ms
Execution 38 - QUIC Single
Handshake duration: 74.29 ms
Execution 39 - QUIC Single
Handshake duration: 73.14 ms
Execution 40 - QUIC Single
Handshake duration: 58.08 ms
Execution 41 - QUIC Single
Handshake duration: 54.02 ms
Execution 42 - QUIC Single
Handshake duration: 53.74 ms
Execution 43 - QUIC Single
Handshake duration: 53.91 ms
Execution 44 - QUIC Single
Handshake duration: 55.33 ms
Execution 45 - QUIC Single
Handshake duration: 54.63 ms
Execution 46 - QUIC Single
Handshake duration: 55.09 ms
Execution 47 - QUIC Single
Handshake duration: 54.80 ms
Execution 48 - QUIC Single
Handshake duration: 54.75 ms
Execution 49 - QUIC Single
Handshake duration: 54.04 ms
Execution 50 - QUIC Single
Handshake duration: 73.42 ms
Execution 51 - QUIC Single
Handshake duration: 55.05 ms
Execution 52 - QUIC Single
Handshake duration: 55.07 ms
Execution 53 - QUIC Single
Handshake duration: 53.61 ms
Execution 54 - QUIC Single
Handshake duration: 54.79 ms
Execution 55 - QUIC Single
Handshake duration: 54.72 ms
Execution 56 - QUIC Single
Handshake duration: 54.91 ms
Execution 57 - QUIC Single
Handshake duration: 56.30 ms
Execution 58 - QUIC Single
Handshake duration: 54.75 ms
Execution 59 - QUIC Single
Handshake duration: 56.66 ms
Execution 60 - QUIC Single
Handshake duration: 54.26 ms
Execution 61 - QUIC Single
Handshake duration: 56.52 ms
Execution 62 - QUIC Single
Handshake duration: 55.19 ms
Execution 63 - QUIC Single
Handshake duration: 57.66 ms
Execution 64 - QUIC Single
Handshake duration: 56.49 ms
Execution 65 - QUIC Single
Handshake duration: 73.21 ms
Execution 66 - QUIC Single
Handshake duration: 53.30 ms
Execution 67 - QUIC Single
Handshake duration: 55.80 ms
Execution 68 - QUIC Single
Handshake duration: 53.50 ms
Execution 69 - QUIC Single
Handshake duration: 55.24 ms
Execution 70 - QUIC Single
Handshake duration: 53.70 ms
Execution 71 - QUIC Single
Handshake duration: 53.76 ms
Execution 72 - QUIC Single
Handshake duration: 54.45 ms
Execution 73 - QUIC Single
Handshake duration: 62.34 ms
Execution 74 - QUIC Single
Handshake duration: 75.44 ms
Execution 75 - QUIC Single
Handshake duration: 54.06 ms
Execution 76 - QUIC Single
Handshake duration: 53.49 ms
Execution 77 - QUIC Single
Handshake duration: 74.00 ms
Execution 78 - QUIC Single
Handshake duration: 54.46 ms
Execution 79 - QUIC Single
Handshake duration: 53.92 ms
Execution 80 - QUIC Single
Handshake duration: 53.67 ms
Execution 81 - QUIC Single
Handshake duration: 53.18 ms
Execution 82 - QUIC Single
Handshake duration: 58.76 ms
Execution 83 - QUIC Single
Handshake duration: 56.45 ms
Execution 84 - QUIC Single
Handshake duration: 79.22 ms
Execution 85 - QUIC Single
Handshake duration: 57.37 ms
Execution 86 - QUIC Single
Handshake duration: 56.06 ms
Execution 87 - QUIC Single
Handshake duration: 63.55 ms
Execution 88 - QUIC Single
Handshake duration: 53.93 ms
Execution 89 - QUIC Single
Handshake duration: 53.89 ms
Execution 90 - QUIC Single
Handshake duration: 53.91 ms
Execution 91 - QUIC Single
Handshake duration: 56.22 ms
Execution 92 - QUIC Single
Handshake duration: 53.49 ms
Execution 93 - QUIC Single
Handshake duration: 54.11 ms
Execution 94 - QUIC Single
Handshake duration: 54.30 ms
Execution 95 - QUIC Single
Handshake duration: 81.34 ms
Execution 96 - QUIC Single
Handshake duration: 75.62 ms
Execution 97 - QUIC Single
Handshake duration: 55.05 ms
Execution 98 - QUIC Single
Handshake duration: 54.59 ms
Execution 99 - QUIC Single
Handshake duration: 56.62 ms
Execution 100 - QUIC Single
Handshake duration: 66.71 ms
Execution 101 - QUIC Single
Handshake duration: 57.34 ms
Execution 102 - QUIC Single
Handshake duration: 60.77 ms
Execution 103 - QUIC Single
Handshake duration: 73.63 ms
Execution 104 - QUIC Single
Handshake duration: 54.73 ms
Execution 105 - QUIC Single
Handshake duration: 54.99 ms
Execution 106 - QUIC Single
Handshake duration: 56.42 ms
Execution 107 - QUIC Single
Handshake duration: 55.94 ms
Execution 108 - QUIC Single
Handshake duration: 55.00 ms
Execution 109 - QUIC Single
Handshake duration: 66.91 ms
Execution 110 - QUIC Single
Handshake duration: 53.92 ms
Execution 111 - QUIC Single
Handshake duration: 61.45 ms
Execution 112 - QUIC Single
Handshake duration: 53.35 ms
Execution 113 - QUIC Single
Handshake duration: 53.74 ms
Execution 114 - QUIC Single
Handshake duration: 53.84 ms
Execution 115 - QUIC Single
Handshake duration: 53.56 ms
Execution 116 - QUIC Single
Handshake duration: 53.75 ms
Execution 117 - QUIC Single
Handshake duration: 65.62 ms
Execution 118 - QUIC Single
Handshake duration: 70.15 ms
Execution 119 - QUIC Single
Handshake duration: 54.78 ms
Execution 120 - QUIC Single
Handshake duration: 64.03 ms
Execution 121 - QUIC Single
Handshake duration: 56.31 ms
Execution 122 - QUIC Single
Handshake duration: 54.17 ms
Execution 123 - QUIC Single
Handshake duration: 53.95 ms
Execution 124 - QUIC Single
Handshake duration: 53.73 ms
Execution 125 - QUIC Single
Handshake duration: 53.31 ms
Execution 126 - QUIC Single
Handshake duration: 56.47 ms
Execution 127 - QUIC Single
Handshake duration: 54.92 ms
Execution 128 - QUIC Single
Handshake duration: 53.66 ms
Execution 129 - QUIC Single
Handshake duration: 56.05 ms
Execution 130 - QUIC Single
Handshake duration: 77.89 ms
Execution 131 - QUIC Single
Handshake duration: 56.22 ms
Execution 132 - QUIC Single
Handshake duration: 53.56 ms
Execution 133 - QUIC Single
Handshake duration: 55.05 ms
Execution 134 - QUIC Single
Handshake duration: 53.70 ms
Execution 135 - QUIC Single
Handshake duration: 54.02 ms
Execution 136 - QUIC Single
Handshake duration: 54.07 ms
Execution 137 - QUIC Single
Handshake duration: 56.27 ms
Execution 138 - QUIC Single
Handshake duration: 54.70 ms
Execution 139 - QUIC Single
Handshake duration: 53.54 ms
Execution 140 - QUIC Single
Handshake duration: 54.02 ms
Execution 141 - QUIC Single
Handshake duration: 53.82 ms
Execution 142 - QUIC Single
Handshake duration: 54.22 ms
Execution 143 - QUIC Single
Handshake duration: 54.02 ms
Execution 144 - QUIC Single
Handshake duration: 53.39 ms
Execution 145 - QUIC Single
Handshake duration: 54.49 ms
Execution 146 - QUIC Single
Handshake duration: 54.82 ms
Execution 147 - QUIC Single
Handshake duration: 53.38 ms
Execution 148 - QUIC Single
Handshake duration: 54.04 ms
Execution 149 - QUIC Single
Handshake duration: 53.45 ms
Execution 150 - QUIC Single
Handshake duration: 53.51 ms
Execution 151 - QUIC Single
Handshake duration: 53.77 ms
Execution 152 - QUIC Single
Handshake duration: 53.36 ms
Execution 153 - QUIC Single
Handshake duration: 54.83 ms
Execution 154 - QUIC Single
Handshake duration: 54.44 ms
Execution 155 - QUIC Single
Handshake duration: 66.80 ms
Execution 156 - QUIC Single
Handshake duration: 69.43 ms
Execution 157 - QUIC Single
Handshake duration: 62.30 ms
Execution 158 - QUIC Single
Handshake duration: 54.97 ms
Execution 159 - QUIC Single
Handshake duration: 53.79 ms
Execution 160 - QUIC Single
Handshake duration: 54.82 ms
Execution 161 - QUIC Single
Handshake duration: 56.30 ms
Execution 162 - QUIC Single
Handshake duration: 56.49 ms
Execution 163 - QUIC Single
Handshake duration: 64.75 ms
Execution 164 - QUIC Single
Handshake duration: 57.44 ms
Execution 165 - QUIC Single
Handshake duration: 53.75 ms
Execution 166 - QUIC Single
Handshake duration: 56.41 ms
Execution 167 - QUIC Single
Handshake duration: 61.99 ms
Execution 168 - QUIC Single
Handshake duration: 63.10 ms
Execution 169 - QUIC Single
Handshake duration: 74.92 ms
Execution 170 - QUIC Single
Handshake duration: 73.67 ms
Execution 171 - QUIC Single
Handshake duration: 62.20 ms
Execution 172 - QUIC Single
Handshake duration: 56.71 ms
Execution 173 - QUIC Single
Handshake duration: 55.44 ms
Execution 174 - QUIC Single
Handshake duration: 74.11 ms
Execution 175 - QUIC Single
Handshake duration: 58.05 ms
Execution 176 - QUIC Single
Handshake duration: 59.33 ms
Execution 177 - QUIC Single
Handshake duration: 53.88 ms
Execution 178 - QUIC Single
Handshake duration: 54.58 ms
Execution 179 - QUIC Single
Handshake duration: 55.53 ms
Execution 180 - QUIC Single
Handshake duration: 55.60 ms
Execution 181 - QUIC Single
Handshake duration: 63.12 ms
Execution 182 - QUIC Single
Handshake duration: 57.43 ms
Execution 183 - QUIC Single
Handshake duration: 67.48 ms
Execution 184 - QUIC Single
Handshake duration: 73.52 ms
Execution 185 - QUIC Single
Handshake duration: 61.19 ms
Execution 186 - QUIC Single
Handshake duration: 57.84 ms
Execution 187 - QUIC Single
Handshake duration: 58.70 ms
Execution 188 - QUIC Single
Handshake duration: 55.89 ms
Execution 189 - QUIC Single
Handshake duration: 56.63 ms
Execution 190 - QUIC Single
Handshake duration: 56.11 ms
Execution 191 - QUIC Single
Handshake duration: 54.91 ms
Execution 192 - QUIC Single
Handshake duration: 54.84 ms
Execution 193 - QUIC Single
Handshake duration: 56.83 ms
Execution 194 - QUIC Single
Handshake duration: 63.47 ms
Execution 195 - QUIC Single
Handshake duration: 66.88 ms
Execution 196 - QUIC Single
Handshake duration: 54.84 ms
Execution 197 - QUIC Single
Handshake duration: 56.46 ms
Execution 198 - QUIC Single
Handshake duration: 67.05 ms
Execution 199 - QUIC Single
Handshake duration: 72.01 ms
Execution 200 - QUIC Single
Handshake duration: 64.31 ms
Execution 201 - QUIC Single
Handshake duration: 57.82 ms
Execution 202 - QUIC Single
Handshake duration: 56.53 ms
Execution 203 - QUIC Single
Handshake duration: 58.92 ms
Execution 204 - QUIC Single
Handshake duration: 55.46 ms
Execution 205 - QUIC Single
Handshake duration: 57.66 ms
Execution 206 - QUIC Single
Handshake duration: 57.16 ms
Execution 207 - QUIC Single
Handshake duration: 54.72 ms
Execution 208 - QUIC Single
Handshake duration: 53.16 ms
Execution 209 - QUIC Single
Handshake duration: 63.15 ms
Execution 210 - QUIC Single
Handshake duration: 54.32 ms
Execution 211 - QUIC Single
Handshake duration: 55.99 ms
Execution 212 - QUIC Single
Handshake duration: 54.81 ms
Execution 213 - QUIC Single
Handshake duration: 53.42 ms
Execution 214 - QUIC Single
Handshake duration: 70.50 ms
Execution 215 - QUIC Single
Handshake duration: 53.53 ms
Execution 216 - QUIC Single
Handshake duration: 54.14 ms
Execution 217 - QUIC Single
Handshake duration: 58.07 ms
Execution 218 - QUIC Single
Handshake duration: 63.48 ms
Execution 219 - QUIC Single
Handshake duration: 59.12 ms
Execution 220 - QUIC Single
Handshake duration: 58.73 ms
Execution 221 - QUIC Single
Handshake duration: 64.50 ms
Execution 222 - QUIC Single
Handshake duration: 57.64 ms
Execution 223 - QUIC Single
Handshake duration: 56.67 ms
Execution 224 - QUIC Single
Handshake duration: 56.58 ms
Execution 225 - QUIC Single
Handshake duration: 57.97 ms
Execution 226 - QUIC Single
Handshake duration: 58.84 ms
Execution 227 - QUIC Single
Handshake duration: 70.48 ms
Execution 228 - QUIC Single
Handshake duration: 57.04 ms
Execution 229 - QUIC Single
Handshake duration: 58.83 ms
Execution 230 - QUIC Single
Handshake duration: 72.95 ms
Execution 231 - QUIC Single
Handshake duration: 56.35 ms
Execution 232 - QUIC Single
Handshake duration: 57.62 ms
Execution 233 - QUIC Single
Handshake duration: 57.36 ms
Execution 234 - QUIC Single
Handshake duration: 57.72 ms
Execution 235 - QUIC Single
Handshake duration: 54.13 ms
Execution 236 - QUIC Single
Handshake duration: 53.83 ms
Execution 237 - QUIC Single
Handshake duration: 54.61 ms
Execution 238 - QUIC Single
Handshake duration: 54.93 ms
Execution 239 - QUIC Single
Handshake duration: 53.58 ms
Execution 240 - QUIC Single
Handshake duration: 53.52 ms
Execution 241 - QUIC Single
Handshake duration: 56.75 ms
Execution 242 - QUIC Single
Handshake duration: 55.96 ms
Execution 243 - QUIC Single
Handshake duration: 55.26 ms
Execution 244 - QUIC Single
Handshake duration: 55.35 ms
Execution 245 - QUIC Single
Handshake duration: 56.70 ms
Execution 246 - QUIC Single
Handshake duration: 73.20 ms
Execution 247 - QUIC Single
Handshake duration: 56.03 ms
Execution 248 - QUIC Single
Handshake duration: 73.06 ms
Execution 249 - QUIC Single
Handshake duration: 71.58 ms
Execution 250 - QUIC Single
Handshake duration: 71.97 ms
Execution 251 - QUIC Single
Handshake duration: 56.97 ms
Execution 252 - QUIC Single
Handshake duration: 57.56 ms
Execution 253 - QUIC Single
Handshake duration: 63.04 ms
Execution 254 - QUIC Single
Handshake duration: 57.09 ms
Execution 255 - QUIC Single
Handshake duration: 55.82 ms
Execution 256 - QUIC Single
Handshake duration: 63.59 ms
Execution 257 - QUIC Single
Handshake duration: 54.69 ms
Execution 258 - QUIC Single
Handshake duration: 55.16 ms
Execution 259 - QUIC Single
Handshake duration: 55.10 ms
Execution 260 - QUIC Single
Handshake duration: 56.27 ms
Execution 261 - QUIC Single
Handshake duration: 58.45 ms
Execution 262 - QUIC Single
Handshake duration: 56.34 ms
Execution 263 - QUIC Single
Handshake duration: 56.03 ms
Execution 264 - QUIC Single
Handshake duration: 64.37 ms
Execution 265 - QUIC Single
Handshake duration: 56.48 ms
Execution 266 - QUIC Single
Handshake duration: 57.65 ms
Execution 267 - QUIC Single
Handshake duration: 77.85 ms
Execution 268 - QUIC Single
Handshake duration: 54.83 ms
Execution 269 - QUIC Single
Handshake duration: 55.47 ms
Execution 270 - QUIC Single
Handshake duration: 53.11 ms
Execution 271 - QUIC Single
Handshake duration: 55.64 ms
Execution 272 - QUIC Single
Handshake duration: 56.00 ms
Execution 273 - QUIC Single
Handshake duration: 63.55 ms
Execution 274 - QUIC Single
Handshake duration: 56.88 ms
Execution 275 - QUIC Single
Handshake duration: 55.60 ms
Execution 276 - QUIC Single
Handshake duration: 57.91 ms
Execution 277 - QUIC Single
Handshake duration: 55.01 ms
Execution 278 - QUIC Single
Handshake duration: 54.10 ms
Execution 279 - QUIC Single
Handshake duration: 55.22 ms
Execution 280 - QUIC Single
Handshake duration: 77.61 ms
Execution 281 - QUIC Single
Handshake duration: 55.35 ms
Execution 282 - QUIC Single
Handshake duration: 63.41 ms
Execution 283 - QUIC Single
Handshake duration: 54.17 ms
Execution 284 - QUIC Single
Handshake duration: 56.43 ms
Execution 285 - QUIC Single
Handshake duration: 56.59 ms
Execution 286 - QUIC Single
Handshake duration: 58.37 ms
Execution 287 - QUIC Single
Handshake duration: 59.18 ms
Execution 288 - QUIC Single
Handshake duration: 54.94 ms
Execution 289 - QUIC Single
Handshake duration: 56.47 ms
Execution 290 - QUIC Single
Handshake duration: 55.62 ms
Execution 291 - QUIC Single
Handshake duration: 54.49 ms
Execution 292 - QUIC Single
Handshake duration: 56.16 ms
Execution 293 - QUIC Single
Handshake duration: 55.47 ms
Execution 294 - QUIC Single
Handshake duration: 58.10 ms
Execution 295 - QUIC Single
Handshake duration: 56.24 ms
Execution 296 - QUIC Single
Handshake duration: 56.10 ms
Execution 297 - QUIC Single
Handshake duration: 53.63 ms
Execution 298 - QUIC Single
Handshake duration: 53.51 ms
Execution 299 - QUIC Single
Handshake duration: 54.76 ms
Execution 300 - QUIC Single
Handshake duration: 53.57 ms
Execution 301 - QUIC Single
Handshake duration: 54.12 ms
Execution 302 - QUIC Single
Handshake duration: 56.02 ms
Execution 303 - QUIC Single
Handshake duration: 58.08 ms
Execution 304 - QUIC Single
Handshake duration: 64.46 ms
Execution 305 - QUIC Single
Handshake duration: 55.47 ms
Execution 306 - QUIC Single
Handshake duration: 56.76 ms
Execution 307 - QUIC Single
Handshake duration: 54.30 ms
Execution 308 - QUIC Single
Handshake duration: 64.21 ms
Execution 309 - QUIC Single
Handshake duration: 54.91 ms
Execution 310 - QUIC Single
Handshake duration: 62.19 ms
Execution 311 - QUIC Single
Handshake duration: 56.08 ms
Execution 312 - QUIC Single
Handshake duration: 54.13 ms
Execution 313 - QUIC Single
Handshake duration: 56.12 ms
Execution 314 - QUIC Single
Handshake duration: 59.16 ms
Execution 315 - QUIC Single
Handshake duration: 55.50 ms
Execution 316 - QUIC Single
Handshake duration: 57.90 ms
Execution 317 - QUIC Single
Handshake duration: 64.19 ms
Execution 318 - QUIC Single
Handshake duration: 57.63 ms
Execution 319 - QUIC Single
Handshake duration: 57.52 ms
Execution 320 - QUIC Single
Handshake duration: 56.31 ms
Execution 321 - QUIC Single
Handshake duration: 73.39 ms
Execution 322 - QUIC Single
Handshake duration: 54.58 ms
Execution 323 - QUIC Single
Handshake duration: 57.29 ms
Execution 324 - QUIC Single
Handshake duration: 76.36 ms
Execution 325 - QUIC Single
Handshake duration: 55.99 ms
Execution 326 - QUIC Single
Handshake duration: 56.80 ms
Execution 327 - QUIC Single
Handshake duration: 59.99 ms
Execution 328 - QUIC Single
Handshake duration: 56.44 ms
Execution 329 - QUIC Single
Handshake duration: 80.26 ms
Execution 330 - QUIC Single
Handshake duration: 56.84 ms
Execution 331 - QUIC Single
Handshake duration: 56.59 ms
Execution 332 - QUIC Single
Handshake duration: 56.13 ms
Execution 333 - QUIC Single
Handshake duration: 54.32 ms
Execution 334 - QUIC Single
Handshake duration: 73.61 ms
Execution 335 - QUIC Single
Handshake duration: 71.87 ms
Execution 336 - QUIC Single
Handshake duration: 55.02 ms
Execution 337 - QUIC Single
Handshake duration: 57.44 ms
Execution 338 - QUIC Single
Handshake duration: 54.69 ms
Execution 339 - QUIC Single
Handshake duration: 54.65 ms
Execution 340 - QUIC Single
Handshake duration: 56.42 ms
Execution 341 - QUIC Single
Handshake duration: 53.54 ms
Execution 342 - QUIC Single
Handshake duration: 70.00 ms
Execution 343 - QUIC Single
Handshake duration: 61.21 ms
Execution 344 - QUIC Single
Handshake duration: 54.50 ms
Execution 345 - QUIC Single
Handshake duration: 53.84 ms
Execution 346 - QUIC Single
Handshake duration: 53.17 ms
Execution 347 - QUIC Single
Handshake duration: 53.07 ms
Execution 348 - QUIC Single
Handshake duration: 53.74 ms
Execution 349 - QUIC Single
Handshake duration: 54.36 ms
Execution 350 - QUIC Single
Handshake duration: 56.00 ms
Execution 351 - QUIC Single
Handshake duration: 54.68 ms
Execution 352 - QUIC Single
Handshake duration: 56.47 ms
Execution 353 - QUIC Single
Handshake duration: 66.08 ms
Execution 354 - QUIC Single
Handshake duration: 56.36 ms
Execution 355 - QUIC Single
Handshake duration: 54.79 ms
Execution 356 - QUIC Single
Handshake duration: 54.12 ms
Execution 357 - QUIC Single
Handshake duration: 56.10 ms
Execution 358 - QUIC Single
Handshake duration: 53.94 ms
Execution 359 - QUIC Single
Handshake duration: 55.04 ms
Execution 360 - QUIC Single
Handshake duration: 54.09 ms
Execution 361 - QUIC Single
Handshake duration: 55.11 ms
Execution 362 - QUIC Single
Handshake duration: 54.56 ms
Execution 363 - QUIC Single
Handshake duration: 54.60 ms
Execution 364 - QUIC Single
Handshake duration: 73.34 ms
Execution 365 - QUIC Single
Handshake duration: 64.77 ms
Execution 366 - QUIC Single
Handshake duration: 54.72 ms
Execution 367 - QUIC Single
Handshake duration: 53.75 ms
Execution 368 - QUIC Single
Handshake duration: 55.13 ms
Execution 369 - QUIC Single
Handshake duration: 53.22 ms
Execution 370 - QUIC Single
Handshake duration: 72.27 ms
Execution 371 - QUIC Single
Handshake duration: 53.82 ms
Execution 372 - QUIC Single
Handshake duration: 54.29 ms
Execution 373 - QUIC Single
Handshake duration: 53.91 ms
Execution 374 - QUIC Single
Handshake duration: 55.15 ms
Execution 375 - QUIC Single
Handshake duration: 54.54 ms
Execution 376 - QUIC Single
Handshake duration: 53.20 ms
Execution 377 - QUIC Single
Handshake duration: 54.79 ms
Execution 378 - QUIC Single
Handshake duration: 53.92 ms
Execution 379 - QUIC Single
Handshake duration: 55.80 ms
Execution 380 - QUIC Single
Handshake duration: 57.26 ms
Execution 381 - QUIC Single
Handshake duration: 64.23 ms
Execution 382 - QUIC Single
Handshake duration: 56.17 ms
Execution 383 - QUIC Single
Handshake duration: 54.63 ms
Execution 384 - QUIC Single
Handshake duration: 55.91 ms
Execution 385 - QUIC Single
Handshake duration: 61.25 ms
Execution 386 - QUIC Single
Handshake duration: 53.87 ms
Execution 387 - QUIC Single
Handshake duration: 54.74 ms
Execution 388 - QUIC Single
Handshake duration: 53.53 ms
Execution 389 - QUIC Single
Handshake duration: 75.86 ms
Execution 390 - QUIC Single
Handshake duration: 56.46 ms
Execution 391 - QUIC Single
Handshake duration: 56.38 ms
Execution 392 - QUIC Single
Handshake duration: 54.31 ms
Execution 393 - QUIC Single
Handshake duration: 66.16 ms
Execution 394 - QUIC Single
Handshake duration: 53.67 ms
Execution 395 - QUIC Single
Handshake duration: 53.64 ms
Execution 396 - QUIC Single
Handshake duration: 54.53 ms
Execution 397 - QUIC Single
Handshake duration: 53.55 ms
Execution 398 - QUIC Single
Handshake duration: 74.71 ms
Execution 399 - QUIC Single
Handshake duration: 53.88 ms
Execution 400 - QUIC Single
Handshake duration: 53.34 ms
Execution 401 - QUIC Single
Handshake duration: 72.50 ms
Execution 402 - QUIC Single
Handshake duration: 55.29 ms
Execution 403 - QUIC Single
Handshake duration: 54.24 ms
Execution 404 - QUIC Single
Handshake duration: 55.16 ms
Execution 405 - QUIC Single
Handshake duration: 53.16 ms
Execution 406 - QUIC Single
Handshake duration: 53.58 ms
Execution 407 - QUIC Single
Handshake duration: 54.65 ms
Execution 408 - QUIC Single
Handshake duration: 53.26 ms
Execution 409 - QUIC Single
Handshake duration: 55.95 ms
Execution 410 - QUIC Single
Handshake duration: 69.32 ms
Execution 411 - QUIC Single
Handshake duration: 57.76 ms
Execution 412 - QUIC Single
Handshake duration: 53.35 ms
Execution 413 - QUIC Single
Handshake duration: 53.06 ms
Execution 414 - QUIC Single
Handshake duration: 73.68 ms
Execution 415 - QUIC Single
Handshake duration: 53.60 ms
Execution 416 - QUIC Single
Handshake duration: 54.02 ms
Execution 417 - QUIC Single
Handshake duration: 53.11 ms
Execution 418 - QUIC Single
Handshake duration: 54.84 ms
Execution 419 - QUIC Single
Handshake duration: 54.23 ms
Execution 420 - QUIC Single
Handshake duration: 53.80 ms
Execution 421 - QUIC Single
Handshake duration: 54.69 ms
Execution 422 - QUIC Single
Handshake duration: 53.14 ms
Execution 423 - QUIC Single
Handshake duration: 53.62 ms
Execution 424 - QUIC Single
Handshake duration: 54.15 ms
Execution 425 - QUIC Single
Handshake duration: 79.55 ms
Execution 426 - QUIC Single
Handshake duration: 53.66 ms
Execution 427 - QUIC Single
Handshake duration: 73.42 ms
Execution 428 - QUIC Single
Handshake duration: 55.47 ms
Execution 429 - QUIC Single
Handshake duration: 54.55 ms
Execution 430 - QUIC Single
Handshake duration: 54.66 ms
Execution 431 - QUIC Single
Handshake duration: 55.17 ms
Execution 432 - QUIC Single
Handshake duration: 67.82 ms
Execution 433 - QUIC Single
Handshake duration: 55.95 ms
Execution 434 - QUIC Single
Handshake duration: 61.20 ms
Execution 435 - QUIC Single
Handshake duration: 74.69 ms
Execution 436 - QUIC Single
Handshake duration: 53.77 ms
Execution 437 - QUIC Single
Handshake duration: 56.89 ms
Execution 438 - QUIC Single
Handshake duration: 53.76 ms
Execution 439 - QUIC Single
Handshake duration: 54.04 ms
Execution 440 - QUIC Single
Handshake duration: 56.16 ms
Execution 441 - QUIC Single
Handshake duration: 55.57 ms
Execution 442 - QUIC Single
Handshake duration: 54.19 ms
Execution 443 - QUIC Single
Handshake duration: 54.02 ms
Execution 444 - QUIC Single
Handshake duration: 53.15 ms
Execution 445 - QUIC Single
Handshake duration: 54.25 ms
Execution 446 - QUIC Single
Handshake duration: 55.32 ms
Execution 447 - QUIC Single
Handshake duration: 76.04 ms
Execution 448 - QUIC Single
Handshake duration: 53.44 ms
Execution 449 - QUIC Single
Handshake duration: 55.87 ms
Execution 450 - QUIC Single
Handshake duration: 73.15 ms
Execution 451 - QUIC Single
Handshake duration: 53.73 ms
Execution 452 - QUIC Single
Handshake duration: 54.06 ms
Execution 453 - QUIC Single
Handshake duration: 53.63 ms
Execution 454 - QUIC Single
Handshake duration: 54.62 ms
Execution 455 - QUIC Single
Handshake duration: 53.24 ms
Execution 456 - QUIC Single
Handshake duration: 55.56 ms
Execution 457 - QUIC Single
Handshake duration: 73.12 ms
Execution 458 - QUIC Single
Handshake duration: 53.90 ms
Execution 459 - QUIC Single
Handshake duration: 55.24 ms
Execution 460 - QUIC Single
Handshake duration: 59.93 ms
Execution 461 - QUIC Single
Handshake duration: 65.08 ms
Execution 462 - QUIC Single
Handshake duration: 55.53 ms
Execution 463 - QUIC Single
Handshake duration: 55.01 ms
Execution 464 - QUIC Single
Handshake duration: 72.89 ms
Execution 465 - QUIC Single
Handshake duration: 70.55 ms
Execution 466 - QUIC Single
Handshake duration: 53.63 ms
Execution 467 - QUIC Single
Handshake duration: 53.05 ms
Execution 468 - QUIC Single
Handshake duration: 54.93 ms
Execution 469 - QUIC Single
Handshake duration: 53.09 ms
Execution 470 - QUIC Single
Handshake duration: 61.41 ms
Execution 471 - QUIC Single
Handshake duration: 55.29 ms
Execution 472 - QUIC Single
Handshake duration: 61.28 ms
Execution 473 - QUIC Single
Handshake duration: 53.63 ms
Execution 474 - QUIC Single
Handshake duration: 74.60 ms
Execution 475 - QUIC Single
Handshake duration: 56.07 ms
Execution 476 - QUIC Single
Handshake duration: 65.79 ms
Execution 477 - QUIC Single
Handshake duration: 55.38 ms
Execution 478 - QUIC Single
Handshake duration: 55.65 ms
Execution 479 - QUIC Single
Handshake duration: 54.03 ms
Execution 480 - QUIC Single
Handshake duration: 54.34 ms
Execution 481 - QUIC Single
Handshake duration: 61.50 ms
Execution 482 - QUIC Single
Handshake duration: 58.81 ms
Execution 483 - QUIC Single
Handshake duration: 55.23 ms
Execution 484 - QUIC Single
Handshake duration: 54.43 ms
Execution 485 - QUIC Single
Handshake duration: 56.48 ms
Execution 486 - QUIC Single
Handshake duration: 55.35 ms
Execution 487 - QUIC Single
Handshake duration: 54.39 ms
Execution 488 - QUIC Single
Handshake duration: 56.80 ms
Execution 489 - QUIC Single
Handshake duration: 55.80 ms
Execution 490 - QUIC Single
Handshake duration: 53.78 ms
Execution 491 - QUIC Single
Handshake duration: 54.65 ms
Execution 492 - QUIC Single
Handshake duration: 53.56 ms
Execution 493 - QUIC Single
Handshake duration: 55.12 ms
Execution 494 - QUIC Single
Handshake duration: 53.92 ms
Execution 495 - QUIC Single
Handshake duration: 66.69 ms
Execution 496 - QUIC Single
Handshake duration: 76.48 ms
Execution 497 - QUIC Single
Handshake duration: 54.10 ms
Execution 498 - QUIC Single
Handshake duration: 54.44 ms
Execution 499 - QUIC Single
Handshake duration: 54.48 ms
Execution 500 - QUIC Single
Handshake duration: 72.59 ms
     Waiting  ... 
   Shutting down server and impairments...

****************
  -> KEM: x448_hqc192

    Executing docker Server...
servidor
cliente
./Launcherv3_pq_hqc_ge_rerun.sh : ligne 309 : 119485 Processus arrêté      /usr/local/bin/pumba netem --duration 1h --interface $NETIF loss-gemodel --pg "${args[0]}" --pb "${args[1]}" --one-h "${args[2]}" --one-k "${args[3]}" "$OQS_SERVER"
00653a1c83b219e04f4dbaa0fe8cf1f2d1ace8d9bcb1995c0ee2790024098b88
    Buscando IP.. 
    IP..  172.18.0.2
   ↳ Applying unstable network profile (loss-gemodel pg20 pb40 h90 k20)
   ✔ Pumba PID 124354 confirmed running (SIG=mldsa65 KEM=x448_hqc192 PROTO=quic)
    Executing docker Client... 172.18.0.2
30cb338959334f06a74dfa900e3d6d983b1d460b4bf87c851760c793cdde2725
cliente
     Docker cliente executed ... 

**************************
     Executing test  ... 
Applying netem rules to lo...
Showing qdisc status for the interface: lo
qdisc netem 8030: root refcnt 2 limit 1000 seed 7745870229624887098
 Sent 0 bytes 0 pkt (dropped 0, overlimits 0 requeues 0) 
 backlog 0b 0p requeues 0
Running ./perftestClientTlsQuic.sh with SIG_ALG=mldsa65 and KEM_ALG=x448_hqc192
Execution 1 - QUIC Single
Handshake duration: 52.54 ms
Execution 2 - QUIC Single
Handshake duration: 61.03 ms
Execution 3 - QUIC Single
Handshake duration: 52.13 ms
Execution 4 - QUIC Single
Handshake duration: 49.79 ms
Execution 5 - QUIC Single
Handshake duration: 48.91 ms
Execution 6 - QUIC Single
Handshake duration: 48.28 ms
Execution 7 - QUIC Single
Handshake duration: 48.26 ms
Execution 8 - QUIC Single
Handshake duration: 48.91 ms
Execution 9 - QUIC Single
Handshake duration: 47.33 ms
Execution 10 - QUIC Single
Handshake duration: 49.18 ms
Execution 11 - QUIC Single
Handshake duration: 50.45 ms
Execution 12 - QUIC Single
Handshake duration: 49.16 ms
Execution 13 - QUIC Single
Handshake duration: 48.52 ms
Execution 14 - QUIC Single
Handshake duration: 63.51 ms
Execution 15 - QUIC Single
Handshake duration: 49.18 ms
Execution 16 - QUIC Single
Handshake duration: 49.19 ms
Execution 17 - QUIC Single
Handshake duration: 47.57 ms
Execution 18 - QUIC Single
Handshake duration: 47.94 ms
Execution 19 - QUIC Single
Handshake duration: 47.38 ms
Execution 20 - QUIC Single
Handshake duration: 46.98 ms
Execution 21 - QUIC Single
Handshake duration: 48.85 ms
Execution 22 - QUIC Single
Handshake duration: 47.51 ms
Execution 23 - QUIC Single
Handshake duration: 49.02 ms
Execution 24 - QUIC Single
Handshake duration: 57.24 ms
Execution 25 - QUIC Single
Handshake duration: 48.20 ms
Execution 26 - QUIC Single
Handshake duration: 60.44 ms
Execution 27 - QUIC Single
Handshake duration: 47.67 ms
Execution 28 - QUIC Single
Handshake duration: 65.43 ms
Execution 29 - QUIC Single
Handshake duration: 48.90 ms
Execution 30 - QUIC Single
Handshake duration: 63.65 ms
Execution 31 - QUIC Single
Handshake duration: 47.80 ms
Execution 32 - QUIC Single
Handshake duration: 49.89 ms
Execution 33 - QUIC Single
Handshake duration: 48.61 ms
Execution 34 - QUIC Single
Handshake duration: 46.98 ms
Execution 35 - QUIC Single
Handshake duration: 48.51 ms
Execution 36 - QUIC Single
Handshake duration: 48.79 ms
Execution 37 - QUIC Single
Handshake duration: 55.48 ms
Execution 38 - QUIC Single
Handshake duration: 57.83 ms
Execution 39 - QUIC Single
Handshake duration: 65.72 ms
Execution 40 - QUIC Single
Handshake duration: 68.43 ms
Execution 41 - QUIC Single
Handshake duration: 47.59 ms
Execution 42 - QUIC Single
Handshake duration: 47.18 ms
Execution 43 - QUIC Single
Handshake duration: 49.36 ms
Execution 44 - QUIC Single
Handshake duration: 48.06 ms
Execution 45 - QUIC Single
Handshake duration: 47.19 ms
Execution 46 - QUIC Single
Handshake duration: 47.32 ms
Execution 47 - QUIC Single
Handshake duration: 52.84 ms
Execution 48 - QUIC Single
Handshake duration: 63.68 ms
Execution 49 - QUIC Single
Handshake duration: 47.21 ms
Execution 50 - QUIC Single
Handshake duration: 48.40 ms
Execution 51 - QUIC Single
Handshake duration: 47.35 ms
Execution 52 - QUIC Single
Handshake duration: 47.67 ms
Execution 53 - QUIC Single
Handshake duration: 60.36 ms
Execution 54 - QUIC Single
Handshake duration: 64.01 ms
Execution 55 - QUIC Single
Handshake duration: 63.45 ms
Execution 56 - QUIC Single
Handshake duration: 48.30 ms
Execution 57 - QUIC Single
Handshake duration: 65.48 ms
Execution 58 - QUIC Single
Handshake duration: 47.33 ms
Execution 59 - QUIC Single
Handshake duration: 47.48 ms
Execution 60 - QUIC Single
Handshake duration: 47.62 ms
Execution 61 - QUIC Single
Handshake duration: 47.50 ms
Execution 62 - QUIC Single
Handshake duration: 47.08 ms
Execution 63 - QUIC Single
Handshake duration: 47.43 ms
Execution 64 - QUIC Single
Handshake duration: 48.08 ms
Execution 65 - QUIC Single
Handshake duration: 48.00 ms
Execution 66 - QUIC Single
Handshake duration: 47.45 ms
Execution 67 - QUIC Single
Handshake duration: 48.22 ms
Execution 68 - QUIC Single
Handshake duration: 52.00 ms
Execution 69 - QUIC Single
Handshake duration: 47.33 ms
Execution 70 - QUIC Single
Handshake duration: 63.32 ms
Execution 71 - QUIC Single
Handshake duration: 48.82 ms
Execution 72 - QUIC Single
Handshake duration: 47.97 ms
Execution 73 - QUIC Single
Handshake duration: 47.08 ms
Execution 74 - QUIC Single
Handshake duration: 48.25 ms
Execution 75 - QUIC Single
Handshake duration: 68.10 ms
Execution 76 - QUIC Single
Handshake duration: 47.63 ms
Execution 77 - QUIC Single
Handshake duration: 50.10 ms
Execution 78 - QUIC Single
Handshake duration: 64.17 ms
Execution 79 - QUIC Single
Handshake duration: 65.16 ms
Execution 80 - QUIC Single
Handshake duration: 47.03 ms
Execution 81 - QUIC Single
Handshake duration: 47.29 ms
Execution 82 - QUIC Single
Handshake duration: 48.38 ms
Execution 83 - QUIC Single
Handshake duration: 54.21 ms
Execution 84 - QUIC Single
Handshake duration: 63.94 ms
Execution 85 - QUIC Single
Handshake duration: 47.55 ms
Execution 86 - QUIC Single
Handshake duration: 48.37 ms
Execution 87 - QUIC Single
Handshake duration: 49.68 ms
Execution 88 - QUIC Single
Handshake duration: 57.52 ms
Execution 89 - QUIC Single
Handshake duration: 59.23 ms
Execution 90 - QUIC Single
Handshake duration: 46.92 ms
Execution 91 - QUIC Single
Handshake duration: 64.33 ms
Execution 92 - QUIC Single
Handshake duration: 48.01 ms
Execution 93 - QUIC Single
Handshake duration: 48.29 ms
Execution 94 - QUIC Single
Handshake duration: 48.11 ms
Execution 95 - QUIC Single
Handshake duration: 60.60 ms
Execution 96 - QUIC Single
Handshake duration: 50.26 ms
Execution 97 - QUIC Single
Handshake duration: 48.05 ms
Execution 98 - QUIC Single
Handshake duration: 46.92 ms
Execution 99 - QUIC Single
Handshake duration: 48.59 ms
Execution 100 - QUIC Single
Handshake duration: 47.34 ms
Execution 101 - QUIC Single
Handshake duration: 46.87 ms
Execution 102 - QUIC Single
Handshake duration: 48.21 ms
Execution 103 - QUIC Single
Handshake duration: 47.47 ms
Execution 104 - QUIC Single
Handshake duration: 48.27 ms
Execution 105 - QUIC Single
Handshake duration: 49.72 ms
Execution 106 - QUIC Single
Handshake duration: 50.99 ms
Execution 107 - QUIC Single
Handshake duration: 47.09 ms
Execution 108 - QUIC Single
Handshake duration: 50.33 ms
Execution 109 - QUIC Single
Handshake duration: 47.98 ms
Execution 110 - QUIC Single
Handshake duration: 49.79 ms
Execution 111 - QUIC Single
Handshake duration: 48.92 ms
Execution 112 - QUIC Single
Handshake duration: 48.83 ms
Execution 113 - QUIC Single
Handshake duration: 57.32 ms
Execution 114 - QUIC Single
Handshake duration: 48.36 ms
Execution 115 - QUIC Single
Handshake duration: 47.39 ms
Execution 116 - QUIC Single
Handshake duration: 47.81 ms
Execution 117 - QUIC Single
Handshake duration: 47.59 ms
Execution 118 - QUIC Single
Handshake duration: 47.41 ms
Execution 119 - QUIC Single
Handshake duration: 47.67 ms
Execution 120 - QUIC Single
Handshake duration: 49.83 ms
Execution 121 - QUIC Single
Handshake duration: 58.30 ms
Execution 122 - QUIC Single
Handshake duration: 47.17 ms
Execution 123 - QUIC Single
Handshake duration: 48.04 ms
Execution 124 - QUIC Single
Handshake duration: 61.33 ms
Execution 125 - QUIC Single
Handshake duration: 46.98 ms
Execution 126 - QUIC Single
Handshake duration: 68.03 ms
Execution 127 - QUIC Single
Handshake duration: 48.31 ms
Execution 128 - QUIC Single
Handshake duration: 51.39 ms
Execution 129 - QUIC Single
Handshake duration: 48.11 ms
Execution 130 - QUIC Single
Handshake duration: 62.35 ms
Execution 131 - QUIC Single
Handshake duration: 64.65 ms
Execution 132 - QUIC Single
Handshake duration: 48.21 ms
Execution 133 - QUIC Single
Handshake duration: 47.04 ms
Execution 134 - QUIC Single
Handshake duration: 47.54 ms
Execution 135 - QUIC Single
Handshake duration: 67.75 ms
Execution 136 - QUIC Single
Handshake duration: 48.47 ms
Execution 137 - QUIC Single
Handshake duration: 50.02 ms
Execution 138 - QUIC Single
Handshake duration: 63.75 ms
Execution 139 - QUIC Single
Handshake duration: 67.32 ms
Execution 140 - QUIC Single
Handshake duration: 48.53 ms
Execution 141 - QUIC Single
Handshake duration: 47.20 ms
Execution 142 - QUIC Single
Handshake duration: 52.70 ms
Execution 143 - QUIC Single
Handshake duration: 49.04 ms
Execution 144 - QUIC Single
Handshake duration: 47.28 ms
Execution 145 - QUIC Single
Handshake duration: 47.60 ms
Execution 146 - QUIC Single
Handshake duration: 49.00 ms
Execution 147 - QUIC Single
Handshake duration: 47.10 ms
Execution 148 - QUIC Single
Handshake duration: 48.43 ms
Execution 149 - QUIC Single
Handshake duration: 47.20 ms
Execution 150 - QUIC Single
Handshake duration: 47.98 ms
Execution 151 - QUIC Single
Handshake duration: 47.67 ms
Execution 152 - QUIC Single
Handshake duration: 52.31 ms
Execution 153 - QUIC Single
Handshake duration: 48.49 ms
Execution 154 - QUIC Single
Handshake duration: 47.48 ms
Execution 155 - QUIC Single
Handshake duration: 47.49 ms
Execution 156 - QUIC Single
Handshake duration: 47.49 ms
Execution 157 - QUIC Single
Handshake duration: 47.68 ms
Execution 158 - QUIC Single
Handshake duration: 47.66 ms
Execution 159 - QUIC Single
Handshake duration: 47.19 ms
Execution 160 - QUIC Single
Handshake duration: 60.47 ms
Execution 161 - QUIC Single
Handshake duration: 46.64 ms
Execution 162 - QUIC Single
Handshake duration: 47.97 ms
Execution 163 - QUIC Single
Handshake duration: 49.24 ms
Execution 164 - QUIC Single
Handshake duration: 47.34 ms
Execution 165 - QUIC Single
Handshake duration: 46.87 ms
Execution 166 - QUIC Single
Handshake duration: 48.31 ms
Execution 167 - QUIC Single
Handshake duration: 75.00 ms
Execution 168 - QUIC Single
Handshake duration: 54.88 ms
Execution 169 - QUIC Single
Handshake duration: 47.02 ms
Execution 170 - QUIC Single
Handshake duration: 47.07 ms
Execution 171 - QUIC Single
Handshake duration: 49.01 ms
Execution 172 - QUIC Single
Handshake duration: 47.74 ms
Execution 173 - QUIC Single
Handshake duration: 48.09 ms
Execution 174 - QUIC Single
Handshake duration: 54.37 ms
Execution 175 - QUIC Single
Handshake duration: 47.20 ms
Execution 176 - QUIC Single
Handshake duration: 47.93 ms
Execution 177 - QUIC Single
Handshake duration: 49.28 ms
Execution 178 - QUIC Single
Handshake duration: 61.16 ms
Execution 179 - QUIC Single
Handshake duration: 63.52 ms
Execution 180 - QUIC Single
Handshake duration: 53.82 ms
Execution 181 - QUIC Single
Handshake duration: 49.68 ms
Execution 182 - QUIC Single
Handshake duration: 47.62 ms
Execution 183 - QUIC Single
Handshake duration: 48.32 ms
Execution 184 - QUIC Single
Handshake duration: 47.61 ms
Execution 185 - QUIC Single
Handshake duration: 47.27 ms
Execution 186 - QUIC Single
Handshake duration: 53.14 ms
Execution 187 - QUIC Single
Handshake duration: 46.83 ms
Execution 188 - QUIC Single
Handshake duration: 49.56 ms
Execution 189 - QUIC Single
Handshake duration: 49.00 ms
Execution 190 - QUIC Single
Handshake duration: 48.19 ms
Execution 191 - QUIC Single
Handshake duration: 49.15 ms
Execution 192 - QUIC Single
Handshake duration: 49.76 ms
Execution 193 - QUIC Single
Handshake duration: 64.70 ms
Execution 194 - QUIC Single
Handshake duration: 46.96 ms
Execution 195 - QUIC Single
Handshake duration: 46.95 ms
Execution 196 - QUIC Single
Handshake duration: 48.17 ms
Execution 197 - QUIC Single
Handshake duration: 46.97 ms
Execution 198 - QUIC Single
Handshake duration: 47.40 ms
Execution 199 - QUIC Single
Handshake duration: 49.39 ms
Execution 200 - QUIC Single
Handshake duration: 49.01 ms
Execution 201 - QUIC Single
Handshake duration: 47.80 ms
Execution 202 - QUIC Single
Handshake duration: 59.83 ms
Execution 203 - QUIC Single
Handshake duration: 47.83 ms
Execution 204 - QUIC Single
Handshake duration: 60.45 ms
Execution 205 - QUIC Single
Handshake duration: 47.94 ms
Execution 206 - QUIC Single
Handshake duration: 49.11 ms
Execution 207 - QUIC Single
Handshake duration: 47.51 ms
Execution 208 - QUIC Single
Handshake duration: 48.32 ms
Execution 209 - QUIC Single
Handshake duration: 49.53 ms
Execution 210 - QUIC Single
Handshake duration: 48.40 ms
Execution 211 - QUIC Single
Handshake duration: 47.97 ms
Execution 212 - QUIC Single
Handshake duration: 48.59 ms
Execution 213 - QUIC Single
Handshake duration: 59.02 ms
Execution 214 - QUIC Single
Handshake duration: 47.94 ms
Execution 215 - QUIC Single
Handshake duration: 49.50 ms
Execution 216 - QUIC Single
Handshake duration: 48.73 ms
Execution 217 - QUIC Single
Handshake duration: 48.48 ms
Execution 218 - QUIC Single
Handshake duration: 58.52 ms
Execution 219 - QUIC Single
Handshake duration: 48.33 ms
Execution 220 - QUIC Single
Handshake duration: 60.59 ms
Execution 221 - QUIC Single
Handshake duration: 48.74 ms
Execution 222 - QUIC Single
Handshake duration: 48.17 ms
Execution 223 - QUIC Single
Handshake duration: 47.73 ms
Execution 224 - QUIC Single
Handshake duration: 48.33 ms
Execution 225 - QUIC Single
Handshake duration: 48.06 ms
Execution 226 - QUIC Single
Handshake duration: 51.40 ms
Execution 227 - QUIC Single
Handshake duration: 47.48 ms
Execution 228 - QUIC Single
Handshake duration: 64.70 ms
Execution 229 - QUIC Single
Handshake duration: 48.73 ms
Execution 230 - QUIC Single
Handshake duration: 48.01 ms
Execution 231 - QUIC Single
Handshake duration: 47.73 ms
Execution 232 - QUIC Single
Handshake duration: 48.08 ms
Execution 233 - QUIC Single
Handshake duration: 48.17 ms
Execution 234 - QUIC Single
Handshake duration: 48.55 ms
Execution 235 - QUIC Single
Handshake duration: 48.92 ms
Execution 236 - QUIC Single
Handshake duration: 47.47 ms
Execution 237 - QUIC Single
Handshake duration: 49.60 ms
Execution 238 - QUIC Single
Handshake duration: 48.50 ms
Execution 239 - QUIC Single
Handshake duration: 48.03 ms
Execution 240 - QUIC Single
Handshake duration: 47.75 ms
Execution 241 - QUIC Single
Handshake duration: 46.89 ms
Execution 242 - QUIC Single
Handshake duration: 48.49 ms
Execution 243 - QUIC Single
Handshake duration: 47.41 ms
Execution 244 - QUIC Single
Handshake duration: 48.49 ms
Execution 245 - QUIC Single
Handshake duration: 47.76 ms
Execution 246 - QUIC Single
Handshake duration: 51.15 ms
Execution 247 - QUIC Single
Handshake duration: 48.77 ms
Execution 248 - QUIC Single
Handshake duration: 48.01 ms
Execution 249 - QUIC Single
Handshake duration: 48.14 ms
Execution 250 - QUIC Single
Handshake duration: 66.37 ms
Execution 251 - QUIC Single
Handshake duration: 48.11 ms
Execution 252 - QUIC Single
Handshake duration: 50.52 ms
Execution 253 - QUIC Single
Handshake duration: 47.76 ms
Execution 254 - QUIC Single
Handshake duration: 47.10 ms
Execution 255 - QUIC Single
Handshake duration: 48.80 ms
Execution 256 - QUIC Single
Handshake duration: 48.49 ms
Execution 257 - QUIC Single
Handshake duration: 48.02 ms
Execution 258 - QUIC Single
Handshake duration: 48.27 ms
Execution 259 - QUIC Single
Handshake duration: 48.33 ms
Execution 260 - QUIC Single
Handshake duration: 48.50 ms
Execution 261 - QUIC Single
Handshake duration: 48.61 ms
Execution 262 - QUIC Single
Handshake duration: 48.55 ms
Execution 263 - QUIC Single
Handshake duration: 47.89 ms
Execution 264 - QUIC Single
Handshake duration: 48.83 ms
Execution 265 - QUIC Single
Handshake duration: 47.18 ms
Execution 266 - QUIC Single
Handshake duration: 47.77 ms
Execution 267 - QUIC Single
Handshake duration: 48.00 ms
Execution 268 - QUIC Single
Handshake duration: 60.25 ms
Execution 269 - QUIC Single
Handshake duration: 46.90 ms
Execution 270 - QUIC Single
Handshake duration: 47.34 ms
Execution 271 - QUIC Single
Handshake duration: 63.36 ms
Execution 272 - QUIC Single
Handshake duration: 61.65 ms
Execution 273 - QUIC Single
Handshake duration: 60.67 ms
Execution 274 - QUIC Single
Handshake duration: 47.58 ms
Execution 275 - QUIC Single
Handshake duration: 46.92 ms
Execution 276 - QUIC Single
Handshake duration: 62.16 ms
Execution 277 - QUIC Single
Handshake duration: 59.91 ms
Execution 278 - QUIC Single
Handshake duration: 48.46 ms
Execution 279 - QUIC Single
Handshake duration: 47.65 ms
Execution 280 - QUIC Single
Handshake duration: 47.49 ms
Execution 281 - QUIC Single
Handshake duration: 58.31 ms
Execution 282 - QUIC Single
Handshake duration: 60.62 ms
Execution 283 - QUIC Single
Handshake duration: 64.45 ms
Execution 284 - QUIC Single
Handshake duration: 67.69 ms
Execution 285 - QUIC Single
Handshake duration: 47.81 ms
Execution 286 - QUIC Single
Handshake duration: 49.24 ms
Execution 287 - QUIC Single
Handshake duration: 47.42 ms
Execution 288 - QUIC Single

Handshake duration: 49.37 ms
Execution 289 - QUIC Single
Handshake duration: 47.63 ms
Execution 290 - QUIC Single
Handshake duration: 47.42 ms
Execution 291 - QUIC Single
Handshake duration: 65.46 ms
Execution 292 - QUIC Single
Handshake duration: 48.01 ms
Execution 293 - QUIC Single
Handshake duration: 48.22 ms
Execution 294 - QUIC Single
Handshake duration: 50.56 ms
Execution 295 - QUIC Single
Handshake duration: 47.11 ms
Execution 296 - QUIC Single
Handshake duration: 47.64 ms
Execution 297 - QUIC Single
Handshake duration: 48.61 ms
Execution 298 - QUIC Single
Handshake duration: 47.36 ms
Execution 299 - QUIC Single
Handshake duration: 47.16 ms
Execution 300 - QUIC Single
Handshake duration: 64.31 ms
Execution 301 - QUIC Single
Handshake duration: 48.27 ms
Execution 302 - QUIC Single
Handshake duration: 51.20 ms
Execution 303 - QUIC Single
Handshake duration: 47.16 ms
Execution 304 - QUIC Single
Handshake duration: 48.95 ms
Execution 305 - QUIC Single
Handshake duration: 47.64 ms
Execution 306 - QUIC Single
Handshake duration: 48.62 ms
Execution 307 - QUIC Single
Handshake duration: 47.34 ms
Execution 308 - QUIC Single
Handshake duration: 49.08 ms
Execution 309 - QUIC Single
Handshake duration: 47.42 ms
Execution 310 - QUIC Single
Handshake duration: 46.75 ms
Execution 311 - QUIC Single
Handshake duration: 49.10 ms
Execution 312 - QUIC Single
Handshake duration: 64.48 ms
Execution 313 - QUIC Single
Handshake duration: 47.58 ms
Execution 314 - QUIC Single
Handshake duration: 47.72 ms
Execution 315 - QUIC Single
Handshake duration: 48.59 ms
Execution 316 - QUIC Single
Handshake duration: 59.99 ms
Execution 317 - QUIC Single
Handshake duration: 48.70 ms
Execution 318 - QUIC Single
Handshake duration: 47.08 ms
Execution 319 - QUIC Single
Handshake duration: 47.49 ms
Execution 320 - QUIC Single
Handshake duration: 47.17 ms
Execution 321 - QUIC Single
Handshake duration: 60.12 ms
Execution 322 - QUIC Single
Handshake duration: 47.73 ms
Execution 323 - QUIC Single
Handshake duration: 48.72 ms
Execution 324 - QUIC Single
Handshake duration: 46.87 ms
Execution 325 - QUIC Single
Handshake duration: 48.60 ms
Execution 326 - QUIC Single
Handshake duration: 65.11 ms
Execution 327 - QUIC Single
Handshake duration: 64.20 ms
Execution 328 - QUIC Single
Handshake duration: 47.11 ms
Execution 329 - QUIC Single
Handshake duration: 49.06 ms
Execution 330 - QUIC Single
Handshake duration: 47.81 ms
Execution 331 - QUIC Single
Handshake duration: 48.32 ms
Execution 332 - QUIC Single
Handshake duration: 47.98 ms
Execution 333 - QUIC Single
Handshake duration: 47.08 ms
Execution 334 - QUIC Single
Handshake duration: 48.67 ms
Execution 335 - QUIC Single
Handshake duration: 48.24 ms
Execution 336 - QUIC Single
Handshake duration: 47.27 ms
Execution 337 - QUIC Single
Handshake duration: 48.23 ms
Execution 338 - QUIC Single
Handshake duration: 48.06 ms
Execution 339 - QUIC Single
Handshake duration: 48.52 ms
Execution 340 - QUIC Single
Handshake duration: 47.39 ms
Execution 341 - QUIC Single
Handshake duration: 47.47 ms
Execution 342 - QUIC Single
Handshake duration: 46.76 ms
Execution 343 - QUIC Single
Handshake duration: 47.63 ms
Execution 344 - QUIC Single
Handshake duration: 63.94 ms
Execution 345 - QUIC Single
Handshake duration: 46.91 ms
Execution 346 - QUIC Single
Handshake duration: 48.65 ms
Execution 347 - QUIC Single
Handshake duration: 47.97 ms
Execution 348 - QUIC Single
Handshake duration: 48.15 ms
Execution 349 - QUIC Single
Handshake duration: 48.52 ms
Execution 350 - QUIC Single
Handshake duration: 66.39 ms
Execution 351 - QUIC Single
Handshake duration: 48.88 ms
Execution 352 - QUIC Single
Handshake duration: 48.20 ms
Execution 353 - QUIC Single
Handshake duration: 47.54 ms
Execution 354 - QUIC Single
Handshake duration: 52.23 ms
Execution 355 - QUIC Single
Handshake duration: 48.01 ms
Execution 356 - QUIC Single
Handshake duration: 47.08 ms
Execution 357 - QUIC Single
Handshake duration: 48.81 ms
Execution 358 - QUIC Single
Handshake duration: 47.43 ms
Execution 359 - QUIC Single
Handshake duration: 46.99 ms
Execution 360 - QUIC Single
Handshake duration: 47.39 ms
Execution 361 - QUIC Single
Handshake duration: 66.18 ms
Execution 362 - QUIC Single
Handshake duration: 57.40 ms
Execution 363 - QUIC Single
Handshake duration: 61.09 ms
Execution 364 - QUIC Single
Handshake duration: 47.15 ms
Execution 365 - QUIC Single
Handshake duration: 48.36 ms
Execution 366 - QUIC Single
Handshake duration: 47.41 ms
Execution 367 - QUIC Single
Handshake duration: 48.30 ms
Execution 368 - QUIC Single
Handshake duration: 48.70 ms
Execution 369 - QUIC Single
Handshake duration: 58.95 ms
Execution 370 - QUIC Single
Handshake duration: 47.42 ms
Execution 371 - QUIC Single
Handshake duration: 64.51 ms
Execution 372 - QUIC Single
Handshake duration: 47.73 ms
Execution 373 - QUIC Single
Handshake duration: 46.74 ms
Execution 374 - QUIC Single
Handshake duration: 58.80 ms
Execution 375 - QUIC Single
Handshake duration: 48.58 ms
Execution 376 - QUIC Single
Handshake duration: 47.41 ms
Execution 377 - QUIC Single
Handshake duration: 48.94 ms
Execution 378 - QUIC Single
Handshake duration: 47.75 ms
Execution 379 - QUIC Single
Handshake duration: 47.11 ms
Execution 380 - QUIC Single
Handshake duration: 48.03 ms
Execution 381 - QUIC Single
Handshake duration: 47.44 ms
Execution 382 - QUIC Single
Handshake duration: 47.10 ms
Execution 383 - QUIC Single
Handshake duration: 48.67 ms
Execution 384 - QUIC Single
Handshake duration: 47.36 ms
Execution 385 - QUIC Single
Handshake duration: 62.41 ms
Execution 386 - QUIC Single
Handshake duration: 48.26 ms
Execution 387 - QUIC Single
Handshake duration: 47.14 ms
Execution 388 - QUIC Single
Handshake duration: 47.18 ms
Execution 389 - QUIC Single
Handshake duration: 47.75 ms
Execution 390 - QUIC Single
Handshake duration: 48.52 ms
Execution 391 - QUIC Single
Handshake duration: 47.11 ms
Execution 392 - QUIC Single
Handshake duration: 48.69 ms
Execution 393 - QUIC Single
Handshake duration: 48.06 ms
Execution 394 - QUIC Single
Handshake duration: 48.86 ms
Execution 395 - QUIC Single
Handshake duration: 66.16 ms
Execution 396 - QUIC Single
Handshake duration: 48.70 ms
Execution 397 - QUIC Single
Handshake duration: 47.29 ms
Execution 398 - QUIC Single
Handshake duration: 48.20 ms
Execution 399 - QUIC Single
Handshake duration: 47.16 ms
Execution 400 - QUIC Single
Handshake duration: 48.45 ms
Execution 401 - QUIC Single
Handshake duration: 63.28 ms
Execution 402 - QUIC Single
Handshake duration: 54.12 ms
Execution 403 - QUIC Single
Handshake duration: 48.71 ms
Execution 404 - QUIC Single
Handshake duration: 49.15 ms
Execution 405 - QUIC Single
Handshake duration: 50.20 ms
Execution 406 - QUIC Single
Handshake duration: 48.88 ms
Execution 407 - QUIC Single
Handshake duration: 48.70 ms
Execution 408 - QUIC Single
Handshake duration: 48.05 ms
Execution 409 - QUIC Single
Handshake duration: 47.42 ms
Execution 410 - QUIC Single
Handshake duration: 68.29 ms
Execution 411 - QUIC Single
Handshake duration: 48.29 ms
Execution 412 - QUIC Single
Handshake duration: 57.64 ms
Execution 413 - QUIC Single
Handshake duration: 47.78 ms
Execution 414 - QUIC Single
Handshake duration: 49.71 ms
Execution 415 - QUIC Single
Handshake duration: 58.23 ms
Execution 416 - QUIC Single
Handshake duration: 53.64 ms
Execution 417 - QUIC Single
Handshake duration: 47.93 ms
Execution 418 - QUIC Single
Handshake duration: 47.44 ms
Execution 419 - QUIC Single
Handshake duration: 47.06 ms
Execution 420 - QUIC Single
Handshake duration: 67.87 ms
Execution 421 - QUIC Single
Handshake duration: 48.98 ms
Execution 422 - QUIC Single
Handshake duration: 46.76 ms
Execution 423 - QUIC Single
Handshake duration: 47.79 ms
Execution 424 - QUIC Single
Handshake duration: 47.96 ms
Execution 425 - QUIC Single
Handshake duration: 48.44 ms
Execution 426 - QUIC Single
Handshake duration: 47.05 ms
Execution 427 - QUIC Single
Handshake duration: 46.92 ms
Execution 428 - QUIC Single
Handshake duration: 48.27 ms
Execution 429 - QUIC Single
Handshake duration: 48.10 ms
Execution 430 - QUIC Single
Handshake duration: 47.73 ms
Execution 431 - QUIC Single
Handshake duration: 46.90 ms
Execution 432 - QUIC Single
Handshake duration: 47.39 ms
Execution 433 - QUIC Single
Handshake duration: 47.47 ms
Execution 434 - QUIC Single
Handshake duration: 47.29 ms
Execution 435 - QUIC Single
Handshake duration: 48.55 ms
Execution 436 - QUIC Single
Handshake duration: 47.15 ms
Execution 437 - QUIC Single
Handshake duration: 49.72 ms
Execution 438 - QUIC Single
Handshake duration: 48.04 ms
Execution 439 - QUIC Single
Handshake duration: 48.27 ms
Execution 440 - QUIC Single
Handshake duration: 47.45 ms
Execution 441 - QUIC Single
Handshake duration: 48.24 ms
Execution 442 - QUIC Single
Handshake duration: 47.39 ms
Execution 443 - QUIC Single
Handshake duration: 47.45 ms
Execution 444 - QUIC Single
Handshake duration: 47.53 ms
Execution 445 - QUIC Single
Handshake duration: 60.20 ms
Execution 446 - QUIC Single
Handshake duration: 65.10 ms
Execution 447 - QUIC Single
Handshake duration: 47.93 ms
Execution 448 - QUIC Single
Handshake duration: 48.51 ms
Execution 449 - QUIC Single
Handshake duration: 49.47 ms
Execution 450 - QUIC Single
Handshake duration: 47.38 ms
Execution 451 - QUIC Single
Handshake duration: 63.30 ms
Execution 452 - QUIC Single
Handshake duration: 48.42 ms
Execution 453 - QUIC Single
Handshake duration: 54.10 ms
Execution 454 - QUIC Single
Handshake duration: 48.23 ms
Execution 455 - QUIC Single
Handshake duration: 49.03 ms
Execution 456 - QUIC Single
Handshake duration: 47.84 ms
Execution 457 - QUIC Single
Handshake duration: 47.95 ms
Execution 458 - QUIC Single
Handshake duration: 64.05 ms
Execution 459 - QUIC Single
Handshake duration: 47.22 ms
Execution 460 - QUIC Single
Handshake duration: 58.81 ms
Execution 461 - QUIC Single
Handshake duration: 47.64 ms
Execution 462 - QUIC Single
Handshake duration: 47.11 ms
Execution 463 - QUIC Single
Handshake duration: 48.53 ms
Execution 464 - QUIC Single
Handshake duration: 48.38 ms
Execution 465 - QUIC Single
Handshake duration: 48.00 ms
Execution 466 - QUIC Single
Handshake duration: 47.62 ms
Execution 467 - QUIC Single
Handshake duration: 47.13 ms
Execution 468 - QUIC Single
Handshake duration: 47.94 ms
Execution 469 - QUIC Single
Handshake duration: 48.59 ms
Execution 470 - QUIC Single
Handshake duration: 47.03 ms
Execution 471 - QUIC Single
Handshake duration: 47.07 ms
Execution 472 - QUIC Single
Handshake duration: 50.29 ms
Execution 473 - QUIC Single
Handshake duration: 47.31 ms
Execution 474 - QUIC Single
Handshake duration: 46.98 ms
Execution 475 - QUIC Single
Handshake duration: 49.40 ms
Execution 476 - QUIC Single
Handshake duration: 58.87 ms
Execution 477 - QUIC Single
Handshake duration: 47.24 ms
Execution 478 - QUIC Single
Handshake duration: 47.45 ms
Execution 479 - QUIC Single
Handshake duration: 48.00 ms
Execution 480 - QUIC Single
Handshake duration: 48.73 ms
Execution 481 - QUIC Single
Handshake duration: 47.58 ms
Execution 482 - QUIC Single
Handshake duration: 47.47 ms
Execution 483 - QUIC Single
Handshake duration: 48.50 ms
Execution 484 - QUIC Single
Handshake duration: 48.05 ms
Execution 485 - QUIC Single
Handshake duration: 47.47 ms
Execution 486 - QUIC Single
Handshake duration: 49.86 ms
Execution 487 - QUIC Single
Handshake duration: 68.62 ms
Execution 488 - QUIC Single
Handshake duration: 58.23 ms
Execution 489 - QUIC Single
Handshake duration: 48.51 ms
Execution 490 - QUIC Single
Handshake duration: 47.06 ms
Execution 491 - QUIC Single
Handshake duration: 47.92 ms
Execution 492 - QUIC Single
Handshake duration: 47.96 ms
Execution 493 - QUIC Single
Handshake duration: 46.89 ms
Execution 494 - QUIC Single
Handshake duration: 47.79 ms
Execution 495 - QUIC Single
Handshake duration: 48.67 ms
Execution 496 - QUIC Single
Handshake duration: 49.09 ms
Execution 497 - QUIC Single
Handshake duration: 62.83 ms
Execution 498 - QUIC Single
Handshake duration: 47.11 ms
Execution 499 - QUIC Single
Handshake duration: 60.35 ms
Execution 500 - QUIC Single
Handshake duration: 48.61 ms
     Waiting  ... 
   Shutting down server and impairments...

 ==> Executing for SIG_ALG: mldsa87

 ==> Creating Certs and Keys
Creating certificates
Using default procedure for mldsa87
-----
-----
Certificate request self-signature ok
subject=CN==localhost
-----
Certificate request self-signature ok
subject=CN==user
Running /opt/oqssa/bin/doCert.sh with SIG_ALG=mldsa87 and certificates created

./Launcherv3_pq_hqc_ge_rerun.sh : ligne 281 : 124354 Processus arrêté      /usr/local/bin/pumba netem --duration 1h --interface $NETIF loss-gemodel --pg "${args[0]}" --pb "${args[1]}" --one-h "${args[2]}" --one-k "${args[3]}" "$OQS_SERVER"

****************
  -> KEM: P-521

    Executing docker Server...
servidor
cliente
1293a5b9f6e4aab5e3b02d2f1511e9e841b6372cb011ae898b4dea1dd3ad034f
    Buscando IP.. 
    IP..  172.18.0.2
   ↳ Applying unstable network profile (loss-gemodel pg20 pb40 h90 k20)
   ✔ Pumba PID 129317 confirmed running (SIG=mldsa87 KEM=P-521 PROTO=quic)
    Executing docker Client... 172.18.0.2
389526483eb512a3ed9a28ef7820bbea6922f6a9c6d94f339421f0840c548502
cliente
     Docker cliente executed ... 

**************************
     Executing test  ... 
Applying netem rules to lo...
Showing qdisc status for the interface: lo
qdisc netem 8032: root refcnt 2 limit 1000 seed 2829322409957558015
 Sent 0 bytes 0 pkt (dropped 0, overlimits 0 requeues 0) 
 backlog 0b 0p requeues 0
Running ./perftestClientTlsQuic.sh with SIG_ALG=mldsa87 and KEM_ALG=P-521
Execution 1 - QUIC Single
Handshake duration: 4.21 ms
Execution 2 - QUIC Single
Handshake duration: 4.54 ms
Execution 3 - QUIC Single
Handshake duration: 5.61 ms
Execution 4 - QUIC Single
Handshake duration: 5.05 ms
Execution 5 - QUIC Single
Handshake duration: 4.05 ms
Execution 6 - QUIC Single
Handshake duration: 5.07 ms
Execution 7 - QUIC Single
Handshake duration: 6.18 ms
Execution 8 - QUIC Single
Handshake duration: 4.94 ms
Execution 9 - QUIC Single
Handshake duration: 4.05 ms
Execution 10 - QUIC Single
Handshake duration: 4.18 ms
Execution 11 - QUIC Single
Handshake duration: 4.11 ms
Execution 12 - QUIC Single
Handshake duration: 3.93 ms
Execution 13 - QUIC Single
Handshake duration: 4.16 ms
Execution 14 - QUIC Single
Handshake duration: 5.00 ms
Execution 15 - QUIC Single
Handshake duration: 4.20 ms
Execution 16 - QUIC Single
Handshake duration: 3.97 ms
Execution 17 - QUIC Single
Handshake duration: 4.10 ms
Execution 18 - QUIC Single
Handshake duration: 3.94 ms
Execution 19 - QUIC Single
Handshake duration: 4.05 ms
Execution 20 - QUIC Single
Handshake duration: 3.96 ms
Execution 21 - QUIC Single
Handshake duration: 4.02 ms
Execution 22 - QUIC Single
Handshake duration: 4.41 ms
Execution 23 - QUIC Single
Handshake duration: 4.67 ms
Execution 24 - QUIC Single
Handshake duration: 4.77 ms
Execution 25 - QUIC Single
Handshake duration: 3.92 ms
Execution 26 - QUIC Single
Handshake duration: 3.86 ms
Execution 27 - QUIC Single
Handshake duration: 5.57 ms
Execution 28 - QUIC Single
Handshake duration: 3.92 ms
Execution 29 - QUIC Single
Handshake duration: 5.13 ms
Execution 30 - QUIC Single
Handshake duration: 3.78 ms
Execution 31 - QUIC Single
Handshake duration: 4.26 ms
Execution 32 - QUIC Single
Handshake duration: 5.34 ms
Execution 33 - QUIC Single
Handshake duration: 4.35 ms
Execution 34 - QUIC Single
Handshake duration: 4.00 ms
Execution 35 - QUIC Single
Handshake duration: 4.18 ms
Execution 36 - QUIC Single
Handshake duration: 4.09 ms
Execution 37 - QUIC Single
Handshake duration: 5.03 ms
Execution 38 - QUIC Single
Handshake duration: 3.73 ms
Execution 39 - QUIC Single
Handshake duration: 5.11 ms
Execution 40 - QUIC Single
Handshake duration: 3.91 ms
Execution 41 - QUIC Single
Handshake duration: 3.92 ms
Execution 42 - QUIC Single
Handshake duration: 4.02 ms
Execution 43 - QUIC Single
Handshake duration: 4.22 ms
Execution 44 - QUIC Single
Handshake duration: 3.81 ms
Execution 45 - QUIC Single
Handshake duration: 3.88 ms
Execution 46 - QUIC Single
Handshake duration: 5.31 ms
Execution 47 - QUIC Single
Handshake duration: 5.56 ms
Execution 48 - QUIC Single
Handshake duration: 5.08 ms
Execution 49 - QUIC Single
Handshake duration: 3.89 ms
Execution 50 - QUIC Single
Handshake duration: 3.78 ms
Execution 51 - QUIC Single
Handshake duration: 4.15 ms
Execution 52 - QUIC Single
Handshake duration: 3.96 ms
Execution 53 - QUIC Single
Handshake duration: 3.93 ms
Execution 54 - QUIC Single
Handshake duration: 3.84 ms
Execution 55 - QUIC Single
Handshake duration: 4.33 ms
Execution 56 - QUIC Single
Handshake duration: 3.86 ms
Execution 57 - QUIC Single
Handshake duration: 3.74 ms
Execution 58 - QUIC Single
Handshake duration: 3.90 ms
Execution 59 - QUIC Single
Handshake duration: 3.77 ms
Execution 60 - QUIC Single
Handshake duration: 3.78 ms
Execution 61 - QUIC Single
Handshake duration: 4.63 ms
Execution 62 - QUIC Single
Handshake duration: 4.25 ms
Execution 63 - QUIC Single
Handshake duration: 5.25 ms
Execution 64 - QUIC Single
Handshake duration: 5.05 ms
Execution 65 - QUIC Single
Handshake duration: 3.73 ms
Execution 66 - QUIC Single
Handshake duration: 4.44 ms
Execution 67 - QUIC Single
Handshake duration: 3.73 ms
Execution 68 - QUIC Single
Handshake duration: 4.07 ms
Execution 69 - QUIC Single
Handshake duration: 4.48 ms
Execution 70 - QUIC Single
Handshake duration: 4.02 ms
Execution 71 - QUIC Single
Handshake duration: 5.39 ms
Execution 72 - QUIC Single
Handshake duration: 3.87 ms
Execution 73 - QUIC Single
Handshake duration: 6.16 ms
Execution 74 - QUIC Single
Handshake duration: 4.04 ms
Execution 75 - QUIC Single
Handshake duration: 4.47 ms
Execution 76 - QUIC Single
Handshake duration: 4.97 ms
Execution 77 - QUIC Single
Handshake duration: 3.93 ms
Execution 78 - QUIC Single
Handshake duration: 3.98 ms
Execution 79 - QUIC Single
Handshake duration: 5.12 ms
Execution 80 - QUIC Single
Handshake duration: 3.91 ms
Execution 81 - QUIC Single
Handshake duration: 3.90 ms
Execution 82 - QUIC Single
Handshake duration: 3.92 ms
Execution 83 - QUIC Single
Handshake duration: 3.95 ms
Execution 84 - QUIC Single
Handshake duration: 3.75 ms
Execution 85 - QUIC Single
Handshake duration: 4.36 ms
Execution 86 - QUIC Single
Handshake duration: 3.87 ms
Execution 87 - QUIC Single
Handshake duration: 5.04 ms
Execution 88 - QUIC Single
Handshake duration: 5.24 ms
Execution 89 - QUIC Single
Handshake duration: 3.96 ms
Execution 90 - QUIC Single
Handshake duration: 4.08 ms
Execution 91 - QUIC Single
Handshake duration: 3.96 ms
Execution 92 - QUIC Single
Handshake duration: 5.33 ms
Execution 93 - QUIC Single
Handshake duration: 3.90 ms
Execution 94 - QUIC Single
Handshake duration: 5.99 ms
Execution 95 - QUIC Single
Handshake duration: 5.34 ms
Execution 96 - QUIC Single
Handshake duration: 4.33 ms
Execution 97 - QUIC Single
Handshake duration: 4.26 ms
Execution 98 - QUIC Single
Handshake duration: 4.16 ms
Execution 99 - QUIC Single
Handshake duration: 5.00 ms
Execution 100 - QUIC Single
Handshake duration: 4.61 ms
Execution 101 - QUIC Single
Handshake duration: 3.94 ms
Execution 102 - QUIC Single
Handshake duration: 4.80 ms
Execution 103 - QUIC Single
Handshake duration: 3.92 ms
Execution 104 - QUIC Single
Handshake duration: 4.20 ms
Execution 105 - QUIC Single
Handshake duration: 5.12 ms
Execution 106 - QUIC Single
Handshake duration: 3.93 ms
Execution 107 - QUIC Single
Handshake duration: 4.67 ms
Execution 108 - QUIC Single
Handshake duration: 4.32 ms
Execution 109 - QUIC Single
Handshake duration: 4.02 ms
Execution 110 - QUIC Single
Handshake duration: 4.43 ms
Execution 111 - QUIC Single
Handshake duration: 3.80 ms
Execution 112 - QUIC Single
Handshake duration: 4.92 ms
Execution 113 - QUIC Single
Handshake duration: 3.85 ms
Execution 114 - QUIC Single
Handshake duration: 5.29 ms
Execution 115 - QUIC Single
Handshake duration: 4.30 ms
Execution 116 - QUIC Single
Handshake duration: 4.13 ms
Execution 117 - QUIC Single
Handshake duration: 4.31 ms
Execution 118 - QUIC Single
Handshake duration: 4.20 ms
Execution 119 - QUIC Single
Handshake duration: 4.34 ms
Execution 120 - QUIC Single
Handshake duration: 4.07 ms
Execution 121 - QUIC Single
Handshake duration: 3.87 ms
Execution 122 - QUIC Single
Handshake duration: 3.89 ms
Execution 123 - QUIC Single
Handshake duration: 3.91 ms
Execution 124 - QUIC Single
Handshake duration: 4.16 ms
Execution 125 - QUIC Single
Handshake duration: 3.88 ms
Execution 126 - QUIC Single
Handshake duration: 3.72 ms
Execution 127 - QUIC Single
Handshake duration: 4.20 ms
Execution 128 - QUIC Single
Handshake duration: 3.90 ms
Execution 129 - QUIC Single
Handshake duration: 4.57 ms
Execution 130 - QUIC Single
Handshake duration: 4.02 ms
Execution 131 - QUIC Single
Handshake duration: 4.03 ms
Execution 132 - QUIC Single
Handshake duration: 5.20 ms
Execution 133 - QUIC Single
Handshake duration: 3.93 ms
Execution 134 - QUIC Single
Handshake duration: 3.89 ms
Execution 135 - QUIC Single
Handshake duration: 5.12 ms
Execution 136 - QUIC Single
Handshake duration: 3.90 ms
Execution 137 - QUIC Single
Handshake duration: 4.46 ms
Execution 138 - QUIC Single
Handshake duration: 4.04 ms
Execution 139 - QUIC Single
Handshake duration: 4.31 ms
Execution 140 - QUIC Single
Handshake duration: 4.16 ms
Execution 141 - QUIC Single
Handshake duration: 3.95 ms
Execution 142 - QUIC Single
Handshake duration: 3.85 ms
Execution 143 - QUIC Single
Handshake duration: 5.07 ms
Execution 144 - QUIC Single
Handshake duration: 4.25 ms
Execution 145 - QUIC Single
Handshake duration: 4.93 ms
Execution 146 - QUIC Single
Handshake duration: 5.88 ms
Execution 147 - QUIC Single
Handshake duration: 5.00 ms
Execution 148 - QUIC Single
Handshake duration: 5.03 ms
Execution 149 - QUIC Single
Handshake duration: 4.23 ms
Execution 150 - QUIC Single
Handshake duration: 4.96 ms
Execution 151 - QUIC Single
Handshake duration: 3.88 ms
Execution 152 - QUIC Single
Handshake duration: 4.98 ms
Execution 153 - QUIC Single
Handshake duration: 5.17 ms
Execution 154 - QUIC Single
Handshake duration: 5.74 ms
Execution 155 - QUIC Single
Handshake duration: 3.88 ms
Execution 156 - QUIC Single
Handshake duration: 4.05 ms
Execution 157 - QUIC Single
Handshake duration: 4.25 ms
Execution 158 - QUIC Single
Handshake duration: 3.96 ms
Execution 159 - QUIC Single
Handshake duration: 5.14 ms
Execution 160 - QUIC Single
Handshake duration: 4.05 ms
Execution 161 - QUIC Single
Handshake duration: 4.00 ms
Execution 162 - QUIC Single
Handshake duration: 4.03 ms
Execution 163 - QUIC Single
Handshake duration: 6.06 ms
Execution 164 - QUIC Single
Handshake duration: 3.95 ms
Execution 165 - QUIC Single
Handshake duration: 3.89 ms
Execution 166 - QUIC Single
Handshake duration: 3.87 ms
Execution 167 - QUIC Single
Handshake duration: 6.89 ms
Execution 168 - QUIC Single
Handshake duration: 4.16 ms
Execution 169 - QUIC Single
Handshake duration: 4.01 ms
Execution 170 - QUIC Single
Handshake duration: 5.15 ms
Execution 171 - QUIC Single
Handshake duration: 4.43 ms
Execution 172 - QUIC Single
Handshake duration: 3.96 ms
Execution 173 - QUIC Single
Handshake duration: 4.18 ms
Execution 174 - QUIC Single
Handshake duration: 5.04 ms
Execution 175 - QUIC Single
Handshake duration: 4.89 ms
Execution 176 - QUIC Single
Handshake duration: 5.11 ms
Execution 177 - QUIC Single
Handshake duration: 4.94 ms
Execution 178 - QUIC Single
Handshake duration: 5.64 ms
Execution 179 - QUIC Single
Handshake duration: 4.15 ms
Execution 180 - QUIC Single
Handshake duration: 5.03 ms
Execution 181 - QUIC Single
Handshake duration: 5.10 ms
Execution 182 - QUIC Single
Handshake duration: 4.05 ms
Execution 183 - QUIC Single
Handshake duration: 5.68 ms
Execution 184 - QUIC Single
Handshake duration: 5.58 ms
Execution 185 - QUIC Single
Handshake duration: 5.59 ms
Execution 186 - QUIC Single
Handshake duration: 3.96 ms
Execution 187 - QUIC Single
Handshake duration: 4.18 ms
Execution 188 - QUIC Single
Handshake duration: 3.90 ms
Execution 189 - QUIC Single
Handshake duration: 4.00 ms
Execution 190 - QUIC Single
Handshake duration: 5.12 ms
Execution 191 - QUIC Single
Handshake duration: 4.01 ms
Execution 192 - QUIC Single
Handshake duration: 3.91 ms
Execution 193 - QUIC Single
Handshake duration: 3.94 ms
Execution 194 - QUIC Single
Handshake duration: 3.95 ms
Execution 195 - QUIC Single
Handshake duration: 5.12 ms
Execution 196 - QUIC Single
Handshake duration: 3.98 ms
Execution 197 - QUIC Single
Handshake duration: 4.14 ms
Execution 198 - QUIC Single
Handshake duration: 5.23 ms
Execution 199 - QUIC Single
Handshake duration: 3.96 ms
Execution 200 - QUIC Single
Handshake duration: 3.88 ms
Execution 201 - QUIC Single
Handshake duration: 3.97 ms
Execution 202 - QUIC Single
Handshake duration: 5.54 ms
Execution 203 - QUIC Single
Handshake duration: 5.25 ms
Execution 204 - QUIC Single
Handshake duration: 4.18 ms
Execution 205 - QUIC Single
Handshake duration: 4.05 ms
Execution 206 - QUIC Single
Handshake duration: 3.83 ms
Execution 207 - QUIC Single
Handshake duration: 3.93 ms
Execution 208 - QUIC Single
Handshake duration: 4.29 ms
Execution 209 - QUIC Single
Handshake duration: 3.88 ms
Execution 210 - QUIC Single
Handshake duration: 4.37 ms
Execution 211 - QUIC Single
Handshake duration: 4.22 ms
Execution 212 - QUIC Single
Handshake duration: 3.87 ms
Execution 213 - QUIC Single
Handshake duration: 3.88 ms
Execution 214 - QUIC Single
Handshake duration: 3.75 ms
Execution 215 - QUIC Single
Handshake duration: 3.83 ms
Execution 216 - QUIC Single
Handshake duration: 3.99 ms
Execution 217 - QUIC Single
Handshake duration: 3.72 ms
Execution 218 - QUIC Single
Handshake duration: 3.83 ms
Execution 219 - QUIC Single
Handshake duration: 3.98 ms
Execution 220 - QUIC Single
Handshake duration: 4.98 ms
Execution 221 - QUIC Single
Handshake duration: 3.98 ms
Execution 222 - QUIC Single
Handshake duration: 5.22 ms
Execution 223 - QUIC Single
Handshake duration: 3.96 ms
Execution 224 - QUIC Single
Handshake duration: 4.16 ms
Execution 225 - QUIC Single
Handshake duration: 4.93 ms
Execution 226 - QUIC Single
Handshake duration: 4.08 ms
Execution 227 - QUIC Single
Handshake duration: 3.98 ms
Execution 228 - QUIC Single
Handshake duration: 5.41 ms
Execution 229 - QUIC Single
Handshake duration: 5.10 ms
Execution 230 - QUIC Single
Handshake duration: 4.33 ms
Execution 231 - QUIC Single
Handshake duration: 4.11 ms
Execution 232 - QUIC Single
Handshake duration: 5.34 ms
Execution 233 - QUIC Single
Handshake duration: 5.22 ms
Execution 234 - QUIC Single
Handshake duration: 3.94 ms
Execution 235 - QUIC Single
Handshake duration: 3.89 ms
Execution 236 - QUIC Single
Handshake duration: 4.56 ms
Execution 237 - QUIC Single
Handshake duration: 4.26 ms
Execution 238 - QUIC Single
Handshake duration: 5.47 ms
Execution 239 - QUIC Single
Handshake duration: 5.49 ms
Execution 240 - QUIC Single
Handshake duration: 5.01 ms
Execution 241 - QUIC Single
Handshake duration: 5.09 ms
Execution 242 - QUIC Single
Handshake duration: 3.81 ms
Execution 243 - QUIC Single
Handshake duration: 4.93 ms
Execution 244 - QUIC Single
Handshake duration: 3.78 ms
Execution 245 - QUIC Single
Handshake duration: 4.12 ms
Execution 246 - QUIC Single
Handshake duration: 5.03 ms
Execution 247 - QUIC Single
Handshake duration: 3.99 ms
Execution 248 - QUIC Single
Handshake duration: 3.74 ms
Execution 249 - QUIC Single
Handshake duration: 3.96 ms
Execution 250 - QUIC Single
Handshake duration: 4.19 ms
Execution 251 - QUIC Single
Handshake duration: 3.75 ms
Execution 252 - QUIC Single
Handshake duration: 5.05 ms
Execution 253 - QUIC Single
Handshake duration: 5.21 ms
Execution 254 - QUIC Single
Handshake duration: 4.02 ms
Execution 255 - QUIC Single
Handshake duration: 5.61 ms
Execution 256 - QUIC Single
Handshake duration: 3.94 ms
Execution 257 - QUIC Single
Handshake duration: 5.10 ms
Execution 258 - QUIC Single
Handshake duration: 4.08 ms
Execution 259 - QUIC Single
Handshake duration: 5.20 ms
Execution 260 - QUIC Single
Handshake duration: 3.99 ms
Execution 261 - QUIC Single
Handshake duration: 4.95 ms
Execution 262 - QUIC Single
Handshake duration: 4.08 ms
Execution 263 - QUIC Single
Handshake duration: 5.47 ms
Execution 264 - QUIC Single
Handshake duration: 4.93 ms
Execution 265 - QUIC Single
Handshake duration: 5.28 ms
Execution 266 - QUIC Single
Handshake duration: 3.96 ms
Execution 267 - QUIC Single
Handshake duration: 5.15 ms
Execution 268 - QUIC Single
Handshake duration: 4.10 ms
Execution 269 - QUIC Single
Handshake duration: 6.09 ms
Execution 270 - QUIC Single
Handshake duration: 4.00 ms
Execution 271 - QUIC Single
Handshake duration: 5.56 ms
Execution 272 - QUIC Single
Handshake duration: 3.90 ms
Execution 273 - QUIC Single
Handshake duration: 5.38 ms
Execution 274 - QUIC Single
Handshake duration: 3.90 ms
Execution 275 - QUIC Single
Handshake duration: 5.34 ms
Execution 276 - QUIC Single
Handshake duration: 4.96 ms
Execution 277 - QUIC Single
Handshake duration: 4.71 ms
Execution 278 - QUIC Single
Handshake duration: 4.18 ms
Execution 279 - QUIC Single
Handshake duration: 4.78 ms
Execution 280 - QUIC Single
Handshake duration: 4.24 ms
Execution 281 - QUIC Single
Handshake duration: 3.97 ms
Execution 282 - QUIC Single
Handshake duration: 3.95 ms
Execution 283 - QUIC Single
Handshake duration: 4.11 ms
Execution 284 - QUIC Single
Handshake duration: 4.42 ms
Execution 285 - QUIC Single
Handshake duration: 5.67 ms
Execution 286 - QUIC Single
Handshake duration: 4.16 ms
Execution 287 - QUIC Single
Handshake duration: 4.85 ms
Execution 288 - QUIC Single
Handshake duration: 4.26 ms
Execution 289 - QUIC Single
Handshake duration: 4.13 ms
Execution 290 - QUIC Single
Handshake duration: 3.95 ms
Execution 291 - QUIC Single
Handshake duration: 5.03 ms
Execution 292 - QUIC Single
Handshake duration: 4.02 ms
Execution 293 - QUIC Single
Handshake duration: 3.88 ms
Execution 294 - QUIC Single
Handshake duration: 4.55 ms
Execution 295 - QUIC Single
Handshake duration: 4.06 ms
Execution 296 - QUIC Single
Handshake duration: 4.08 ms
Execution 297 - QUIC Single
Handshake duration: 3.93 ms
Execution 298 - QUIC Single
Handshake duration: 4.32 ms
Execution 299 - QUIC Single
Handshake duration: 4.04 ms
Execution 300 - QUIC Single
Handshake duration: 5.57 ms
Execution 301 - QUIC Single
Handshake duration: 5.08 ms
Execution 302 - QUIC Single
Handshake duration: 3.83 ms
Execution 303 - QUIC Single
Handshake duration: 4.02 ms
Execution 304 - QUIC Single
Handshake duration: 4.11 ms
Execution 305 - QUIC Single
Handshake duration: 5.00 ms
Execution 306 - QUIC Single
Handshake duration: 4.02 ms
Execution 307 - QUIC Single
Handshake duration: 5.04 ms
Execution 308 - QUIC Single
Handshake duration: 4.36 ms
Execution 309 - QUIC Single
Handshake duration: 3.79 ms
Execution 310 - QUIC Single
Handshake duration: 4.14 ms
Execution 311 - QUIC Single
Handshake duration: 3.91 ms
Execution 312 - QUIC Single
Handshake duration: 3.78 ms
Execution 313 - QUIC Single
Handshake duration: 5.03 ms
Execution 314 - QUIC Single
Handshake duration: 4.90 ms
Execution 315 - QUIC Single
Handshake duration: 3.93 ms
Execution 316 - QUIC Single
Handshake duration: 3.97 ms
Execution 317 - QUIC Single
Handshake duration: 4.07 ms
Execution 318 - QUIC Single
Handshake duration: 3.80 ms
Execution 319 - QUIC Single
Handshake duration: 5.15 ms
Execution 320 - QUIC Single
Handshake duration: 3.88 ms
Execution 321 - QUIC Single
Handshake duration: 6.06 ms
Execution 322 - QUIC Single
Handshake duration: 5.50 ms
Execution 323 - QUIC Single
Handshake duration: 5.07 ms
Execution 324 - QUIC Single
Handshake duration: 5.09 ms
Execution 325 - QUIC Single
Handshake duration: 3.74 ms
Execution 326 - QUIC Single
Handshake duration: 5.06 ms
Execution 327 - QUIC Single
Handshake duration: 3.93 ms
Execution 328 - QUIC Single
Handshake duration: 4.99 ms
Execution 329 - QUIC Single
Handshake duration: 3.94 ms
Execution 330 - QUIC Single
Handshake duration: 3.78 ms
Execution 331 - QUIC Single
Handshake duration: 4.33 ms
Execution 332 - QUIC Single
Handshake duration: 4.14 ms
Execution 333 - QUIC Single
Handshake duration: 4.94 ms
Execution 334 - QUIC Single
Handshake duration: 4.45 ms
Execution 335 - QUIC Single
Handshake duration: 3.90 ms
Execution 336 - QUIC Single
Handshake duration: 3.85 ms
Execution 337 - QUIC Single
Handshake duration: 4.17 ms
Execution 338 - QUIC Single
Handshake duration: 4.33 ms
Execution 339 - QUIC Single
Handshake duration: 5.19 ms
Execution 340 - QUIC Single
Handshake duration: 3.91 ms
Execution 341 - QUIC Single
Handshake duration: 5.00 ms
Execution 342 - QUIC Single
Handshake duration: 5.95 ms
Execution 343 - QUIC Single
Handshake duration: 4.06 ms
Execution 344 - QUIC Single
Handshake duration: 5.36 ms
Execution 345 - QUIC Single
Handshake duration: 3.89 ms
Execution 346 - QUIC Single
Handshake duration: 4.88 ms
Execution 347 - QUIC Single
Handshake duration: 4.30 ms
Execution 348 - QUIC Single
Handshake duration: 4.34 ms
Execution 349 - QUIC Single
Handshake duration: 3.99 ms
Execution 350 - QUIC Single
Handshake duration: 4.14 ms
Execution 351 - QUIC Single
Handshake duration: 3.99 ms
Execution 352 - QUIC Single
Handshake duration: 4.15 ms
Execution 353 - QUIC Single
Handshake duration: 4.96 ms
Execution 354 - QUIC Single
Handshake duration: 5.07 ms
Execution 355 - QUIC Single
Handshake duration: 5.02 ms
Execution 356 - QUIC Single
Handshake duration: 5.08 ms
Execution 357 - QUIC Single
Handshake duration: 4.93 ms
Execution 358 - QUIC Single
Handshake duration: 4.14 ms
Execution 359 - QUIC Single
Handshake duration: 5.24 ms
Execution 360 - QUIC Single
Handshake duration: 4.25 ms
Execution 361 - QUIC Single
Handshake duration: 4.88 ms
Execution 362 - QUIC Single
Handshake duration: 4.01 ms
Execution 363 - QUIC Single
Handshake duration: 5.60 ms
Execution 364 - QUIC Single
Handshake duration: 4.96 ms
Execution 365 - QUIC Single
Handshake duration: 5.55 ms
Execution 366 - QUIC Single
Handshake duration: 3.91 ms
Execution 367 - QUIC Single
Handshake duration: 4.15 ms
Execution 368 - QUIC Single
Handshake duration: 6.04 ms
Execution 369 - QUIC Single
Handshake duration: 5.07 ms
Execution 370 - QUIC Single
Handshake duration: 5.51 ms
Execution 371 - QUIC Single
Handshake duration: 3.92 ms
Execution 372 - QUIC Single
Handshake duration: 5.26 ms
Execution 373 - QUIC Single
Handshake duration: 4.98 ms
Execution 374 - QUIC Single
Handshake duration: 4.98 ms
Execution 375 - QUIC Single
Handshake duration: 5.35 ms
Execution 376 - QUIC Single
Handshake duration: 5.28 ms
Execution 377 - QUIC Single
Handshake duration: 5.07 ms
Execution 378 - QUIC Single
Handshake duration: 5.08 ms
Execution 379 - QUIC Single
Handshake duration: 3.86 ms
Execution 380 - QUIC Single
Handshake duration: 4.08 ms
Execution 381 - QUIC Single
Handshake duration: 3.85 ms
Execution 382 - QUIC Single
Handshake duration: 5.07 ms
Execution 383 - QUIC Single
Handshake duration: 4.99 ms
Execution 384 - QUIC Single
Handshake duration: 4.94 ms
Execution 385 - QUIC Single
Handshake duration: 5.65 ms
Execution 386 - QUIC Single
Handshake duration: 5.36 ms
Execution 387 - QUIC Single
Handshake duration: 3.88 ms
Execution 388 - QUIC Single
Handshake duration: 3.89 ms
Execution 389 - QUIC Single
Handshake duration: 5.01 ms
Execution 390 - QUIC Single
Handshake duration: 4.01 ms
Execution 391 - QUIC Single
Handshake duration: 5.86 ms
Execution 392 - QUIC Single
Handshake duration: 4.71 ms
Execution 393 - QUIC Single
Handshake duration: 5.03 ms
Execution 394 - QUIC Single
Handshake duration: 5.14 ms
Execution 395 - QUIC Single
Handshake duration: 4.09 ms
Execution 396 - QUIC Single
Handshake duration: 4.00 ms
Execution 397 - QUIC Single
Handshake duration: 5.18 ms
Execution 398 - QUIC Single
Handshake duration: 5.33 ms
Execution 399 - QUIC Single
Handshake duration: 5.73 ms
Execution 400 - QUIC Single
Handshake duration: 3.92 ms
Execution 401 - QUIC Single
Handshake duration: 5.01 ms
Execution 402 - QUIC Single
Handshake duration: 4.97 ms
Execution 403 - QUIC Single
Handshake duration: 4.97 ms
Execution 404 - QUIC Single
Handshake duration: 5.06 ms
Execution 405 - QUIC Single
Handshake duration: 4.04 ms
Execution 406 - QUIC Single
Handshake duration: 4.09 ms
Execution 407 - QUIC Single
Handshake duration: 4.11 ms
Execution 408 - QUIC Single
Handshake duration: 4.10 ms
Execution 409 - QUIC Single
Handshake duration: 4.11 ms
Execution 410 - QUIC Single
Handshake duration: 4.88 ms
Execution 411 - QUIC Single
Handshake duration: 4.11 ms
Execution 412 - QUIC Single
Handshake duration: 5.13 ms
Execution 413 - QUIC Single
Handshake duration: 4.09 ms
Execution 414 - QUIC Single
Handshake duration: 5.18 ms
Execution 415 - QUIC Single
Handshake duration: 5.86 ms
Execution 416 - QUIC Single
Handshake duration: 4.92 ms
Execution 417 - QUIC Single
Handshake duration: 5.69 ms
Execution 418 - QUIC Single
Handshake duration: 4.92 ms
Execution 419 - QUIC Single
Handshake duration: 4.21 ms
Execution 420 - QUIC Single
Handshake duration: 3.92 ms
Execution 421 - QUIC Single
Handshake duration: 3.79 ms
Execution 422 - QUIC Single
Handshake duration: 4.19 ms
Execution 423 - QUIC Single
Handshake duration: 4.01 ms
Execution 424 - QUIC Single
Handshake duration: 4.97 ms
Execution 425 - QUIC Single
Handshake duration: 3.87 ms
Execution 426 - QUIC Single
Handshake duration: 5.01 ms
Execution 427 - QUIC Single
Handshake duration: 3.92 ms
Execution 428 - QUIC Single
Handshake duration: 5.04 ms
Execution 429 - QUIC Single
Handshake duration: 5.22 ms
Execution 430 - QUIC Single
Handshake duration: 5.81 ms
Execution 431 - QUIC Single
Handshake duration: 4.45 ms
Execution 432 - QUIC Single
Handshake duration: 4.56 ms
Execution 433 - QUIC Single
Handshake duration: 3.88 ms
Execution 434 - QUIC Single
Handshake duration: 4.01 ms
Execution 435 - QUIC Single
Handshake duration: 4.06 ms
Execution 436 - QUIC Single
Handshake duration: 5.33 ms
Execution 437 - QUIC Single
Handshake duration: 4.92 ms
Execution 438 - QUIC Single
Handshake duration: 3.99 ms
Execution 439 - QUIC Single
Handshake duration: 5.45 ms
Execution 440 - QUIC Single
Handshake duration: 4.03 ms
Execution 441 - QUIC Single
Handshake duration: 5.01 ms
Execution 442 - QUIC Single
Handshake duration: 4.29 ms
Execution 443 - QUIC Single
Handshake duration: 3.81 ms
Execution 444 - QUIC Single
Handshake duration: 3.73 ms
Execution 445 - QUIC Single
Handshake duration: 5.06 ms
Execution 446 - QUIC Single
Handshake duration: 5.04 ms
Execution 447 - QUIC Single
Handshake duration: 4.40 ms
Execution 448 - QUIC Single
Handshake duration: 4.99 ms
Execution 449 - QUIC Single
Handshake duration: 5.36 ms
Execution 450 - QUIC Single
Handshake duration: 5.03 ms
Execution 451 - QUIC Single
Handshake duration: 5.08 ms
Execution 452 - QUIC Single
Handshake duration: 5.42 ms
Execution 453 - QUIC Single
Handshake duration: 5.61 ms
Execution 454 - QUIC Single
Handshake duration: 5.64 ms
Execution 455 - QUIC Single
Handshake duration: 5.10 ms
Execution 456 - QUIC Single
Handshake duration: 5.00 ms
Execution 457 - QUIC Single
Handshake duration: 5.37 ms
Execution 458 - QUIC Single
Handshake duration: 4.56 ms
Execution 459 - QUIC Single
Handshake duration: 3.82 ms
Execution 460 - QUIC Single
Handshake duration: 5.23 ms
Execution 461 - QUIC Single
Handshake duration: 3.87 ms
Execution 462 - QUIC Single
Handshake duration: 5.26 ms
Execution 463 - QUIC Single
Handshake duration: 4.95 ms
Execution 464 - QUIC Single
Handshake duration: 5.02 ms
Execution 465 - QUIC Single
Handshake duration: 5.08 ms
Execution 466 - QUIC Single
Handshake duration: 5.22 ms
Execution 467 - QUIC Single
Handshake duration: 4.16 ms
Execution 468 - QUIC Single
Handshake duration: 4.19 ms
Execution 469 - QUIC Single
Handshake duration: 3.69 ms
Execution 470 - QUIC Single
Handshake duration: 5.35 ms
Execution 471 - QUIC Single
Handshake duration: 4.98 ms
Execution 472 - QUIC Single
Handshake duration: 5.23 ms
Execution 473 - QUIC Single
Handshake duration: 5.15 ms
Execution 474 - QUIC Single
Handshake duration: 3.95 ms
Execution 475 - QUIC Single
Handshake duration: 5.32 ms
Execution 476 - QUIC Single
Handshake duration: 4.86 ms
Execution 477 - QUIC Single
Handshake duration: 5.18 ms
Execution 478 - QUIC Single
Handshake duration: 4.39 ms
Execution 479 - QUIC Single
Handshake duration: 3.89 ms
Execution 480 - QUIC Single
Handshake duration: 4.42 ms
Execution 481 - QUIC Single
Handshake duration: 5.01 ms
Execution 482 - QUIC Single
Handshake duration: 4.11 ms
Execution 483 - QUIC Single
Handshake duration: 4.02 ms
Execution 484 - QUIC Single
Handshake duration: 3.91 ms
Execution 485 - QUIC Single
Handshake duration: 4.04 ms
Execution 486 - QUIC Single
Handshake duration: 4.93 ms
Execution 487 - QUIC Single
Handshake duration: 5.15 ms
Execution 488 - QUIC Single
Handshake duration: 3.90 ms
Execution 489 - QUIC Single
Handshake duration: 4.05 ms
Execution 490 - QUIC Single
Handshake duration: 5.18 ms
Execution 491 - QUIC Single
Handshake duration: 5.87 ms
Execution 492 - QUIC Single
Handshake duration: 3.99 ms
Execution 493 - QUIC Single
Handshake duration: 4.02 ms
Execution 494 - QUIC Single
Handshake duration: 4.94 ms
Execution 495 - QUIC Single
Handshake duration: 5.63 ms
Execution 496 - QUIC Single
Handshake duration: 5.29 ms
Execution 497 - QUIC Single
Handshake duration: 3.85 ms
Execution 498 - QUIC Single
Handshake duration: 5.06 ms
Execution 499 - QUIC Single
Handshake duration: 5.00 ms
Execution 500 - QUIC Single
Handshake duration: 5.76 ms
     Waiting  ... 
   Shutting down server and impairments...

****************
  -> KEM: hqc256

    Executing docker Server...
servidor
cliente
./Launcherv3_pq_hqc_ge_rerun.sh : ligne 309 : 129317 Processus arrêté      /usr/local/bin/pumba netem --duration 1h --interface $NETIF loss-gemodel --pg "${args[0]}" --pb "${args[1]}" --one-h "${args[2]}" --one-k "${args[3]}" "$OQS_SERVER"
d1674fc26b22623b02ba63884a5db40c244f6ef1b49f44d18c8f5eb0d8203d8e
    Buscando IP.. 
    IP..  172.18.0.2
   ↳ Applying unstable network profile (loss-gemodel pg20 pb40 h90 k20)
   ✔ Pumba PID 134169 confirmed running (SIG=mldsa87 KEM=hqc256 PROTO=quic)
    Executing docker Client... 172.18.0.2
5a6234e127c34b12336134a67285f5924df3b4b3023cc68dcc857a2101227392
cliente
     Docker cliente executed ... 

**************************
     Executing test  ... 
Applying netem rules to lo...
Showing qdisc status for the interface: lo
qdisc netem 8034: root refcnt 2 limit 1000 seed 5494989448711154665
 Sent 0 bytes 0 pkt (dropped 0, overlimits 0 requeues 0) 
 backlog 0b 0p requeues 0
Running ./perftestClientTlsQuic.sh with SIG_ALG=mldsa87 and KEM_ALG=hqc256
Execution 1 - QUIC Single
Handshake duration: 80.46 ms
Execution 2 - QUIC Single
Handshake duration: 92.19 ms
Execution 3 - QUIC Single
Handshake duration: 80.31 ms
Execution 4 - QUIC Single
Handshake duration: 82.99 ms
Execution 5 - QUIC Single
Handshake duration: 80.87 ms
Execution 6 - QUIC Single
Handshake duration: 82.71 ms
Execution 7 - QUIC Single
Handshake duration: 86.72 ms
Execution 8 - QUIC Single
Handshake duration: 81.53 ms
Execution 9 - QUIC Single
Handshake duration: 102.14 ms
Execution 10 - QUIC Single
Handshake duration: 94.04 ms
Execution 11 - QUIC Single
Handshake duration: 80.32 ms
Execution 12 - QUIC Single
Handshake duration: 90.44 ms
Execution 13 - QUIC Single
Handshake duration: 80.37 ms
Execution 14 - QUIC Single
Handshake duration: 81.94 ms
Execution 15 - QUIC Single
Handshake duration: 80.32 ms
Execution 16 - QUIC Single
Handshake duration: 91.65 ms
Execution 17 - QUIC Single
Handshake duration: 79.92 ms
Execution 18 - QUIC Single
Handshake duration: 80.45 ms
Execution 19 - QUIC Single
Handshake duration: 79.82 ms
Execution 20 - QUIC Single
Handshake duration: 79.79 ms
Execution 21 - QUIC Single
Handshake duration: 79.75 ms
Execution 22 - QUIC Single
Handshake duration: 80.87 ms
Execution 23 - QUIC Single
Handshake duration: 91.63 ms
Execution 24 - QUIC Single
Handshake duration: 80.53 ms
Execution 25 - QUIC Single
Handshake duration: 79.97 ms
Execution 26 - QUIC Single
Handshake duration: 79.68 ms
Execution 27 - QUIC Single
Handshake duration: 79.82 ms
Execution 28 - QUIC Single
Handshake duration: 89.33 ms
Execution 29 - QUIC Single
Handshake duration: 79.57 ms
Execution 30 - QUIC Single
Handshake duration: 80.30 ms
Execution 31 - QUIC Single
Handshake duration: 80.05 ms
Execution 32 - QUIC Single
Handshake duration: 80.54 ms
Execution 33 - QUIC Single
Handshake duration: 81.33 ms
Execution 34 - QUIC Single
Handshake duration: 80.45 ms
Execution 35 - QUIC Single
Handshake duration: 79.80 ms
Execution 36 - QUIC Single
Handshake duration: 79.80 ms
Execution 37 - QUIC Single
Handshake duration: 79.68 ms
Execution 38 - QUIC Single
Handshake duration: 80.14 ms
Execution 39 - QUIC Single
Handshake duration: 79.97 ms
Execution 40 - QUIC Single
Handshake duration: 80.45 ms
Execution 41 - QUIC Single
Handshake duration: 80.10 ms
Execution 42 - QUIC Single
Handshake duration: 80.22 ms
Execution 43 - QUIC Single
Handshake duration: 80.90 ms
Execution 44 - QUIC Single
Handshake duration: 79.93 ms
Execution 45 - QUIC Single
Handshake duration: 91.92 ms
Execution 46 - QUIC Single
Handshake duration: 107.70 ms
Execution 47 - QUIC Single
Handshake duration: 79.39 ms
Execution 48 - QUIC Single
Handshake duration: 79.77 ms
Execution 49 - QUIC Single
Handshake duration: 88.35 ms
Execution 50 - QUIC Single
Handshake duration: 79.83 ms
Execution 51 - QUIC Single
Handshake duration: 91.26 ms
Execution 52 - QUIC Single
Handshake duration: 79.65 ms
Execution 53 - QUIC Single
Handshake duration: 80.35 ms
Execution 54 - QUIC Single
Handshake duration: 80.47 ms
Execution 55 - QUIC Single
Handshake duration: 80.76 ms
Execution 56 - QUIC Single
Handshake duration: 80.85 ms
Execution 57 - QUIC Single
Handshake duration: 80.76 ms
Execution 58 - QUIC Single
Handshake duration: 81.23 ms
Execution 59 - QUIC Single
Handshake duration: 88.53 ms
Execution 60 - QUIC Single
Handshake duration: 79.94 ms
Execution 61 - QUIC Single
Handshake duration: 80.83 ms
Execution 62 - QUIC Single
Handshake duration: 80.59 ms
Execution 63 - QUIC Single
Handshake duration: 81.37 ms
Execution 64 - QUIC Single
Handshake duration: 98.09 ms
Execution 65 - QUIC Single
Handshake duration: 79.85 ms
Execution 66 - QUIC Single
Handshake duration: 81.22 ms
Execution 67 - QUIC Single
Handshake duration: 79.92 ms
Execution 68 - QUIC Single
Handshake duration: 81.10 ms
Execution 69 - QUIC Single
Handshake duration: 81.00 ms
Execution 70 - QUIC Single
Handshake duration: 81.14 ms
Execution 71 - QUIC Single
Handshake duration: 80.11 ms
Execution 72 - QUIC Single
Handshake duration: 79.63 ms
Execution 73 - QUIC Single
Handshake duration: 79.88 ms
Execution 74 - QUIC Single
Handshake duration: 80.12 ms
Execution 75 - QUIC Single
Handshake duration: 79.87 ms
Execution 76 - QUIC Single
Handshake duration: 79.51 ms
Execution 77 - QUIC Single
Handshake duration: 92.36 ms
Execution 78 - QUIC Single
Handshake duration: 79.48 ms
Execution 79 - QUIC Single
Handshake duration: 79.94 ms
Execution 80 - QUIC Single
Handshake duration: 79.36 ms
Execution 81 - QUIC Single
Handshake duration: 88.89 ms
Execution 82 - QUIC Single
Handshake duration: 79.60 ms
Execution 83 - QUIC Single
Handshake duration: 81.39 ms
Execution 84 - QUIC Single
Handshake duration: 80.14 ms
Execution 85 - QUIC Single
Handshake duration: 81.25 ms
Execution 86 - QUIC Single
Handshake duration: 80.09 ms
Execution 87 - QUIC Single
Handshake duration: 88.48 ms
Execution 88 - QUIC Single
Handshake duration: 80.27 ms
Execution 89 - QUIC Single
Handshake duration: 93.38 ms
Execution 90 - QUIC Single
Handshake duration: 79.70 ms
Execution 91 - QUIC Single
Handshake duration: 80.70 ms
Execution 92 - QUIC Single
Handshake duration: 80.18 ms
Execution 93 - QUIC Single
Handshake duration: 81.74 ms
Execution 94 - QUIC Single
Handshake duration: 104.36 ms
Execution 95 - QUIC Single
Handshake duration: 79.49 ms
Execution 96 - QUIC Single
Handshake duration: 79.82 ms
Execution 97 - QUIC Single
Handshake duration: 80.07 ms
Execution 98 - QUIC Single
Handshake duration: 80.24 ms
Execution 99 - QUIC Single
Handshake duration: 79.71 ms
Execution 100 - QUIC Single
Handshake duration: 91.60 ms
Execution 101 - QUIC Single
Handshake duration: 79.69 ms
Execution 102 - QUIC Single
Handshake duration: 80.57 ms
Execution 103 - QUIC Single
Handshake duration: 79.96 ms
Execution 104 - QUIC Single
Handshake duration: 80.40 ms
Execution 105 - QUIC Single
Handshake duration: 79.69 ms
Execution 106 - QUIC Single
Handshake duration: 91.88 ms
Execution 107 - QUIC Single
Handshake duration: 79.53 ms
Execution 108 - QUIC Single
Handshake duration: 80.70 ms
Execution 109 - QUIC Single
Handshake duration: 79.65 ms
Execution 110 - QUIC Single
Handshake duration: 81.41 ms
Execution 111 - QUIC Single
Handshake duration: 96.06 ms
Execution 112 - QUIC Single
Handshake duration: 81.33 ms
Execution 113 - QUIC Single
Handshake duration: 88.63 ms
Execution 114 - QUIC Single
Handshake duration: 81.68 ms
Execution 115 - QUIC Single
Handshake duration: 98.37 ms
Execution 116 - QUIC Single
Handshake duration: 80.87 ms
Execution 117 - QUIC Single
Handshake duration: 80.10 ms
Execution 118 - QUIC Single
Handshake duration: 80.70 ms
Execution 119 - QUIC Single
Handshake duration: 79.30 ms
Execution 120 - QUIC Single
Handshake duration: 81.36 ms
Execution 121 - QUIC Single
Handshake duration: 100.62 ms
Execution 122 - QUIC Single
Handshake duration: 80.41 ms
Execution 123 - QUIC Single
Handshake duration: 79.72 ms
Execution 124 - QUIC Single
Handshake duration: 80.21 ms
Execution 125 - QUIC Single
Handshake duration: 80.03 ms
Execution 126 - QUIC Single
Handshake duration: 80.92 ms
Execution 127 - QUIC Single
Handshake duration: 79.52 ms
Execution 128 - QUIC Single
Handshake duration: 80.51 ms
Execution 129 - QUIC Single
Handshake duration: 79.43 ms
Execution 130 - QUIC Single
Handshake duration: 79.51 ms
Execution 131 - QUIC Single
Handshake duration: 79.93 ms
Execution 132 - QUIC Single
Handshake duration: 82.30 ms
Execution 133 - QUIC Single
Handshake duration: 79.64 ms
Execution 134 - QUIC Single
Handshake duration: 79.76 ms
Execution 135 - QUIC Single
Handshake duration: 101.73 ms
Execution 136 - QUIC Single
Handshake duration: 80.84 ms
Execution 137 - QUIC Single
Handshake duration: 79.88 ms
Execution 138 - QUIC Single
Handshake duration: 98.81 ms
Execution 139 - QUIC Single
Handshake duration: 79.91 ms
Execution 140 - QUIC Single
Handshake duration: 87.36 ms
Execution 141 - QUIC Single
Handshake duration: 89.40 ms
Execution 142 - QUIC Single
Handshake duration: 79.93 ms
Execution 143 - QUIC Single
Handshake duration: 86.86 ms
Execution 144 - QUIC Single
Handshake duration: 80.64 ms
Execution 145 - QUIC Single
Handshake duration: 80.99 ms
Execution 146 - QUIC Single
Handshake duration: 80.30 ms
Execution 147 - QUIC Single
Handshake duration: 80.04 ms
Execution 148 - QUIC Single
Handshake duration: 80.11 ms
Execution 149 - QUIC Single
Handshake duration: 102.17 ms
Execution 150 - QUIC Single
Handshake duration: 80.14 ms
Execution 151 - QUIC Single
Handshake duration: 79.66 ms
Execution 152 - QUIC Single
Handshake duration: 81.15 ms
Execution 153 - QUIC Single
Handshake duration: 79.69 ms
Execution 154 - QUIC Single
Handshake duration: 81.47 ms
Execution 155 - QUIC Single
Handshake duration: 79.82 ms
Execution 156 - QUIC Single
Handshake duration: 81.52 ms
Execution 157 - QUIC Single
Handshake duration: 79.48 ms
Execution 158 - QUIC Single
Handshake duration: 79.94 ms
Execution 159 - QUIC Single
Handshake duration: 79.62 ms
Execution 160 - QUIC Single
Handshake duration: 80.55 ms
Execution 161 - QUIC Single
Handshake duration: 79.68 ms
Execution 162 - QUIC Single
Handshake duration: 91.05 ms
Execution 163 - QUIC Single
Handshake duration: 81.93 ms
Execution 164 - QUIC Single
Handshake duration: 81.48 ms
Execution 165 - QUIC Single
Handshake duration: 80.44 ms
Execution 166 - QUIC Single
Handshake duration: 80.82 ms
Execution 167 - QUIC Single
Handshake duration: 79.93 ms
Execution 168 - QUIC Single
Handshake duration: 80.98 ms
Execution 169 - QUIC Single
Handshake duration: 79.15 ms
Execution 170 - QUIC Single
Handshake duration: 80.91 ms
Execution 171 - QUIC Single
Handshake duration: 79.61 ms
Execution 172 - QUIC Single
Handshake duration: 88.75 ms
Execution 173 - QUIC Single
Handshake duration: 79.76 ms
Execution 174 - QUIC Single
Handshake duration: 80.89 ms
Execution 175 - QUIC Single
Handshake duration: 79.66 ms
Execution 176 - QUIC Single
Handshake duration: 81.10 ms
Execution 177 - QUIC Single
Handshake duration: 97.03 ms
Execution 178 - QUIC Single
Handshake duration: 80.23 ms
Execution 179 - QUIC Single
Handshake duration: 79.73 ms
Execution 180 - QUIC Single
Handshake duration: 79.98 ms
Execution 181 - QUIC Single
Handshake duration: 80.71 ms
Execution 182 - QUIC Single
Handshake duration: 80.22 ms
Execution 183 - QUIC Single
Handshake duration: 80.24 ms
Execution 184 - QUIC Single
Handshake duration: 80.60 ms
Execution 185 - QUIC Single
Handshake duration: 92.52 ms
Execution 186 - QUIC Single
Handshake duration: 79.82 ms
Execution 187 - QUIC Single
Handshake duration: 101.47 ms
Execution 188 - QUIC Single
Handshake duration: 101.91 ms
Execution 189 - QUIC Single
Handshake duration: 79.92 ms
Execution 190 - QUIC Single
Handshake duration: 91.94 ms
Execution 191 - QUIC Single
Handshake duration: 82.09 ms
Execution 192 - QUIC Single
Handshake duration: 80.03 ms
Execution 193 - QUIC Single
Handshake duration: 97.67 ms
Execution 194 - QUIC Single
Handshake duration: 81.41 ms
Execution 195 - QUIC Single
Handshake duration: 80.68 ms
Execution 196 - QUIC Single
Handshake duration: 80.25 ms
Execution 197 - QUIC Single
Handshake duration: 79.86 ms
Execution 198 - QUIC Single
Handshake duration: 97.83 ms
Execution 199 - QUIC Single
Handshake duration: 99.14 ms
Execution 200 - QUIC Single
Handshake duration: 81.34 ms
Execution 201 - QUIC Single
Handshake duration: 91.90 ms
Execution 202 - QUIC Single
Handshake duration: 80.97 ms
Execution 203 - QUIC Single
Handshake duration: 79.52 ms
Execution 204 - QUIC Single
Handshake duration: 88.68 ms
Execution 205 - QUIC Single
Handshake duration: 80.09 ms
Execution 206 - QUIC Single
Handshake duration: 87.66 ms
Execution 207 - QUIC Single
Handshake duration: 79.91 ms
Execution 208 - QUIC Single
Handshake duration: 80.21 ms
Execution 209 - QUIC Single
Handshake duration: 82.33 ms
Execution 210 - QUIC Single
Handshake duration: 79.48 ms
Execution 211 - QUIC Single
Handshake duration: 87.42 ms
Execution 212 - QUIC Single
Handshake duration: 100.27 ms
Execution 213 - QUIC Single
Handshake duration: 79.31 ms
Execution 214 - QUIC Single
Handshake duration: 79.69 ms
Execution 215 - QUIC Single
Handshake duration: 79.67 ms
Execution 216 - QUIC Single
Handshake duration: 79.82 ms
Execution 217 - QUIC Single
Handshake duration: 81.14 ms
Execution 218 - QUIC Single
Handshake duration: 79.89 ms
Execution 219 - QUIC Single
Handshake duration: 79.66 ms
Execution 220 - QUIC Single
Handshake duration: 80.31 ms
Execution 221 - QUIC Single
Handshake duration: 81.18 ms
Execution 222 - QUIC Single
Handshake duration: 79.91 ms
Execution 223 - QUIC Single
Handshake duration: 80.13 ms
Execution 224 - QUIC Single
Handshake duration: 79.69 ms
Execution 225 - QUIC Single
Handshake duration: 79.89 ms
Execution 226 - QUIC Single
Handshake duration: 79.92 ms
Execution 227 - QUIC Single
Handshake duration: 80.95 ms
Execution 228 - QUIC Single
Handshake duration: 79.86 ms
Execution 229 - QUIC Single
Handshake duration: 80.76 ms
Execution 230 - QUIC Single
Handshake duration: 79.68 ms
Execution 231 - QUIC Single
Handshake duration: 80.56 ms
Execution 232 - QUIC Single
Handshake duration: 80.46 ms
Execution 233 - QUIC Single
Handshake duration: 99.95 ms
Execution 234 - QUIC Single
Handshake duration: 79.58 ms
Execution 235 - QUIC Single
Handshake duration: 80.93 ms
Execution 236 - QUIC Single
Handshake duration: 103.22 ms
Execution 237 - QUIC Single
Handshake duration: 79.88 ms
Execution 238 - QUIC Single
Handshake duration: 79.53 ms
Execution 239 - QUIC Single
Handshake duration: 88.85 ms
Execution 240 - QUIC Single
Handshake duration: 92.03 ms
Execution 241 - QUIC Single
Handshake duration: 80.99 ms
Execution 242 - QUIC Single
Handshake duration: 79.70 ms
Execution 243 - QUIC Single
Handshake duration: 80.43 ms
Execution 244 - QUIC Single
Handshake duration: 80.37 ms
Execution 245 - QUIC Single
Handshake duration: 80.59 ms
Execution 246 - QUIC Single
Handshake duration: 79.54 ms
Execution 247 - QUIC Single
Handshake duration: 81.23 ms
Execution 248 - QUIC Single
Handshake duration: 79.90 ms
Execution 249 - QUIC Single
Handshake duration: 91.83 ms
Execution 250 - QUIC Single
Handshake duration: 99.58 ms
Execution 251 - QUIC Single
Handshake duration: 80.25 ms
Execution 252 - QUIC Single
Handshake duration: 80.41 ms
Execution 253 - QUIC Single
Handshake duration: 80.36 ms
Execution 254 - QUIC Single
Handshake duration: 80.06 ms
Execution 255 - QUIC Single
Handshake duration: 80.02 ms
Execution 256 - QUIC Single
Handshake duration: 80.47 ms
Execution 257 - QUIC Single
Handshake duration: 80.95 ms
Execution 258 - QUIC Single
Handshake duration: 80.55 ms
Execution 259 - QUIC Single
Handshake duration: 80.40 ms
Execution 260 - QUIC Single
Handshake duration: 79.81 ms
Execution 261 - QUIC Single
Handshake duration: 80.47 ms
Execution 262 - QUIC Single
Handshake duration: 81.28 ms
Execution 263 - QUIC Single
Handshake duration: 80.27 ms
Execution 264 - QUIC Single
Handshake duration: 81.38 ms
Execution 265 - QUIC Single
Handshake duration: 79.59 ms
Execution 266 - QUIC Single
Handshake duration: 79.65 ms
Execution 267 - QUIC Single
Handshake duration: 90.84 ms
Execution 268 - QUIC Single
Handshake duration: 80.00 ms
Execution 269 - QUIC Single
Handshake duration: 79.84 ms
Execution 270 - QUIC Single
Handshake duration: 80.22 ms
Execution 271 - QUIC Single
Handshake duration: 80.31 ms
Execution 272 - QUIC Single
Handshake duration: 80.96 ms
Execution 273 - QUIC Single
Handshake duration: 79.99 ms
Execution 274 - QUIC Single
Handshake duration: 80.39 ms
Execution 275 - QUIC Single
Handshake duration: 80.06 ms
Execution 276 - QUIC Single
Handshake duration: 84.39 ms
Execution 277 - QUIC Single
Handshake duration: 80.41 ms
Execution 278 - QUIC Single
Handshake duration: 80.10 ms
Execution 279 - QUIC Single
Handshake duration: 80.16 ms
Execution 280 - QUIC Single
Handshake duration: 83.73 ms
Execution 281 - QUIC Single
Handshake duration: 80.60 ms
Execution 282 - QUIC Single
Handshake duration: 100.08 ms
Execution 283 - QUIC Single
Handshake duration: 79.82 ms
Execution 284 - QUIC Single
Handshake duration: 80.51 ms
Execution 285 - QUIC Single
Handshake duration: 80.11 ms
Execution 286 - QUIC Single
Handshake duration: 79.99 ms
Execution 287 - QUIC Single
Handshake duration: 79.94 ms
Execution 288 - QUIC Single
Handshake duration: 80.17 ms
Execution 289 - QUIC Single
Handshake duration: 79.59 ms
Execution 290 - QUIC Single
Handshake duration: 80.06 ms
Execution 291 - QUIC Single
Handshake duration: 79.68 ms
Execution 292 - QUIC Single
Handshake duration: 80.77 ms
Execution 293 - QUIC Single
Handshake duration: 80.23 ms
Execution 294 - QUIC Single
Handshake duration: 79.91 ms
Execution 295 - QUIC Single
Handshake duration: 92.48 ms
Execution 296 - QUIC Single
Handshake duration: 81.31 ms
Execution 297 - QUIC Single
Handshake duration: 104.14 ms
Execution 298 - QUIC Single
Handshake duration: 80.88 ms
Execution 299 - QUIC Single
Handshake duration: 99.43 ms
Execution 300 - QUIC Single
Handshake duration: 80.09 ms
Execution 301 - QUIC Single
Handshake duration: 79.84 ms
Execution 302 - QUIC Single
Handshake duration: 88.45 ms
Execution 303 - QUIC Single
Handshake duration: 98.86 ms
Execution 304 - QUIC Single
Handshake duration: 79.89 ms
Execution 305 - QUIC Single
Handshake duration: 80.32 ms
Execution 306 - QUIC Single
Handshake duration: 79.55 ms
Execution 307 - QUIC Single
Handshake duration: 81.30 ms
Execution 308 - QUIC Single
Handshake duration: 80.23 ms
Execution 309 - QUIC Single
Handshake duration: 82.84 ms
Execution 310 - QUIC Single
Handshake duration: 80.42 ms
Execution 311 - QUIC Single
Handshake duration: 81.27 ms
Execution 312 - QUIC Single
Handshake duration: 80.91 ms
Execution 313 - QUIC Single
Handshake duration: 80.85 ms
Execution 314 - QUIC Single
Handshake duration: 79.59 ms
Execution 315 - QUIC Single
Handshake duration: 82.95 ms
Execution 316 - QUIC Single
Handshake duration: 81.27 ms
Execution 317 - QUIC Single
Handshake duration: 81.39 ms
Execution 318 - QUIC Single
Handshake duration: 91.96 ms
Execution 319 - QUIC Single
Handshake duration: 88.20 ms
Execution 320 - QUIC Single
Handshake duration: 79.77 ms
Execution 321 - QUIC Single
Handshake duration: 80.76 ms
Execution 322 - QUIC Single
Handshake duration: 80.93 ms
Execution 323 - QUIC Single
Handshake duration: 81.72 ms
Execution 324 - QUIC Single
Handshake duration: 79.45 ms
Execution 325 - QUIC Single
Handshake duration: 81.94 ms
Execution 326 - QUIC Single
Handshake duration: 80.49 ms
Execution 327 - QUIC Single
Handshake duration: 81.36 ms
Execution 328 - QUIC Single
Handshake duration: 80.57 ms
Execution 329 - QUIC Single
Handshake duration: 81.02 ms
Execution 330 - QUIC Single
Handshake duration: 80.85 ms
Execution 331 - QUIC Single
Handshake duration: 80.32 ms
Execution 332 - QUIC Single
Handshake duration: 88.43 ms
Execution 333 - QUIC Single
Handshake duration: 80.04 ms
Execution 334 - QUIC Single
Handshake duration: 80.18 ms
Execution 335 - QUIC Single
Handshake duration: 80.10 ms
Execution 336 - QUIC Single
Handshake duration: 79.81 ms
Execution 337 - QUIC Single
Handshake duration: 93.36 ms
Execution 338 - QUIC Single
Handshake duration: 80.19 ms
Execution 339 - QUIC Single
Handshake duration: 81.39 ms
Execution 340 - QUIC Single
Handshake duration: 80.22 ms
Execution 341 - QUIC Single
Handshake duration: 79.76 ms
Execution 342 - QUIC Single
Handshake duration: 82.17 ms
Execution 343 - QUIC Single
Handshake duration: 80.17 ms
Execution 344 - QUIC Single
Handshake duration: 95.09 ms
Execution 345 - QUIC Single
Handshake duration: 82.71 ms
Execution 346 - QUIC Single
Handshake duration: 82.43 ms
Execution 347 - QUIC Single
Handshake duration: 79.99 ms
Execution 348 - QUIC Single
Handshake duration: 81.13 ms
Execution 349 - QUIC Single
Handshake duration: 95.57 ms
Execution 350 - QUIC Single
Handshake duration: 80.61 ms
Execution 351 - QUIC Single
Handshake duration: 80.33 ms
Execution 352 - QUIC Single
Handshake duration: 79.83 ms
Execution 353 - QUIC Single
Handshake duration: 98.84 ms
Execution 354 - QUIC Single
Handshake duration: 100.06 ms
Execution 355 - QUIC Single
Handshake duration: 99.19 ms
Execution 356 - QUIC Single
Handshake duration: 88.93 ms
Execution 357 - QUIC Single
Handshake duration: 80.27 ms
Execution 358 - QUIC Single
Handshake duration: 89.56 ms
Execution 359 - QUIC Single
Handshake duration: 98.52 ms
Execution 360 - QUIC Single
Handshake duration: 80.41 ms
Execution 361 - QUIC Single
Handshake duration: 79.55 ms
Execution 362 - QUIC Single
Handshake duration: 88.44 ms
Execution 363 - QUIC Single
Handshake duration: 79.52 ms
Execution 364 - QUIC Single
Handshake duration: 80.13 ms
Execution 365 - QUIC Single
Handshake duration: 99.56 ms
Execution 366 - QUIC Single
Handshake duration: 90.28 ms
Execution 367 - QUIC Single
Handshake duration: 80.24 ms
Execution 368 - QUIC Single
Handshake duration: 80.54 ms
Execution 369 - QUIC Single
Handshake duration: 80.69 ms
Execution 370 - QUIC Single
Handshake duration: 80.72 ms
Execution 371 - QUIC Single
Handshake duration: 80.70 ms
Execution 372 - QUIC Single
Handshake duration: 81.47 ms
Execution 373 - QUIC Single
Handshake duration: 80.42 ms
Execution 374 - QUIC Single
Handshake duration: 80.05 ms
Execution 375 - QUIC Single
Handshake duration: 96.89 ms
Execution 376 - QUIC Single
Handshake duration: 79.44 ms
Execution 377 - QUIC Single
Handshake duration: 79.73 ms
Execution 378 - QUIC Single
Handshake duration: 80.09 ms
Execution 379 - QUIC Single
Handshake duration: 82.36 ms
Execution 380 - QUIC Single
Handshake duration: 94.57 ms
Execution 381 - QUIC Single
Handshake duration: 80.68 ms
Execution 382 - QUIC Single
Handshake duration: 82.58 ms
Execution 383 - QUIC Single
Handshake duration: 97.95 ms
Execution 384 - QUIC Single
Handshake duration: 80.33 ms
Execution 385 - QUIC Single
Handshake duration: 79.99 ms
Execution 386 - QUIC Single
Handshake duration: 79.74 ms
Execution 387 - QUIC Single
Handshake duration: 80.39 ms
Execution 388 - QUIC Single
Handshake duration: 82.41 ms
Execution 389 - QUIC Single
Handshake duration: 81.51 ms
Execution 390 - QUIC Single
Handshake duration: 79.58 ms
Execution 391 - QUIC Single
Handshake duration: 81.49 ms
Execution 392 - QUIC Single
Handshake duration: 80.18 ms
Execution 393 - QUIC Single
Handshake duration: 80.62 ms
Execution 394 - QUIC Single
Handshake duration: 80.98 ms
Execution 395 - QUIC Single
Handshake duration: 80.05 ms
Execution 396 - QUIC Single
Handshake duration: 156.39 ms
Execution 397 - QUIC Single
Handshake duration: 155.12 ms
Execution 398 - QUIC Single
Handshake duration: 173.40 ms
Execution 399 - QUIC Single
Handshake duration: 89.20 ms
Execution 400 - QUIC Single
Handshake duration: 80.11 ms
Execution 401 - QUIC Single
Handshake duration: 79.46 ms
Execution 402 - QUIC Single
Handshake duration: 81.39 ms
Execution 403 - QUIC Single
Handshake duration: 81.67 ms
Execution 404 - QUIC Single
Handshake duration: 88.24 ms
Execution 405 - QUIC Single
Handshake duration: 80.46 ms
Execution 406 - QUIC Single
Handshake duration: 81.26 ms
Execution 407 - QUIC Single
Handshake duration: 81.78 ms
Execution 408 - QUIC Single
Handshake duration: 80.95 ms
Execution 409 - QUIC Single
Handshake duration: 80.11 ms
Execution 410 - QUIC Single
Handshake duration: 80.27 ms
Execution 411 - QUIC Single
Handshake duration: 99.28 ms
Execution 412 - QUIC Single
Handshake duration: 101.08 ms
Execution 413 - QUIC Single
Handshake duration: 80.53 ms
Execution 414 - QUIC Single
Handshake duration: 80.01 ms
Execution 415 - QUIC Single
Handshake duration: 81.63 ms
Execution 416 - QUIC Single
Handshake duration: 80.05 ms
Execution 417 - QUIC Single
Handshake duration: 87.09 ms
Execution 418 - QUIC Single
Handshake duration: 79.39 ms
Execution 419 - QUIC Single
Handshake duration: 80.07 ms
Execution 420 - QUIC Single
Handshake duration: 80.51 ms
Execution 421 - QUIC Single
Handshake duration: 80.62 ms
Execution 422 - QUIC Single
Handshake duration: 81.33 ms
Execution 423 - QUIC Single
Handshake duration: 82.95 ms
Execution 424 - QUIC Single
Handshake duration: 96.75 ms
Execution 425 - QUIC Single
Handshake duration: 94.94 ms
Execution 426 - QUIC Single
Handshake duration: 79.77 ms
Execution 427 - QUIC Single
Handshake duration: 79.60 ms
Execution 428 - QUIC Single
Handshake duration: 80.03 ms
Execution 429 - QUIC Single
Handshake duration: 80.29 ms
Execution 430 - QUIC Single
Handshake duration: 110.61 ms
Execution 431 - QUIC Single
Handshake duration: 80.19 ms
Execution 432 - QUIC Single
Handshake duration: 79.81 ms
Execution 433 - QUIC Single
Handshake duration: 80.15 ms
Execution 434 - QUIC Single
Handshake duration: 79.51 ms
Execution 435 - QUIC Single
Handshake duration: 79.69 ms
Execution 436 - QUIC Single
Handshake duration: 79.36 ms
Execution 437 - QUIC Single
Handshake duration: 79.84 ms
Execution 438 - QUIC Single
Handshake duration: 87.28 ms
Execution 439 - QUIC Single
Handshake duration: 81.12 ms
Execution 440 - QUIC Single
Handshake duration: 79.80 ms
Execution 441 - QUIC Single
Handshake duration: 79.67 ms
Execution 442 - QUIC Single
Handshake duration: 88.98 ms
Execution 443 - QUIC Single
Handshake duration: 80.16 ms
Execution 444 - QUIC Single
Handshake duration: 80.22 ms
Execution 445 - QUIC Single
Handshake duration: 80.95 ms
Execution 446 - QUIC Single
Handshake duration: 79.82 ms
Execution 447 - QUIC Single
Handshake duration: 80.03 ms
Execution 448 - QUIC Single
Handshake duration: 81.58 ms
Execution 449 - QUIC Single
Handshake duration: 79.69 ms
Execution 450 - QUIC Single
Handshake duration: 79.81 ms
Execution 451 - QUIC Single
Handshake duration: 80.77 ms
Execution 452 - QUIC Single
Handshake duration: 81.42 ms
Execution 453 - QUIC Single
Handshake duration: 79.70 ms
Execution 454 - QUIC Single
Handshake duration: 81.29 ms
Execution 455 - QUIC Single
Handshake duration: 79.51 ms
Execution 456 - QUIC Single
Handshake duration: 79.52 ms
Execution 457 - QUIC Single
Handshake duration: 90.64 ms
Execution 458 - QUIC Single
Handshake duration: 80.65 ms
Execution 459 - QUIC Single
Handshake duration: 79.78 ms
Execution 460 - QUIC Single
Handshake duration: 80.90 ms
Execution 461 - QUIC Single
Handshake duration: 79.36 ms
Execution 462 - QUIC Single
Handshake duration: 80.09 ms
Execution 463 - QUIC Single
Handshake duration: 79.64 ms
Execution 464 - QUIC Single
Handshake duration: 80.20 ms
Execution 465 - QUIC Single
Handshake duration: 79.66 ms
Execution 466 - QUIC Single
Handshake duration: 80.35 ms
Execution 467 - QUIC Single
Handshake duration: 79.66 ms
Execution 468 - QUIC Single
Handshake duration: 80.36 ms
Execution 469 - QUIC Single
Handshake duration: 80.02 ms
Execution 470 - QUIC Single
Handshake duration: 80.19 ms
Execution 471 - QUIC Single
Handshake duration: 79.42 ms
Execution 472 - QUIC Single
Handshake duration: 95.81 ms
Execution 473 - QUIC Single
Handshake duration: 79.79 ms
Execution 474 - QUIC Single
Handshake duration: 81.11 ms
Execution 475 - QUIC Single
Handshake duration: 79.97 ms
Execution 476 - QUIC Single
Handshake duration: 101.10 ms
Execution 477 - QUIC Single
Handshake duration: 79.69 ms
Execution 478 - QUIC Single
Handshake duration: 79.97 ms
Execution 479 - QUIC Single
Handshake duration: 79.65 ms
Execution 480 - QUIC Single
Handshake duration: 80.32 ms
Execution 481 - QUIC Single
Handshake duration: 80.58 ms
Execution 482 - QUIC Single
Handshake duration: 80.22 ms
Execution 483 - QUIC Single
Handshake duration: 80.37 ms
Execution 484 - QUIC Single
Handshake duration: 79.84 ms
Execution 485 - QUIC Single
Handshake duration: 91.25 ms
Execution 486 - QUIC Single
Handshake duration: 91.25 ms
Execution 487 - QUIC Single
Handshake duration: 86.97 ms
Execution 488 - QUIC Single
Handshake duration: 88.27 ms
Execution 489 - QUIC Single
Handshake duration: 96.37 ms
Execution 490 - QUIC Single
Handshake duration: 79.89 ms
Execution 491 - QUIC Single
Handshake duration: 79.90 ms
Execution 492 - QUIC Single
Handshake duration: 80.45 ms
Execution 493 - QUIC Single
Handshake duration: 95.18 ms
Execution 494 - QUIC Single
Handshake duration: 80.12 ms
Execution 495 - QUIC Single
Handshake duration: 80.29 ms
Execution 496 - QUIC Single
Handshake duration: 79.31 ms
Execution 497 - QUIC Single
Handshake duration: 81.03 ms
Execution 498 - QUIC Single
Handshake duration: 80.86 ms
Execution 499 - QUIC Single
Handshake duration: 80.46 ms
Execution 500 - QUIC Single
Handshake duration: 79.72 ms
     Waiting  ... 
   Shutting down server and impairments...

****************
  -> KEM: p521_hqc256

    Executing docker Server...
servidor
cliente
./Launcherv3_pq_hqc_ge_rerun.sh : ligne 309 : 134169 Processus arrêté      /usr/local/bin/pumba netem --duration 1h --interface $NETIF loss-gemodel --pg "${args[0]}" --pb "${args[1]}" --one-h "${args[2]}" --one-k "${args[3]}" "$OQS_SERVER"
529ab3611ab83091ee7395e45766c0cd5feec6b13818e5bf4fafcaac44e6e6b9
    Buscando IP.. 
    IP..  172.18.0.2
   ↳ Applying unstable network profile (loss-gemodel pg20 pb40 h90 k20)
   ✔ Pumba PID 139031 confirmed running (SIG=mldsa87 KEM=p521_hqc256 PROTO=quic)
    Executing docker Client... 172.18.0.2
f43c6fce0771e405ef41bdec6ebce15afd0e67e451120a47afffef79dd14d709
cliente
     Docker cliente executed ... 

**************************
     Executing test  ... 
Applying netem rules to lo...
Showing qdisc status for the interface: lo
qdisc netem 8036: root refcnt 2 limit 1000 seed 14987561285084644251
 Sent 0 bytes 0 pkt (dropped 0, overlimits 0 requeues 0) 
 backlog 0b 0p requeues 0
Running ./perftestClientTlsQuic.sh with SIG_ALG=mldsa87 and KEM_ALG=p521_hqc256
Execution 1 - QUIC Single
Handshake duration: 94.68 ms
Execution 2 - QUIC Single
Handshake duration: 99.22 ms
Execution 3 - QUIC Single
Handshake duration: 101.78 ms
Execution 4 - QUIC Single
Handshake duration: 99.15 ms
Execution 5 - QUIC Single
Handshake duration: 88.89 ms
Execution 6 - QUIC Single
Handshake duration: 89.43 ms
Execution 7 - QUIC Single
Handshake duration: 88.96 ms
Execution 8 - QUIC Single
Handshake duration: 89.00 ms
Execution 9 - QUIC Single
Handshake duration: 88.39 ms
Execution 10 - QUIC Single
Handshake duration: 90.18 ms
Execution 11 - QUIC Single
Handshake duration: 99.75 ms
Execution 12 - QUIC Single
Handshake duration: 88.67 ms
Execution 13 - QUIC Single
Handshake duration: 98.37 ms
Execution 14 - QUIC Single
Handshake duration: 89.09 ms
Execution 15 - QUIC Single
Handshake duration: 89.99 ms
Execution 16 - QUIC Single
Handshake duration: 89.68 ms
Execution 17 - QUIC Single
Handshake duration: 90.08 ms
Execution 18 - QUIC Single
Handshake duration: 89.94 ms
Execution 19 - QUIC Single
Handshake duration: 91.03 ms
Execution 20 - QUIC Single
Handshake duration: 89.61 ms
Execution 21 - QUIC Single
Handshake duration: 89.67 ms
Execution 22 - QUIC Single
Handshake duration: 89.33 ms
Execution 23 - QUIC Single
Handshake duration: 88.56 ms
Execution 24 - QUIC Single
Handshake duration: 88.84 ms
Execution 25 - QUIC Single
Handshake duration: 88.89 ms
Execution 26 - QUIC Single
Handshake duration: 89.24 ms
Execution 27 - QUIC Single
Handshake duration: 89.53 ms
Execution 28 - QUIC Single
Handshake duration: 99.23 ms
Execution 29 - QUIC Single
Handshake duration: 89.07 ms
Execution 30 - QUIC Single
Handshake duration: 90.55 ms
Execution 31 - QUIC Single
Handshake duration: 89.27 ms
Execution 32 - QUIC Single
Handshake duration: 89.76 ms
Execution 33 - QUIC Single
Handshake duration: 99.83 ms
Execution 34 - QUIC Single
Handshake duration: 94.20 ms
Execution 35 - QUIC Single
Handshake duration: 90.16 ms
Execution 36 - QUIC Single
Handshake duration: 89.15 ms
Execution 37 - QUIC Single
Handshake duration: 89.71 ms
Execution 38 - QUIC Single
Handshake duration: 90.93 ms
Execution 39 - QUIC Single
Handshake duration: 91.91 ms
Execution 40 - QUIC Single
Handshake duration: 89.82 ms
Execution 41 - QUIC Single
Handshake duration: 96.50 ms
Execution 42 - QUIC Single
Handshake duration: 90.55 ms
Execution 43 - QUIC Single
Handshake duration: 90.42 ms
Execution 44 - QUIC Single
Handshake duration: 90.12 ms
Execution 45 - QUIC Single
Handshake duration: 99.09 ms
Execution 46 - QUIC Single
Handshake duration: 89.37 ms
Execution 47 - QUIC Single
Handshake duration: 99.71 ms
Execution 48 - QUIC Single
Handshake duration: 89.18 ms
Execution 49 - QUIC Single
Handshake duration: 88.73 ms
Execution 50 - QUIC Single
Handshake duration: 89.68 ms
Execution 51 - QUIC Single
Handshake duration: 88.55 ms
Execution 52 - QUIC Single
Handshake duration: 90.24 ms
Execution 53 - QUIC Single
Handshake duration: 92.66 ms
Execution 54 - QUIC Single
Handshake duration: 89.43 ms
Execution 55 - QUIC Single
Handshake duration: 90.89 ms
Execution 56 - QUIC Single
Handshake duration: 90.01 ms
Execution 57 - QUIC Single
Handshake duration: 90.45 ms
Execution 58 - QUIC Single
Handshake duration: 96.47 ms
Execution 59 - QUIC Single
Handshake duration: 89.36 ms
Execution 60 - QUIC Single
Handshake duration: 101.42 ms
Execution 61 - QUIC Single
Handshake duration: 88.92 ms
Execution 62 - QUIC Single
Handshake duration: 90.31 ms
Execution 63 - QUIC Single
Handshake duration: 88.96 ms
Execution 64 - QUIC Single
Handshake duration: 92.10 ms
Execution 65 - QUIC Single
Handshake duration: 88.78 ms
Execution 66 - QUIC Single
Handshake duration: 100.74 ms
Execution 67 - QUIC Single
Handshake duration: 88.68 ms
Execution 68 - QUIC Single
Handshake duration: 89.53 ms
Execution 69 - QUIC Single
Handshake duration: 88.40 ms
Execution 70 - QUIC Single
Handshake duration: 89.39 ms
Execution 71 - QUIC Single
Handshake duration: 89.72 ms
Execution 72 - QUIC Single
Handshake duration: 91.76 ms
Execution 73 - QUIC Single
Handshake duration: 89.78 ms
Execution 74 - QUIC Single
Handshake duration: 89.14 ms
Execution 75 - QUIC Single
Handshake duration: 90.62 ms
Execution 76 - QUIC Single
Handshake duration: 89.14 ms
Execution 77 - QUIC Single
Handshake duration: 90.24 ms
Execution 78 - QUIC Single
Handshake duration: 88.77 ms
Execution 79 - QUIC Single
Handshake duration: 90.44 ms
Execution 80 - QUIC Single
Handshake duration: 89.92 ms
Execution 81 - QUIC Single
Handshake duration: 100.18 ms
Execution 82 - QUIC Single
Handshake duration: 88.74 ms
Execution 83 - QUIC Single
Handshake duration: 110.79 ms
Execution 84 - QUIC Single
Handshake duration: 90.51 ms
Execution 85 - QUIC Single
Handshake duration: 90.59 ms
Execution 86 - QUIC Single
Handshake duration: 89.51 ms
Execution 87 - QUIC Single
Handshake duration: 89.37 ms
Execution 88 - QUIC Single
Handshake duration: 99.46 ms
Execution 89 - QUIC Single
Handshake duration: 90.47 ms
Execution 90 - QUIC Single
Handshake duration: 100.98 ms
Execution 91 - QUIC Single
Handshake duration: 89.91 ms
Execution 92 - QUIC Single
Handshake duration: 88.38 ms
Execution 93 - QUIC Single
Handshake duration: 91.90 ms
Execution 94 - QUIC Single
Handshake duration: 90.39 ms
Execution 95 - QUIC Single
Handshake duration: 90.46 ms
Execution 96 - QUIC Single
Handshake duration: 88.44 ms
Execution 97 - QUIC Single
Handshake duration: 89.13 ms
Execution 98 - QUIC Single
Handshake duration: 88.94 ms
Execution 99 - QUIC Single
Handshake duration: 88.47 ms
Execution 100 - QUIC Single
Handshake duration: 91.13 ms
Execution 101 - QUIC Single
Handshake duration: 89.63 ms
Execution 102 - QUIC Single
Handshake duration: 89.39 ms
Execution 103 - QUIC Single
Handshake duration: 88.54 ms
Execution 104 - QUIC Single
Handshake duration: 90.34 ms
Execution 105 - QUIC Single
Handshake duration: 89.10 ms
Execution 106 - QUIC Single
Handshake duration: 89.37 ms
Execution 107 - QUIC Single
Handshake duration: 92.85 ms
Execution 108 - QUIC Single
Handshake duration: 89.78 ms
Execution 109 - QUIC Single
Handshake duration: 102.47 ms
Execution 110 - QUIC Single
Handshake duration: 89.20 ms
Execution 111 - QUIC Single
Handshake duration: 89.67 ms
Execution 112 - QUIC Single
Handshake duration: 90.06 ms
Execution 113 - QUIC Single
Handshake duration: 90.34 ms
Execution 114 - QUIC Single
Handshake duration: 88.97 ms
Execution 115 - QUIC Single
Handshake duration: 92.39 ms
Execution 116 - QUIC Single
Handshake duration: 89.10 ms
Execution 117 - QUIC Single
Handshake duration: 88.60 ms
Execution 118 - QUIC Single
Handshake duration: 89.59 ms
Execution 119 - QUIC Single
Handshake duration: 89.58 ms
Execution 120 - QUIC Single
Handshake duration: 89.68 ms
Execution 121 - QUIC Single
Handshake duration: 89.02 ms
Execution 122 - QUIC Single
Handshake duration: 89.82 ms
Execution 123 - QUIC Single
Handshake duration: 102.00 ms
Execution 124 - QUIC Single
Handshake duration: 90.92 ms
Execution 125 - QUIC Single
Handshake duration: 99.45 ms
Execution 126 - QUIC Single
Handshake duration: 89.56 ms
Execution 127 - QUIC Single
Handshake duration: 88.57 ms
Execution 128 - QUIC Single
Handshake duration: 88.37 ms
Execution 129 - QUIC Single
Handshake duration: 89.71 ms
Execution 130 - QUIC Single
Handshake duration: 88.09 ms
Execution 131 - QUIC Single
Handshake duration: 90.42 ms
Execution 132 - QUIC Single
Handshake duration: 89.53 ms
Execution 133 - QUIC Single
Handshake duration: 90.37 ms
Execution 134 - QUIC Single
Handshake duration: 89.42 ms
Execution 135 - QUIC Single
Handshake duration: 88.43 ms
Execution 136 - QUIC Single
Handshake duration: 91.37 ms
Execution 137 - QUIC Single
Handshake duration: 90.30 ms
Execution 138 - QUIC Single
Handshake duration: 89.09 ms
Execution 139 - QUIC Single
Handshake duration: 92.14 ms
Execution 140 - QUIC Single
Handshake duration: 89.58 ms
Execution 141 - QUIC Single
Handshake duration: 88.69 ms
Execution 142 - QUIC Single
Handshake duration: 89.05 ms
Execution 143 - QUIC Single
Handshake duration: 88.69 ms
Execution 144 - QUIC Single
Handshake duration: 89.97 ms
Execution 145 - QUIC Single
Handshake duration: 89.80 ms
Execution 146 - QUIC Single
Handshake duration: 103.21 ms
Execution 147 - QUIC Single
Handshake duration: 89.14 ms
Execution 148 - QUIC Single
Handshake duration: 89.04 ms
Execution 149 - QUIC Single
Handshake duration: 89.73 ms
Execution 150 - QUIC Single
Handshake duration: 90.63 ms
Execution 151 - QUIC Single
Handshake duration: 89.30 ms
Execution 152 - QUIC Single
Handshake duration: 88.75 ms
Execution 153 - QUIC Single
Handshake duration: 90.17 ms
Execution 154 - QUIC Single
Handshake duration: 89.03 ms
Execution 155 - QUIC Single
Handshake duration: 90.23 ms
Execution 156 - QUIC Single
Handshake duration: 88.52 ms
Execution 157 - QUIC Single
Handshake duration: 89.12 ms
Execution 158 - QUIC Single
Handshake duration: 90.53 ms
Execution 159 - QUIC Single
Handshake duration: 89.65 ms
Execution 160 - QUIC Single
Handshake duration: 89.35 ms
Execution 161 - QUIC Single
Handshake duration: 89.90 ms
Execution 162 - QUIC Single
Handshake duration: 90.53 ms
Execution 163 - QUIC Single
Handshake duration: 89.64 ms
Execution 164 - QUIC Single
Handshake duration: 89.07 ms
Execution 165 - QUIC Single
Handshake duration: 88.81 ms
Execution 166 - QUIC Single
Handshake duration: 92.01 ms
Execution 167 - QUIC Single
Handshake duration: 91.92 ms
Execution 168 - QUIC Single
Handshake duration: 111.51 ms
Execution 169 - QUIC Single
Handshake duration: 89.97 ms
Execution 170 - QUIC Single
Handshake duration: 89.90 ms
Execution 171 - QUIC Single
Handshake duration: 88.59 ms
Execution 172 - QUIC Single
Handshake duration: 91.62 ms
Execution 173 - QUIC Single
Handshake duration: 89.36 ms
Execution 174 - QUIC Single
Handshake duration: 88.45 ms
Execution 175 - QUIC Single
Handshake duration: 89.60 ms
Execution 176 - QUIC Single
Handshake duration: 89.42 ms
Execution 177 - QUIC Single
Handshake duration: 124.05 ms
Execution 178 - QUIC Single
Handshake duration: 89.10 ms
Execution 179 - QUIC Single
Handshake duration: 89.27 ms
Execution 180 - QUIC Single
Handshake duration: 89.99 ms
Execution 181 - QUIC Single
Handshake duration: 101.42 ms
Execution 182 - QUIC Single
Handshake duration: 89.93 ms
Execution 183 - QUIC Single
Handshake duration: 88.04 ms
Execution 184 - QUIC Single
Handshake duration: 94.73 ms
Execution 185 - QUIC Single
Handshake duration: 89.08 ms
Execution 186 - QUIC Single
Handshake duration: 89.42 ms
Execution 187 - QUIC Single
Handshake duration: 89.87 ms
Execution 188 - QUIC Single
Handshake duration: 89.84 ms
Execution 189 - QUIC Single
Handshake duration: 91.18 ms
Execution 190 - QUIC Single
Handshake duration: 89.09 ms
Execution 191 - QUIC Single
Handshake duration: 89.67 ms
Execution 192 - QUIC Single
Handshake duration: 88.78 ms
Execution 193 - QUIC Single
Handshake duration: 90.08 ms
Execution 194 - QUIC Single
Handshake duration: 90.04 ms
Execution 195 - QUIC Single
Handshake duration: 100.61 ms
Execution 196 - QUIC Single
Handshake duration: 104.79 ms
Execution 197 - QUIC Single
Handshake duration: 89.95 ms
Execution 198 - QUIC Single
Handshake duration: 94.09 ms
Execution 199 - QUIC Single
Handshake duration: 89.21 ms
Execution 200 - QUIC Single
Handshake duration: 88.34 ms
Execution 201 - QUIC Single
Handshake duration: 91.59 ms
Execution 202 - QUIC Single
Handshake duration: 101.30 ms
Execution 203 - QUIC Single
Handshake duration: 111.33 ms
Execution 204 - QUIC Single
Handshake duration: 90.84 ms
Execution 205 - QUIC Single
Handshake duration: 88.21 ms
Execution 206 - QUIC Single
Handshake duration: 89.82 ms
Execution 207 - QUIC Single
Handshake duration: 89.72 ms
Execution 208 - QUIC Single
Handshake duration: 91.95 ms
Execution 209 - QUIC Single
Handshake duration: 88.93 ms
Execution 210 - QUIC Single
Handshake duration: 88.57 ms
Execution 211 - QUIC Single
Handshake duration: 96.04 ms
Execution 212 - QUIC Single
Handshake duration: 89.32 ms
Execution 213 - QUIC Single
Handshake duration: 90.52 ms
Execution 214 - QUIC Single
Handshake duration: 88.36 ms
Execution 215 - QUIC Single
Handshake duration: 92.51 ms
Execution 216 - QUIC Single
Handshake duration: 90.03 ms
Execution 217 - QUIC Single
Handshake duration: 107.78 ms
Execution 218 - QUIC Single
Handshake duration: 112.51 ms
Execution 219 - QUIC Single
Handshake duration: 88.52 ms
Execution 220 - QUIC Single
Handshake duration: 100.97 ms
Execution 221 - QUIC Single
Handshake duration: 90.25 ms
Execution 222 - QUIC Single
Handshake duration: 91.04 ms
Execution 223 - QUIC Single
Handshake duration: 91.80 ms
Execution 224 - QUIC Single
Handshake duration: 91.35 ms
Execution 225 - QUIC Single
Handshake duration: 111.16 ms
Execution 226 - QUIC Single
Handshake duration: 88.79 ms
Execution 227 - QUIC Single
Handshake duration: 88.82 ms
Execution 228 - QUIC Single
Handshake duration: 89.14 ms
Execution 229 - QUIC Single
Handshake duration: 93.41 ms
Execution 230 - QUIC Single
Handshake duration: 90.21 ms
Execution 231 - QUIC Single
Handshake duration: 96.57 ms
Execution 232 - QUIC Single
Handshake duration: 89.54 ms
Execution 233 - QUIC Single
Handshake duration: 90.36 ms
Execution 234 - QUIC Single
Handshake duration: 89.37 ms
Execution 235 - QUIC Single
Handshake duration: 110.28 ms
Execution 236 - QUIC Single
Handshake duration: 90.39 ms
Execution 237 - QUIC Single
Handshake duration: 116.05 ms
Execution 238 - QUIC Single
Handshake duration: 103.81 ms
Execution 239 - QUIC Single
Handshake duration: 108.37 ms
Execution 240 - QUIC Single
Handshake duration: 99.75 ms
Execution 241 - QUIC Single
Handshake duration: 89.16 ms
Execution 242 - QUIC Single
Handshake duration: 89.15 ms
Execution 243 - QUIC Single
Handshake duration: 92.95 ms
Execution 244 - QUIC Single
Handshake duration: 88.69 ms
Execution 245 - QUIC Single
Handshake duration: 91.22 ms
Execution 246 - QUIC Single
Handshake duration: 89.27 ms
Execution 247 - QUIC Single
Handshake duration: 90.53 ms
Execution 248 - QUIC Single
Handshake duration: 89.42 ms
Execution 249 - QUIC Single
Handshake duration: 90.53 ms
Execution 250 - QUIC Single
Handshake duration: 89.09 ms
Execution 251 - QUIC Single
Handshake duration: 88.52 ms
Execution 252 - QUIC Single
Handshake duration: 89.33 ms
Execution 253 - QUIC Single
Handshake duration: 99.00 ms
Execution 254 - QUIC Single
Handshake duration: 89.17 ms
Execution 255 - QUIC Single
Handshake duration: 88.45 ms
Execution 256 - QUIC Single
Handshake duration: 100.00 ms
Execution 257 - QUIC Single
Handshake duration: 113.38 ms
Execution 258 - QUIC Single
Handshake duration: 89.34 ms
Execution 259 - QUIC Single
Handshake duration: 89.23 ms
Execution 260 - QUIC Single
Handshake duration: 88.78 ms
Execution 261 - QUIC Single
Handshake duration: 90.47 ms
Execution 262 - QUIC Single
Handshake duration: 103.04 ms
Execution 263 - QUIC Single
Handshake duration: 89.92 ms
Execution 264 - QUIC Single
Handshake duration: 88.34 ms
Execution 265 - QUIC Single
Handshake duration: 99.78 ms
Execution 266 - QUIC Single
Handshake duration: 102.35 ms
Execution 267 - QUIC Single
Handshake duration: 89.86 ms
Execution 268 - QUIC Single
Handshake duration: 88.96 ms
Execution 269 - QUIC Single
Handshake duration: 90.25 ms
Execution 270 - QUIC Single
Handshake duration: 89.40 ms
Execution 271 - QUIC Single
Handshake duration: 89.02 ms
Execution 272 - QUIC Single
Handshake duration: 88.67 ms
Execution 273 - QUIC Single
Handshake duration: 110.89 ms
Execution 274 - QUIC Single
Handshake duration: 89.64 ms
Execution 275 - QUIC Single
Handshake duration: 102.27 ms
Execution 276 - QUIC Single
Handshake duration: 89.70 ms
Execution 277 - QUIC Single
Handshake duration: 89.17 ms
Execution 278 - QUIC Single
Handshake duration: 89.85 ms
Execution 279 - QUIC Single
Handshake duration: 91.39 ms
Execution 280 - QUIC Single
Handshake duration: 88.60 ms
Execution 281 - QUIC Single
Handshake duration: 89.01 ms
Execution 282 - QUIC Single
Handshake duration: 88.75 ms
Execution 283 - QUIC Single
Handshake duration: 91.08 ms
Execution 284 - QUIC Single
Handshake duration: 89.40 ms
Execution 285 - QUIC Single
Handshake duration: 101.65 ms
Execution 286 - QUIC Single
Handshake duration: 90.33 ms
Execution 287 - QUIC Single
Handshake duration: 88.28 ms
Execution 288 - QUIC Single
Handshake duration: 88.78 ms
Execution 289 - QUIC Single
Handshake duration: 100.62 ms
Execution 290 - QUIC Single
Handshake duration: 90.52 ms
Execution 291 - QUIC Single
Handshake duration: 88.86 ms
Execution 292 - QUIC Single
Handshake duration: 105.11 ms
Execution 293 - QUIC Single
Handshake duration: 88.69 ms
Execution 294 - QUIC Single
Handshake duration: 92.20 ms
Execution 295 - QUIC Single
Handshake duration: 90.55 ms
Execution 296 - QUIC Single
Handshake duration: 88.51 ms
Execution 297 - QUIC Single
Handshake duration: 89.86 ms
Execution 298 - QUIC Single
Handshake duration: 97.46 ms
Execution 299 - QUIC Single
Handshake duration: 93.92 ms
Execution 300 - QUIC Single
Handshake duration: 90.25 ms
Execution 301 - QUIC Single
Handshake duration: 90.09 ms
Execution 302 - QUIC Single
Handshake duration: 88.20 ms
Execution 303 - QUIC Single
Handshake duration: 89.50 ms
Execution 304 - QUIC Single
Handshake duration: 91.69 ms
Execution 305 - QUIC Single
Handshake duration: 88.98 ms
Execution 306 - QUIC Single
Handshake duration: 100.18 ms
Execution 307 - QUIC Single
Handshake duration: 90.06 ms
Execution 308 - QUIC Single
Handshake duration: 89.07 ms
Execution 309 - QUIC Single
Handshake duration: 89.55 ms
Execution 310 - QUIC Single
Handshake duration: 89.50 ms
Execution 311 - QUIC Single
Handshake duration: 89.43 ms
Execution 312 - QUIC Single
Handshake duration: 89.87 ms
Execution 313 - QUIC Single
Handshake duration: 88.41 ms
Execution 314 - QUIC Single
Handshake duration: 99.58 ms
Execution 315 - QUIC Single
Handshake duration: 90.32 ms
Execution 316 - QUIC Single
Handshake duration: 89.07 ms
Execution 317 - QUIC Single
Handshake duration: 89.46 ms
Execution 318 - QUIC Single
Handshake duration: 90.00 ms
Execution 319 - QUIC Single
Handshake duration: 89.78 ms
Execution 320 - QUIC Single
Handshake duration: 97.71 ms
Execution 321 - QUIC Single
Handshake duration: 89.72 ms
Execution 322 - QUIC Single
Handshake duration: 89.88 ms
Execution 323 - QUIC Single
Handshake duration: 88.77 ms
Execution 324 - QUIC Single
Handshake duration: 88.59 ms
Execution 325 - QUIC Single
Handshake duration: 88.56 ms
Execution 326 - QUIC Single
Handshake duration: 88.84 ms
Execution 327 - QUIC Single
Handshake duration: 89.42 ms
Execution 328 - QUIC Single
Handshake duration: 89.26 ms
Execution 329 - QUIC Single
Handshake duration: 89.39 ms
Execution 330 - QUIC Single
Handshake duration: 89.86 ms
Execution 331 - QUIC Single
Handshake duration: 89.97 ms
Execution 332 - QUIC Single
Handshake duration: 90.60 ms
Execution 333 - QUIC Single
Handshake duration: 88.85 ms
Execution 334 - QUIC Single
Handshake duration: 89.46 ms
Execution 335 - QUIC Single
Handshake duration: 88.57 ms
Execution 336 - QUIC Single
Handshake duration: 88.42 ms
Execution 337 - QUIC Single
Handshake duration: 89.62 ms
Execution 338 - QUIC Single
Handshake duration: 90.50 ms
Execution 339 - QUIC Single
Handshake duration: 89.88 ms
Execution 340 - QUIC Single
Handshake duration: 88.67 ms
Execution 341 - QUIC Single
Handshake duration: 90.53 ms
Execution 342 - QUIC Single
Handshake duration: 93.19 ms
Execution 343 - QUIC Single
Handshake duration: 88.81 ms
Execution 344 - QUIC Single
Handshake duration: 89.13 ms
Execution 345 - QUIC Single
Handshake duration: 90.24 ms
Execution 346 - QUIC Single
Handshake duration: 88.47 ms
Execution 347 - QUIC Single
Handshake duration: 88.50 ms
Execution 348 - QUIC Single
Handshake duration: 88.94 ms
Execution 349 - QUIC Single
Handshake duration: 88.88 ms
Execution 350 - QUIC Single
Handshake duration: 88.48 ms
Execution 351 - QUIC Single
Handshake duration: 100.72 ms
Execution 352 - QUIC Single
Handshake duration: 88.80 ms
Execution 353 - QUIC Single
Handshake duration: 89.53 ms
Execution 354 - QUIC Single
Handshake duration: 90.42 ms
Execution 355 - QUIC Single
Handshake duration: 89.62 ms
Execution 356 - QUIC Single
Handshake duration: 89.29 ms
Execution 357 - QUIC Single
Handshake duration: 101.99 ms
Execution 358 - QUIC Single
Handshake duration: 89.67 ms
Execution 359 - QUIC Single
Handshake duration: 111.70 ms
Execution 360 - QUIC Single
Handshake duration: 88.50 ms
Execution 361 - QUIC Single
Handshake duration: 99.77 ms
Execution 362 - QUIC Single
Handshake duration: 89.36 ms
Execution 363 - QUIC Single
Handshake duration: 88.94 ms
Execution 364 - QUIC Single
Handshake duration: 89.54 ms
Execution 365 - QUIC Single
Handshake duration: 89.22 ms
Execution 366 - QUIC Single
Handshake duration: 88.89 ms
Execution 367 - QUIC Single
Handshake duration: 89.48 ms
Execution 368 - QUIC Single
Handshake duration: 90.09 ms
Execution 369 - QUIC Single
Handshake duration: 107.66 ms
Execution 370 - QUIC Single
Handshake duration: 102.99 ms
Execution 371 - QUIC Single
Handshake duration: 89.36 ms
Execution 372 - QUIC Single
Handshake duration: 89.61 ms
Execution 373 - QUIC Single
Handshake duration: 88.75 ms
Execution 374 - QUIC Single
Handshake duration: 88.77 ms
Execution 375 - QUIC Single
Handshake duration: 92.97 ms
Execution 376 - QUIC Single
Handshake duration: 88.58 ms
Execution 377 - QUIC Single
Handshake duration: 89.16 ms
Execution 378 - QUIC Single
Handshake duration: 88.96 ms
Execution 379 - QUIC Single
Handshake duration: 88.98 ms
Execution 380 - QUIC Single
Handshake duration: 88.67 ms
Execution 381 - QUIC Single
Handshake duration: 90.11 ms
Execution 382 - QUIC Single
Handshake duration: 90.39 ms
Execution 383 - QUIC Single
Handshake duration: 88.65 ms
Execution 384 - QUIC Single
Handshake duration: 90.71 ms
Execution 385 - QUIC Single
Handshake duration: 89.81 ms
Execution 386 - QUIC Single
Handshake duration: 89.34 ms
Execution 387 - QUIC Single
Handshake duration: 119.05 ms
Execution 388 - QUIC Single
Handshake duration: 90.63 ms
Execution 389 - QUIC Single
Handshake duration: 97.15 ms
Execution 390 - QUIC Single
Handshake duration: 98.87 ms
Execution 391 - QUIC Single
Handshake duration: 89.29 ms
Execution 392 - QUIC Single
Handshake duration: 89.00 ms
Execution 393 - QUIC Single
Handshake duration: 91.27 ms
Execution 394 - QUIC Single
Handshake duration: 88.66 ms
Execution 395 - QUIC Single
Handshake duration: 96.44 ms
Execution 396 - QUIC Single
Handshake duration: 99.83 ms
Execution 397 - QUIC Single
Handshake duration: 93.16 ms
Execution 398 - QUIC Single
Handshake duration: 89.09 ms
Execution 399 - QUIC Single
Handshake duration: 98.37 ms
Execution 400 - QUIC Single
Handshake duration: 101.72 ms
Execution 401 - QUIC Single
Handshake duration: 89.25 ms
Execution 402 - QUIC Single
Handshake duration: 88.86 ms
Execution 403 - QUIC Single
Handshake duration: 88.63 ms
Execution 404 - QUIC Single
Handshake duration: 88.93 ms
Execution 405 - QUIC Single
Handshake duration: 99.79 ms
Execution 406 - QUIC Single
Handshake duration: 89.33 ms
Execution 407 - QUIC Single
Handshake duration: 89.86 ms
Execution 408 - QUIC Single
Handshake duration: 92.81 ms
Execution 409 - QUIC Single
Handshake duration: 88.71 ms
Execution 410 - QUIC Single
Handshake duration: 88.93 ms
Execution 411 - QUIC Single
Handshake duration: 89.16 ms
Execution 412 - QUIC Single
Handshake duration: 89.89 ms
Execution 413 - QUIC Single
Handshake duration: 89.14 ms
Execution 414 - QUIC Single
Handshake duration: 89.38 ms
Execution 415 - QUIC Single
Handshake duration: 88.60 ms
Execution 416 - QUIC Single
Handshake duration: 89.14 ms
Execution 417 - QUIC Single
Handshake duration: 89.05 ms
Execution 418 - QUIC Single
Handshake duration: 90.42 ms
Execution 419 - QUIC Single
Handshake duration: 88.59 ms
Execution 420 - QUIC Single
Handshake duration: 89.97 ms
Execution 421 - QUIC Single
Handshake duration: 88.65 ms
Execution 422 - QUIC Single
Handshake duration: 89.32 ms
Execution 423 - QUIC Single
Handshake duration: 88.80 ms
Execution 424 - QUIC Single
Handshake duration: 92.24 ms
Execution 425 - QUIC Single
Handshake duration: 88.86 ms
Execution 426 - QUIC Single
Handshake duration: 88.58 ms
Execution 427 - QUIC Single
Handshake duration: 89.38 ms
Execution 428 - QUIC Single
Handshake duration: 88.70 ms
Execution 429 - QUIC Single
Handshake duration: 89.60 ms
Execution 430 - QUIC Single
Handshake duration: 89.49 ms
Execution 431 - QUIC Single
Handshake duration: 89.91 ms
Execution 432 - QUIC Single
Handshake duration: 88.71 ms
Execution 433 - QUIC Single
Handshake duration: 89.18 ms
Execution 434 - QUIC Single
Handshake duration: 89.85 ms
Execution 435 - QUIC Single
Handshake duration: 89.67 ms
Execution 436 - QUIC Single
Handshake duration: 89.46 ms
Execution 437 - QUIC Single
Handshake duration: 89.24 ms
Execution 438 - QUIC Single
Handshake duration: 100.28 ms
Execution 439 - QUIC Single
Handshake duration: 90.04 ms
Execution 440 - QUIC Single
Handshake duration: 88.45 ms
Execution 441 - QUIC Single
Handshake duration: 88.25 ms
Execution 442 - QUIC Single
Handshake duration: 90.07 ms
Execution 443 - QUIC Single
Handshake duration: 89.67 ms
Execution 444 - QUIC Single
Handshake duration: 88.90 ms
Execution 445 - QUIC Single
Handshake duration: 89.69 ms
Execution 446 - QUIC Single
Handshake duration: 89.30 ms
Execution 447 - QUIC Single
Handshake duration: 89.56 ms
Execution 448 - QUIC Single
Handshake duration: 89.34 ms
Execution 449 - QUIC Single
Handshake duration: 88.73 ms
Execution 450 - QUIC Single
Handshake duration: 90.42 ms
Execution 451 - QUIC Single
Handshake duration: 89.69 ms
Execution 452 - QUIC Single
Handshake duration: 88.97 ms
Execution 453 - QUIC Single
Handshake duration: 99.97 ms
Execution 454 - QUIC Single
Handshake duration: 88.66 ms
Execution 455 - QUIC Single
Handshake duration: 89.31 ms
Execution 456 - QUIC Single
Handshake duration: 89.01 ms
Execution 457 - QUIC Single
Handshake duration: 88.63 ms
Execution 458 - QUIC Single
Handshake duration: 90.01 ms
Execution 459 - QUIC Single
Handshake duration: 88.54 ms
Execution 460 - QUIC Single
Handshake duration: 117.05 ms
Execution 461 - QUIC Single
Handshake duration: 88.86 ms
Execution 462 - QUIC Single
Handshake duration: 90.07 ms
Execution 463 - QUIC Single
Handshake duration: 89.08 ms
Execution 464 - QUIC Single
Handshake duration: 90.16 ms
Execution 465 - QUIC Single
Handshake duration: 89.08 ms
Execution 466 - QUIC Single
Handshake duration: 113.26 ms
Execution 467 - QUIC Single
Handshake duration: 112.65 ms
Execution 468 - QUIC Single
Handshake duration: 88.89 ms
Execution 469 - QUIC Single
Handshake duration: 89.66 ms
Execution 470 - QUIC Single
Handshake duration: 89.04 ms
Execution 471 - QUIC Single
Handshake duration: 101.16 ms
Execution 472 - QUIC Single
Handshake duration: 88.23 ms
Execution 473 - QUIC Single
Handshake duration: 100.05 ms
Execution 474 - QUIC Single
Handshake duration: 89.54 ms
Execution 475 - QUIC Single
Handshake duration: 88.79 ms
Execution 476 - QUIC Single
Handshake duration: 90.04 ms
Execution 477 - QUIC Single
Handshake duration: 88.86 ms
Execution 478 - QUIC Single
Handshake duration: 90.47 ms
Execution 479 - QUIC Single
Handshake duration: 88.32 ms
Execution 480 - QUIC Single
Handshake duration: 88.74 ms
Execution 481 - QUIC Single
Handshake duration: 88.71 ms
Execution 482 - QUIC Single
Handshake duration: 89.53 ms
Execution 483 - QUIC Single
Handshake duration: 88.89 ms
Execution 484 - QUIC Single
Handshake duration: 88.85 ms
Execution 485 - QUIC Single
Handshake duration: 88.74 ms
Execution 486 - QUIC Single
Handshake duration: 89.85 ms
Execution 487 - QUIC Single
Handshake duration: 89.97 ms
Execution 488 - QUIC Single
Handshake duration: 88.76 ms
Execution 489 - QUIC Single
Handshake duration: 112.05 ms
Execution 490 - QUIC Single
Handshake duration: 88.94 ms
Execution 491 - QUIC Single
Handshake duration: 89.75 ms
Execution 492 - QUIC Single
Handshake duration: 89.35 ms
Execution 493 - QUIC Single
Handshake duration: 88.62 ms
Execution 494 - QUIC Single
Handshake duration: 88.62 ms
Execution 495 - QUIC Single
Handshake duration: 89.25 ms
Execution 496 - QUIC Single
Handshake duration: 118.40 ms
Execution 497 - QUIC Single
Handshake duration: 88.86 ms
Execution 498 - QUIC Single
Handshake duration: 88.96 ms
Execution 499 - QUIC Single
Handshake duration: 89.43 ms
Execution 500 - QUIC Single
Handshake duration: 90.82 ms
     Waiting  ... 
   Shutting down server and impairments...
./Launcherv3_pq_hqc_ge_rerun.sh : ligne 468 : 139031 Processus arrêté      /usr/local/bin/pumba netem --duration 1h --interface $NETIF loss-gemodel --pg "${args[0]}" --pb "${args[1]}" --one-h "${args[2]}" --one-k "${args[3]}" "$OQS_SERVER"
Deleted Containers:
f43c6fce0771e405ef41bdec6ebce15afd0e67e451120a47afffef79dd14d709
529ab3611ab83091ee7395e45766c0cd5feec6b13818e5bf4fafcaac44e6e6b9

Total reclaimed space: 24.58kB
cert
localNet
✅  Cleanup complete. Tests finished.
