*************************************
Parameters valid. Starting with:
  KEM Family:      both
  Protocol:        tls
  Auth Mode:       single
  Capture Mode:    nocapture
  Network Profile: none
  Loss %:          0
  Delay (ms):      0
  Executions:      500
  Signature:       ed25519 secp384r1 secp521r1 mldsa44 mldsa65 mldsa87
  KEMS Level 1:    P-256 x25519 p256_mlkem512 x25519_mlkem512 mlkem512 hqc128 p256_hqc128 x25519_hqc128
  KEMS Level 3:    P-384 x448 p384_mlkem768 x448_mlkem768 mlkem768 hqc192 p384_hqc192 x448_hqc192
  KEMS Level 5:    P-521 p521_mlkem1024 mlkem1024 hqc256 p521_hqc256
*************************************
Runnig on Linux
Total reclaimed space: 0B
Error response from daemon: get cert: no such volume
Error response from daemon: network localNet not found
exit status 1

*************************************
***NETWORK AND VOLUMEN **************
*************************************
9c8e2fc01f7fcde682dd69e8f09c362d62130c17b6caa1c6a3553e7c3618c661
✅ Red localNet created.
cert
✅ Volumen cert created.
*************************************

 ==> Executing for SIG_ALG: ed25519

 ==> Creating Certs and Keys
Creating certificates
Using default procedure for ed25519
-----
-----
Certificate request self-signature ok
subject=CN=localhost
-----
Certificate request self-signature ok
subject=CN=user
Running /opt/oqssa/bin/doCert.sh with SIG_ALG=ed25519 and certificates created


****************
  -> KEM: P-256

    Executing docker Server...
3962a4be863ff00f98ce92527850c69f709406d32c662f626a9be3b5fc9e94bc
    Buscando IP.. 
    IP..  172.18.0.2
    Executing docker Client... 172.18.0.2
4a0334daf5f31db3deb9d0a911a24c4a2a6f7a96e9c28da3880022e699e033de
cliente
     Docker cliente executed ... 

**************************
     Executing test  ... 
Applying netem rules to lo...
Showing qdisc status for the interface: lo
qdisc netem 8478: root refcnt 2 limit 1000 seed 5575031994107058683
 Sent 0 bytes 0 pkt (dropped 0, overlimits 0 requeues 0) 
 backlog 0b 0p requeues 0
Running ./perftestClientTlsQuic.sh with SIG_ALG=ed25519 and KEM_ALG=P-256
Execution 1 - TLS Single
s_connection: verify depth is 1
Handshake duration: 2.48 ms
Execution 2 - TLS Single
s_connection: verify depth is 1
Handshake duration: 2.07 ms
Execution 3 - TLS Single
s_connection: verify depth is 1
Handshake duration: 1.76 ms
Execution 4 - TLS Single
s_connection: verify depth is 1
Handshake duration: 1.77 ms
Execution 5 - TLS Single
s_connection: verify depth is 1
Handshake duration: 1.76 ms
Execution 6 - TLS Single
s_connection: verify depth is 1
Handshake duration: 1.72 ms
Execution 7 - TLS Single
s_connection: verify depth is 1
Handshake duration: 1.71 ms
Execution 8 - TLS Single
s_connection: verify depth is 1
Handshake duration: 2.05 ms
Execution 9 - TLS Single
s_connection: verify depth is 1
Handshake duration: 1.83 ms
Execution 10 - TLS Single
s_connection: verify depth is 1
Handshake duration: 2.30 ms
Execution 11 - TLS Single
s_connection: verify depth is 1
Handshake duration: 2.11 ms
Execution 12 - TLS Single
s_connection: verify depth is 1
Handshake duration: 1.79 ms
Execution 13 - TLS Single
s_connection: verify depth is 1
Handshake duration: 1.72 ms
Execution 14 - TLS Single
s_connection: verify depth is 1
Handshake duration: 1.72 ms
Execution 15 - TLS Single
s_connection: verify depth is 1
Handshake duration: 2.04 ms
Execution 16 - TLS Single
s_connection: verify depth is 1
Handshake duration: 1.92 ms
Execution 17 - TLS Single
s_connection: verify depth is 1
Handshake duration: 1.75 ms
Execution 18 - TLS Single
s_connection: verify depth is 1
Handshake duration: 1.78 ms
Execution 19 - TLS Single
s_connection: verify depth is 1
Handshake duration: 1.90 ms
Execution 20 - TLS Single
s_connection: verify depth is 1
Handshake duration: 1.75 ms
Execution 21 - TLS Single
s_connection: verify depth is 1
Handshake duration: 1.78 ms
Execution 22 - TLS Single
s_connection: verify depth is 1
Handshake duration: 1.76 ms
Execution 23 - TLS Single
s_connection: verify depth is 1
Handshake duration: 2.01 ms
Execution 24 - TLS Single
s_connection: verify depth is 1
Handshake duration: 2.08 ms
Execution 25 - TLS Single
s_connection: verify depth is 1
Handshake duration: 2.24 ms
Execution 26 - TLS Single
s_connection: verify depth is 1
Handshake duration: 2.54 ms
Execution 27 - TLS Single
s_connection: verify depth is 1
Handshake duration: 2.06 ms
Execution 28 - TLS Single
s_connection: verify depth is 1
Handshake duration: 2.33 ms
Execution 29 - TLS Single
s_connection: verify depth is 1
Handshake duration: 2.34 ms
Execution 30 - TLS Single
s_connection: verify depth is 1
Handshake duration: 1.83 ms
Execution 31 - TLS Single
s_connection: verify depth is 1
Handshake duration: 1.83 ms
Execution 32 - TLS Single
s_connection: verify depth is 1
Handshake duration: 1.91 ms
Execution 33 - TLS Single
s_connection: verify depth is 1
Handshake duration: 1.96 ms
Execution 34 - TLS Single
s_connection: verify depth is 1
Handshake duration: 1.77 ms
Execution 35 - TLS Single
s_connection: verify depth is 1
Handshake duration: 1.69 ms
Execution 36 - TLS Single
s_connection: verify depth is 1
Handshake duration: 1.76 ms
Execution 37 - TLS Single
s_connection: verify depth is 1
Handshake duration: 1.79 ms
Execution 38 - TLS Single
s_connection: verify depth is 1
Handshake duration: 1.82 ms
Execution 39 - TLS Single
s_connection: verify depth is 1
Handshake duration: 1.70 ms
Execution 40 - TLS Single
s_connection: verify depth is 1
Handshake duration: 1.85 ms
Execution 41 - TLS Single
s_connection: verify depth is 1
Handshake duration: 2.00 ms
Execution 42 - TLS Single
s_connection: verify depth is 1
Handshake duration: 1.94 ms
Execution 43 - TLS Single
s_connection: verify depth is 1
Handshake duration: 2.07 ms
Execution 44 - TLS Single
s_connection: verify depth is 1
Handshake duration: 2.11 ms
Execution 45 - TLS Single
s_connection: verify depth is 1
Handshake duration: 2.08 ms
Execution 46 - TLS Single
s_connection: verify depth is 1
Handshake duration: 2.30 ms
Execution 47 - TLS Single
s_connection: verify depth is 1
Handshake duration: 2.22 ms
Execution 48 - TLS Single
s_connection: verify depth is 1
Handshake duration: 1.94 ms
Execution 49 - TLS Single
s_connection: verify depth is 1
Handshake duration: 1.88 ms
Execution 50 - TLS Single
s_connection: verify depth is 1
Handshake duration: 1.80 ms
Execution 51 - TLS Single
s_connection: verify depth is 1
Handshake duration: 1.76 ms
Execution 52 - TLS Single
s_connection: verify depth is 1
Handshake duration: 1.79 ms
Execution 53 - TLS Single
s_connection: verify depth is 1
Handshake duration: 1.85 ms
Execution 54 - TLS Single
s_connection: verify depth is 1
Handshake duration: 1.80 ms
Execution 55 - TLS Single
s_connection: verify depth is 1
Handshake duration: 1.90 ms
Execution 56 - TLS Single
s_connection: verify depth is 1
Handshake duration: 1.72 ms
Execution 57 - TLS Single
s_connection: verify depth is 1
Handshake duration: 1.76 ms
Execution 58 - TLS Single
s_connection: verify depth is 1
Handshake duration: 1.90 ms
Execution 59 - TLS Single
s_connection: verify depth is 1
Handshake duration: 1.81 ms
Execution 60 - TLS Single
s_connection: verify depth is 1
Handshake duration: 1.84 ms
Execution 61 - TLS Single
s_connection: verify depth is 1
Handshake duration: 1.87 ms
Execution 62 - TLS Single
s_connection: verify depth is 1
Handshake duration: 2.07 ms
Execution 63 - TLS Single
s_connection: verify depth is 1
Handshake duration: 1.86 ms
Execution 64 - TLS Single
s_connection: verify depth is 1
Handshake duration: 2.09 ms
Execution 65 - TLS Single
s_connection: verify depth is 1
Handshake duration: 1.99 ms
Execution 66 - TLS Single
s_connection: verify depth is 1
Handshake duration: 2.08 ms
Execution 67 - TLS Single
s_connection: verify depth is 1
Handshake duration: 1.71 ms
Execution 68 - TLS Single
s_connection: verify depth is 1
Handshake duration: 1.73 ms
Execution 69 - TLS Single
s_connection: verify depth is 1
Handshake duration: 1.81 ms
Execution 70 - TLS Single
s_connection: verify depth is 1
Handshake duration: 2.04 ms
Execution 71 - TLS Single
s_connection: verify depth is 1
Handshake duration: 1.68 ms
Execution 72 - TLS Single
s_connection: verify depth is 1
Handshake duration: 1.72 ms
Execution 73 - TLS Single
s_connection: verify depth is 1
Handshake duration: 2.01 ms
Execution 74 - TLS Single
s_connection: verify depth is 1
Handshake duration: 1.80 ms
Execution 75 - TLS Single
s_connection: verify depth is 1
Handshake duration: 1.67 ms
Execution 76 - TLS Single
s_connection: verify depth is 1
Handshake duration: 1.83 ms
Execution 77 - TLS Single
s_connection: verify depth is 1
Handshake duration: 1.85 ms
Execution 78 - TLS Single
s_connection: verify depth is 1
Handshake duration: 2.04 ms
Execution 79 - TLS Single
s_connection: verify depth is 1
Handshake duration: 1.76 ms
Execution 80 - TLS Single
s_connection: verify depth is 1
Handshake duration: 1.70 ms
Execution 81 - TLS Single
s_connection: verify depth is 1
Handshake duration: 1.81 ms
Execution 82 - TLS Single
s_connection: verify depth is 1
Handshake duration: 1.67 ms
Execution 83 - TLS Single
s_connection: verify depth is 1
Handshake duration: 1.78 ms
Execution 84 - TLS Single
s_connection: verify depth is 1
Handshake duration: 1.73 ms
Execution 85 - TLS Single
s_connection: verify depth is 1
Handshake duration: 1.74 ms
Execution 86 - TLS Single
s_connection: verify depth is 1
Handshake duration: 2.08 ms
Execution 87 - TLS Single
s_connection: verify depth is 1
Handshake duration: 1.78 ms
Execution 88 - TLS Single
s_connection: verify depth is 1
Handshake duration: 2.42 ms
Execution 89 - TLS Single
s_connection: verify depth is 1
Handshake duration: 2.13 ms
Execution 90 - TLS Single
s_connection: verify depth is 1
Handshake duration: 1.80 ms
Execution 91 - TLS Single
s_connection: verify depth is 1
Handshake duration: 1.85 ms
Execution 92 - TLS Single
s_connection: verify depth is 1
Handshake duration: 2.05 ms
Execution 93 - TLS Single
s_connection: verify depth is 1
Handshake duration: 1.68 ms
Execution 94 - TLS Single
s_connection: verify depth is 1
Handshake duration: 1.71 ms
Execution 95 - TLS Single
s_connection: verify depth is 1
Handshake duration: 1.74 ms
Execution 96 - TLS Single
s_connection: verify depth is 1
Handshake duration: 1.69 ms
Execution 97 - TLS Single
s_connection: verify depth is 1
Handshake duration: 1.71 ms
Execution 98 - TLS Single
s_connection: verify depth is 1
Handshake duration: 1.82 ms
Execution 99 - TLS Single
s_connection: verify depth is 1
Handshake duration: 1.78 ms
Execution 100 - TLS Single
s_connection: verify depth is 1
Handshake duration: 1.92 ms
Execution 101 - TLS Single
s_connection: verify depth is 1
Handshake duration: 1.85 ms
Execution 102 - TLS Single
s_connection: verify depth is 1
Handshake duration: 2.25 ms
Execution 103 - TLS Single
s_connection: verify depth is 1
Handshake duration: 2.37 ms
Execution 104 - TLS Single
s_connection: verify depth is 1
Handshake duration: 2.61 ms
Execution 105 - TLS Single
s_connection: verify depth is 1
Handshake duration: 2.40 ms
Execution 106 - TLS Single
s_connection: verify depth is 1
Handshake duration: 2.13 ms
Execution 107 - TLS Single
s_connection: verify depth is 1
Handshake duration: 1.98 ms
Execution 108 - TLS Single
s_connection: verify depth is 1
Handshake duration: 2.08 ms
Execution 109 - TLS Single
s_connection: verify depth is 1
Handshake duration: 1.75 ms
Execution 110 - TLS Single
s_connection: verify depth is 1
Handshake duration: 1.76 ms
Execution 111 - TLS Single
s_connection: verify depth is 1
Handshake duration: 1.80 ms
Execution 112 - TLS Single
s_connection: verify depth is 1
Handshake duration: 2.09 ms
Execution 113 - TLS Single
s_connection: verify depth is 1
Handshake duration: 1.70 ms
Execution 114 - TLS Single
s_connection: verify depth is 1
Handshake duration: 1.70 ms
Execution 115 - TLS Single
s_connection: verify depth is 1
Handshake duration: 1.75 ms
Execution 116 - TLS Single
s_connection: verify depth is 1
Handshake duration: 2.07 ms
Execution 117 - TLS Single
s_connection: verify depth is 1
Handshake duration: 2.06 ms
Execution 118 - TLS Single
s_connection: verify depth is 1
Handshake duration: 2.02 ms
Execution 119 - TLS Single
s_connection: verify depth is 1
Handshake duration: 2.02 ms
Execution 120 - TLS Single
s_connection: verify depth is 1
Handshake duration: 1.87 ms
Execution 121 - TLS Single
s_connection: verify depth is 1
Handshake duration: 1.87 ms
Execution 122 - TLS Single
s_connection: verify depth is 1
Handshake duration: 1.81 ms
Execution 123 - TLS Single
s_connection: verify depth is 1
Handshake duration: 2.34 ms
Execution 124 - TLS Single
s_connection: verify depth is 1
Handshake duration: 2.26 ms
Execution 125 - TLS Single
s_connection: verify depth is 1
Handshake duration: 1.84 ms
Execution 126 - TLS Single
s_connection: verify depth is 1
Handshake duration: 1.67 ms
Execution 127 - TLS Single
s_connection: verify depth is 1
Handshake duration: 2.08 ms
Execution 128 - TLS Single
s_connection: verify depth is 1
Handshake duration: 2.06 ms
Execution 129 - TLS Single
s_connection: verify depth is 1
Handshake duration: 1.95 ms
Execution 130 - TLS Single
s_connection: verify depth is 1
Handshake duration: 1.75 ms
Execution 131 - TLS Single
s_connection: verify depth is 1
Handshake duration: 2.00 ms
Execution 132 - TLS Single
s_connection: verify depth is 1
Handshake duration: 2.29 ms
Execution 133 - TLS Single
s_connection: verify depth is 1
Handshake duration: 1.99 ms
Execution 134 - TLS Single
s_connection: verify depth is 1
Handshake duration: 2.33 ms
Execution 135 - TLS Single
s_connection: verify depth is 1
Handshake duration: 2.14 ms
Execution 136 - TLS Single
s_connection: verify depth is 1
Handshake duration: 2.15 ms
Execution 137 - TLS Single
s_connection: verify depth is 1
Handshake duration: 1.78 ms
Execution 138 - TLS Single
s_connection: verify depth is 1
Handshake duration: 2.07 ms
Execution 139 - TLS Single
s_connection: verify depth is 1
Handshake duration: 2.09 ms
Execution 140 - TLS Single
s_connection: verify depth is 1
Handshake duration: 2.01 ms
Execution 141 - TLS Single
s_connection: verify depth is 1
Handshake duration: 1.71 ms
Execution 142 - TLS Single
s_connection: verify depth is 1
Handshake duration: 1.68 ms
Execution 143 - TLS Single
s_connection: verify depth is 1
Handshake duration: 1.74 ms
Execution 144 - TLS Single
s_connection: verify depth is 1
Handshake duration: 1.80 ms
Execution 145 - TLS Single
s_connection: verify depth is 1
Handshake duration: 1.65 ms
Execution 146 - TLS Single
s_connection: verify depth is 1
Handshake duration: 1.66 ms
Execution 147 - TLS Single
s_connection: verify depth is 1
Handshake duration: 1.81 ms
Execution 148 - TLS Single
s_connection: verify depth is 1
Handshake duration: 2.28 ms
Execution 149 - TLS Single
s_connection: verify depth is 1
Handshake duration: 1.85 ms
Execution 150 - TLS Single
s_connection: verify depth is 1
Handshake duration: 2.02 ms
Execution 151 - TLS Single
s_connection: verify depth is 1
Handshake duration: 1.89 ms
Execution 152 - TLS Single
s_connection: verify depth is 1
Handshake duration: 2.46 ms
Execution 153 - TLS Single
s_connection: verify depth is 1
Handshake duration: 2.02 ms
Execution 154 - TLS Single
s_connection: verify depth is 1
Handshake duration: 1.69 ms
Execution 155 - TLS Single
s_connection: verify depth is 1
Handshake duration: 1.83 ms
Execution 156 - TLS Single
s_connection: verify depth is 1
Handshake duration: 1.70 ms
Execution 157 - TLS Single
s_connection: verify depth is 1
Handshake duration: 1.76 ms
Execution 158 - TLS Single
s_connection: verify depth is 1
Handshake duration: 1.70 ms
Execution 159 - TLS Single
s_connection: verify depth is 1
Handshake duration: 2.00 ms
Execution 160 - TLS Single
s_connection: verify depth is 1
Handshake duration: 1.84 ms
Execution 161 - TLS Single
s_connection: verify depth is 1
Handshake duration: 1.80 ms
Execution 162 - TLS Single
s_connection: verify depth is 1
Handshake duration: 1.83 ms
Execution 163 - TLS Single
s_connection: verify depth is 1
Handshake duration: 2.55 ms
Execution 164 - TLS Single
s_connection: verify depth is 1
Handshake duration: 2.11 ms
Execution 165 - TLS Single
s_connection: verify depth is 1
Handshake duration: 1.67 ms
Execution 166 - TLS Single
s_connection: verify depth is 1
Handshake duration: 1.78 ms
Execution 167 - TLS Single
s_connection: verify depth is 1
Handshake duration: 1.77 ms
Execution 168 - TLS Single
s_connection: verify depth is 1
Handshake duration: 1.77 ms
Execution 169 - TLS Single
s_connection: verify depth is 1
Handshake duration: 1.76 ms
Execution 170 - TLS Single
s_connection: verify depth is 1
Handshake duration: 1.84 ms
Execution 171 - TLS Single
s_connection: verify depth is 1
Handshake duration: 1.70 ms
Execution 172 - TLS Single
s_connection: verify depth is 1
Handshake duration: 1.84 ms
Execution 173 - TLS Single
s_connection: verify depth is 1
Handshake duration: 2.46 ms
Execution 174 - TLS Single
s_connection: verify depth is 1
Handshake duration: 2.32 ms
Execution 175 - TLS Single
s_connection: verify depth is 1
Handshake duration: 2.16 ms
Execution 176 - TLS Single
s_connection: verify depth is 1
Handshake duration: 1.86 ms
Execution 177 - TLS Single
s_connection: verify depth is 1
Handshake duration: 2.02 ms
Execution 178 - TLS Single
s_connection: verify depth is 1
Handshake duration: 1.95 ms
Execution 179 - TLS Single
s_connection: verify depth is 1
Handshake duration: 1.80 ms
Execution 180 - TLS Single
s_connection: verify depth is 1
Handshake duration: 1.76 ms
Execution 181 - TLS Single
s_connection: verify depth is 1
Handshake duration: 1.72 ms
Execution 182 - TLS Single
s_connection: verify depth is 1
Handshake duration: 1.71 ms
Execution 183 - TLS Single
s_connection: verify depth is 1
Handshake duration: 1.69 ms
Execution 184 - TLS Single
s_connection: verify depth is 1
Handshake duration: 1.75 ms
Execution 185 - TLS Single
s_connection: verify depth is 1
Handshake duration: 1.99 ms
Execution 186 - TLS Single
s_connection: verify depth is 1
Handshake duration: 2.24 ms
Execution 187 - TLS Single
s_connection: verify depth is 1
Handshake duration: 1.95 ms
Execution 188 - TLS Single
s_connection: verify depth is 1
Handshake duration: 2.24 ms
Execution 189 - TLS Single
s_connection: verify depth is 1
Handshake duration: 1.92 ms
Execution 190 - TLS Single
s_connection: verify depth is 1
Handshake duration: 2.58 ms
Execution 191 - TLS Single
s_connection: verify depth is 1
Handshake duration: 1.84 ms
Execution 192 - TLS Single
s_connection: verify depth is 1
Handshake duration: 1.75 ms
Execution 193 - TLS Single
s_connection: verify depth is 1
Handshake duration: 1.77 ms
Execution 194 - TLS Single
s_connection: verify depth is 1
Handshake duration: 1.68 ms
Execution 195 - TLS Single
s_connection: verify depth is 1
Handshake duration: 1.77 ms
Execution 196 - TLS Single
s_connection: verify depth is 1
Handshake duration: 1.73 ms
Execution 197 - TLS Single
s_connection: verify depth is 1
Handshake duration: 1.92 ms
Execution 198 - TLS Single
s_connection: verify depth is 1
Handshake duration: 1.79 ms
Execution 199 - TLS Single
s_connection: verify depth is 1
Handshake duration: 1.82 ms
Execution 200 - TLS Single
s_connection: verify depth is 1
Handshake duration: 1.92 ms
Execution 201 - TLS Single
s_connection: verify depth is 1
Handshake duration: 2.20 ms
Execution 202 - TLS Single
s_connection: verify depth is 1
Handshake duration: 1.79 ms
Execution 203 - TLS Single
s_connection: verify depth is 1
Handshake duration: 1.79 ms
Execution 204 - TLS Single
s_connection: verify depth is 1
Handshake duration: 2.10 ms
Execution 205 - TLS Single
s_connection: verify depth is 1
Handshake duration: 2.45 ms
Execution 206 - TLS Single
s_connection: verify depth is 1
Handshake duration: 1.80 ms
Execution 207 - TLS Single
s_connection: verify depth is 1
Handshake duration: 1.72 ms
Execution 208 - TLS Single
s_connection: verify depth is 1
Handshake duration: 1.82 ms
Execution 209 - TLS Single
s_connection: verify depth is 1
Handshake duration: 2.02 ms
Execution 210 - TLS Single
s_connection: verify depth is 1
Handshake duration: 1.72 ms
Execution 211 - TLS Single
s_connection: verify depth is 1
Handshake duration: 1.73 ms
Execution 212 - TLS Single
s_connection: verify depth is 1
Handshake duration: 1.83 ms
Execution 213 - TLS Single
s_connection: verify depth is 1
Handshake duration: 1.87 ms
Execution 214 - TLS Single
s_connection: verify depth is 1
Handshake duration: 2.04 ms
Execution 215 - TLS Single
s_connection: verify depth is 1
Handshake duration: 2.03 ms
Execution 216 - TLS Single
s_connection: verify depth is 1
Handshake duration: 1.84 ms
Execution 217 - TLS Single
s_connection: verify depth is 1
Handshake duration: 1.73 ms
Execution 218 - TLS Single
s_connection: verify depth is 1
Handshake duration: 2.06 ms
Execution 219 - TLS Single
s_connection: verify depth is 1
Handshake duration: 1.76 ms
Execution 220 - TLS Single
s_connection: verify depth is 1
Handshake duration: 1.92 ms
Execution 221 - TLS Single
s_connection: verify depth is 1
Handshake duration: 1.74 ms
Execution 222 - TLS Single
s_connection: verify depth is 1
Handshake duration: 1.75 ms
Execution 223 - TLS Single
s_connection: verify depth is 1
Handshake duration: 2.12 ms
Execution 224 - TLS Single
s_connection: verify depth is 1
Handshake duration: 1.93 ms
Execution 225 - TLS Single
s_connection: verify depth is 1
Handshake duration: 2.45 ms
Execution 226 - TLS Single
s_connection: verify depth is 1
Handshake duration: 2.01 ms
Execution 227 - TLS Single
s_connection: verify depth is 1
Handshake duration: 1.94 ms
Execution 228 - TLS Single
s_connection: verify depth is 1
Handshake duration: 1.77 ms
Execution 229 - TLS Single
s_connection: verify depth is 1
Handshake duration: 1.75 ms
Execution 230 - TLS Single
s_connection: verify depth is 1
Handshake duration: 1.94 ms
Execution 231 - TLS Single
s_connection: verify depth is 1
Handshake duration: 1.74 ms
Execution 232 - TLS Single
s_connection: verify depth is 1
Handshake duration: 1.89 ms
Execution 233 - TLS Single
s_connection: verify depth is 1
Handshake duration: 1.79 ms
Execution 234 - TLS Single
s_connection: verify depth is 1
Handshake duration: 1.86 ms
Execution 235 - TLS Single
s_connection: verify depth is 1
Handshake duration: 2.07 ms
Execution 236 - TLS Single
s_connection: verify depth is 1
Handshake duration: 1.83 ms
Execution 237 - TLS Single
s_connection: verify depth is 1
Handshake duration: 1.78 ms
Execution 238 - TLS Single
s_connection: verify depth is 1
Handshake duration: 1.83 ms
Execution 239 - TLS Single
s_connection: verify depth is 1
Handshake duration: 2.18 ms
Execution 240 - TLS Single
s_connection: verify depth is 1
Handshake duration: 1.76 ms
Execution 241 - TLS Single
s_connection: verify depth is 1
Handshake duration: 1.84 ms
Execution 242 - TLS Single
s_connection: verify depth is 1
Handshake duration: 2.05 ms
Execution 243 - TLS Single
s_connection: verify depth is 1
Handshake duration: 2.00 ms
Execution 244 - TLS Single
s_connection: verify depth is 1
Handshake duration: 1.71 ms
Execution 245 - TLS Single
s_connection: verify depth is 1
Handshake duration: 1.69 ms
Execution 246 - TLS Single
s_connection: verify depth is 1
Handshake duration: 1.74 ms
Execution 247 - TLS Single
s_connection: verify depth is 1
Handshake duration: 1.74 ms
Execution 248 - TLS Single
s_connection: verify depth is 1
Handshake duration: 1.95 ms
Execution 249 - TLS Single
s_connection: verify depth is 1
Handshake duration: 1.88 ms
Execution 250 - TLS Single
s_connection: verify depth is 1
Handshake duration: 2.72 ms
Execution 251 - TLS Single
s_connection: verify depth is 1
Handshake duration: 2.03 ms
Execution 252 - TLS Single
s_connection: verify depth is 1
Handshake duration: 1.78 ms
Execution 253 - TLS Single
s_connection: verify depth is 1
Handshake duration: 1.79 ms
Execution 254 - TLS Single
s_connection: verify depth is 1
Handshake duration: 1.73 ms
Execution 255 - TLS Single
s_connection: verify depth is 1
Handshake duration: 1.78 ms
Execution 256 - TLS Single
s_connection: verify depth is 1
Handshake duration: 1.74 ms
Execution 257 - TLS Single
s_connection: verify depth is 1
Handshake duration: 1.78 ms
Execution 258 - TLS Single
s_connection: verify depth is 1
Handshake duration: 1.80 ms
Execution 259 - TLS Single
s_connection: verify depth is 1
Handshake duration: 1.83 ms
Execution 260 - TLS Single
s_connection: verify depth is 1
Handshake duration: 2.53 ms
Execution 261 - TLS Single
s_connection: verify depth is 1
Handshake duration: 2.48 ms
Execution 262 - TLS Single
s_connection: verify depth is 1
Handshake duration: 2.06 ms
Execution 263 - TLS Single
s_connection: verify depth is 1
Handshake duration: 1.90 ms
Execution 264 - TLS Single
s_connection: verify depth is 1
Handshake duration: 2.01 ms
Execution 265 - TLS Single
s_connection: verify depth is 1
Handshake duration: 1.96 ms
Execution 266 - TLS Single
s_connection: verify depth is 1
Handshake duration: 1.72 ms
Execution 267 - TLS Single
s_connection: verify depth is 1
Handshake duration: 1.77 ms
Execution 268 - TLS Single
s_connection: verify depth is 1
Handshake duration: 1.91 ms
Execution 269 - TLS Single
s_connection: verify depth is 1
Handshake duration: 1.79 ms
Execution 270 - TLS Single
s_connection: verify depth is 1
Handshake duration: 1.83 ms
Execution 271 - TLS Single
s_connection: verify depth is 1
Handshake duration: 1.86 ms
Execution 272 - TLS Single
s_connection: verify depth is 1
Handshake duration: 1.92 ms
Execution 273 - TLS Single
s_connection: verify depth is 1
Handshake duration: 1.90 ms
Execution 274 - TLS Single
s_connection: verify depth is 1
Handshake duration: 1.93 ms
Execution 275 - TLS Single
s_connection: verify depth is 1
Handshake duration: 2.23 ms
Execution 276 - TLS Single
s_connection: verify depth is 1
Handshake duration: 2.28 ms
Execution 277 - TLS Single
s_connection: verify depth is 1
Handshake duration: 1.81 ms
Execution 278 - TLS Single
s_connection: verify depth is 1
Handshake duration: 1.85 ms
Execution 279 - TLS Single
s_connection: verify depth is 1
Handshake duration: 1.74 ms
Execution 280 - TLS Single
s_connection: verify depth is 1
Handshake duration: 2.10 ms
Execution 281 - TLS Single
s_connection: verify depth is 1
Handshake duration: 1.76 ms
Execution 282 - TLS Single
s_connection: verify depth is 1
Handshake duration: 1.85 ms
Execution 283 - TLS Single
s_connection: verify depth is 1
Handshake duration: 1.79 ms
Execution 284 - TLS Single
s_connection: verify depth is 1
Handshake duration: 2.12 ms
Execution 285 - TLS Single
s_connection: verify depth is 1
Handshake duration: 2.22 ms
Execution 286 - TLS Single
s_connection: verify depth is 1
Handshake duration: 2.51 ms
Execution 287 - TLS Single
s_connection: verify depth is 1
Handshake duration: 2.51 ms
Execution 288 - TLS Single
s_connection: verify depth is 1
Handshake duration: 2.61 ms
Execution 289 - TLS Single
s_connection: verify depth is 1
Handshake duration: 2.35 ms
Execution 290 - TLS Single
s_connection: verify depth is 1
Handshake duration: 2.27 ms
Execution 291 - TLS Single
s_connection: verify depth is 1
Handshake duration: 2.43 ms
Execution 292 - TLS Single
s_connection: verify depth is 1
Handshake duration: 3.13 ms
Execution 293 - TLS Single
s_connection: verify depth is 1
Handshake duration: 2.54 ms
Execution 294 - TLS Single
s_connection: verify depth is 1
Handshake duration: 2.19 ms
Execution 295 - TLS Single
s_connection: verify depth is 1
Handshake duration: 3.11 ms
Execution 296 - TLS Single
s_connection: verify depth is 1
Handshake duration: 2.34 ms
Execution 297 - TLS Single
s_connection: verify depth is 1
Handshake duration: 2.37 ms
Execution 298 - TLS Single
s_connection: verify depth is 1
Handshake duration: 2.61 ms
Execution 299 - TLS Single
s_connection: verify depth is 1
Handshake duration: 2.55 ms
Execution 300 - TLS Single
s_connection: verify depth is 1
Handshake duration: 2.80 ms
Execution 301 - TLS Single
s_connection: verify depth is 1
Handshake duration: 2.24 ms
Execution 302 - TLS Single
s_connection: verify depth is 1
Handshake duration: 2.17 ms
Execution 303 - TLS Single
s_connection: verify depth is 1
Handshake duration: 2.63 ms
Execution 304 - TLS Single
s_connection: verify depth is 1
Handshake duration: 2.51 ms
Execution 305 - TLS Single
s_connection: verify depth is 1
Handshake duration: 2.56 ms
Execution 306 - TLS Single
s_connection: verify depth is 1
Handshake duration: 2.45 ms
Execution 307 - TLS Single
s_connection: verify depth is 1
Handshake duration: 2.24 ms
Execution 308 - TLS Single
s_connection: verify depth is 1
Handshake duration: 2.51 ms
Execution 309 - TLS Single
s_connection: verify depth is 1
Handshake duration: 2.23 ms
Execution 310 - TLS Single
s_connection: verify depth is 1
Handshake duration: 2.63 ms
Execution 311 - TLS Single
s_connection: verify depth is 1
Handshake duration: 2.50 ms
Execution 312 - TLS Single
s_connection: verify depth is 1
Handshake duration: 2.40 ms
Execution 313 - TLS Single
s_connection: verify depth is 1
Handshake duration: 2.69 ms
Execution 314 - TLS Single
s_connection: verify depth is 1
Handshake duration: 2.67 ms
Execution 315 - TLS Single
s_connection: verify depth is 1
Handshake duration: 2.34 ms
Execution 316 - TLS Single
s_connection: verify depth is 1
Handshake duration: 2.22 ms
Execution 317 - TLS Single
s_connection: verify depth is 1
Handshake duration: 2.35 ms
Execution 318 - TLS Single
s_connection: verify depth is 1
Handshake duration: 2.60 ms
Execution 319 - TLS Single
s_connection: verify depth is 1
Handshake duration: 2.27 ms
Execution 320 - TLS Single
s_connection: verify depth is 1
Handshake duration: 2.37 ms
Execution 321 - TLS Single
s_connection: verify depth is 1
Handshake duration: 3.13 ms
Execution 322 - TLS Single
s_connection: verify depth is 1
Handshake duration: 2.38 ms
Execution 323 - TLS Single
s_connection: verify depth is 1
Handshake duration: 2.08 ms
Execution 324 - TLS Single
s_connection: verify depth is 1
Handshake duration: 1.85 ms
Execution 325 - TLS Single
s_connection: verify depth is 1
Handshake duration: 1.96 ms
Execution 326 - TLS Single
s_connection: verify depth is 1
Handshake duration: 2.06 ms
Execution 327 - TLS Single
s_connection: verify depth is 1
Handshake duration: 2.10 ms
Execution 328 - TLS Single
s_connection: verify depth is 1
Handshake duration: 1.92 ms
Execution 329 - TLS Single
s_connection: verify depth is 1
Handshake duration: 1.91 ms
Execution 330 - TLS Single
s_connection: verify depth is 1
Handshake duration: 1.95 ms
Execution 331 - TLS Single
s_connection: verify depth is 1
Handshake duration: 2.05 ms
Execution 332 - TLS Single
s_connection: verify depth is 1
Handshake duration: 1.91 ms
Execution 333 - TLS Single
s_connection: verify depth is 1
Handshake duration: 1.92 ms
Execution 334 - TLS Single
s_connection: verify depth is 1
Handshake duration: 2.02 ms
Execution 335 - TLS Single
s_connection: verify depth is 1
Handshake duration: 2.27 ms
Execution 336 - TLS Single
s_connection: verify depth is 1
Handshake duration: 2.04 ms
Execution 337 - TLS Single
s_connection: verify depth is 1
Handshake duration: 1.83 ms
Execution 338 - TLS Single
s_connection: verify depth is 1
Handshake duration: 1.76 ms
Execution 339 - TLS Single
s_connection: verify depth is 1
Handshake duration: 2.66 ms
Execution 340 - TLS Single
s_connection: verify depth is 1
Handshake duration: 2.02 ms
Execution 341 - TLS Single
s_connection: verify depth is 1
Handshake duration: 1.91 ms
Execution 342 - TLS Single
s_connection: verify depth is 1
Handshake duration: 1.71 ms
Execution 343 - TLS Single
s_connection: verify depth is 1
Handshake duration: 1.88 ms
Execution 344 - TLS Single
s_connection: verify depth is 1
Handshake duration: 1.75 ms
Execution 345 - TLS Single
s_connection: verify depth is 1
Handshake duration: 1.76 ms
Execution 346 - TLS Single
s_connection: verify depth is 1
Handshake duration: 1.76 ms
Execution 347 - TLS Single
s_connection: verify depth is 1
Handshake duration: 2.16 ms
Execution 348 - TLS Single
s_connection: verify depth is 1
Handshake duration: 1.99 ms
Execution 349 - TLS Single
s_connection: verify depth is 1
Handshake duration: 1.74 ms
Execution 350 - TLS Single
s_connection: verify depth is 1
Handshake duration: 2.02 ms
Execution 351 - TLS Single
s_connection: verify depth is 1
Handshake duration: 2.52 ms
Execution 352 - TLS Single
s_connection: verify depth is 1
Handshake duration: 1.96 ms
Execution 353 - TLS Single
s_connection: verify depth is 1
Handshake duration: 1.90 ms
Execution 354 - TLS Single
s_connection: verify depth is 1
Handshake duration: 1.82 ms
Execution 355 - TLS Single
s_connection: verify depth is 1
Handshake duration: 1.77 ms
Execution 356 - TLS Single
s_connection: verify depth is 1
Handshake duration: 1.83 ms
Execution 357 - TLS Single
s_connection: verify depth is 1
Handshake duration: 1.74 ms
Execution 358 - TLS Single
s_connection: verify depth is 1
Handshake duration: 2.12 ms
Execution 359 - TLS Single
s_connection: verify depth is 1
Handshake duration: 1.79 ms
Execution 360 - TLS Single
s_connection: verify depth is 1
Handshake duration: 2.07 ms
Execution 361 - TLS Single
s_connection: verify depth is 1
Handshake duration: 1.98 ms
Execution 362 - TLS Single
s_connection: verify depth is 1
Handshake duration: 1.72 ms
Execution 363 - TLS Single
s_connection: verify depth is 1
Handshake duration: 1.80 ms
Execution 364 - TLS Single
s_connection: verify depth is 1
Handshake duration: 1.77 ms
Execution 365 - TLS Single
s_connection: verify depth is 1
Handshake duration: 1.96 ms
Execution 366 - TLS Single
s_connection: verify depth is 1
Handshake duration: 1.72 ms
Execution 367 - TLS Single
s_connection: verify depth is 1
Handshake duration: 1.74 ms
Execution 368 - TLS Single
s_connection: verify depth is 1
Handshake duration: 1.71 ms
Execution 369 - TLS Single
s_connection: verify depth is 1
Handshake duration: 1.97 ms
Execution 370 - TLS Single
s_connection: verify depth is 1
Handshake duration: 1.89 ms
Execution 371 - TLS Single
s_connection: verify depth is 1
Handshake duration: 1.79 ms
Execution 372 - TLS Single
s_connection: verify depth is 1
Handshake duration: 2.52 ms
Execution 373 - TLS Single
s_connection: verify depth is 1
Handshake duration: 2.43 ms
Execution 374 - TLS Single
s_connection: verify depth is 1
Handshake duration: 1.98 ms
Execution 375 - TLS Single
s_connection: verify depth is 1
Handshake duration: 2.01 ms
Execution 376 - TLS Single
s_connection: verify depth is 1
Handshake duration: 1.86 ms
Execution 377 - TLS Single
s_connection: verify depth is 1
Handshake duration: 1.95 ms
Execution 378 - TLS Single
s_connection: verify depth is 1
Handshake duration: 1.78 ms
Execution 379 - TLS Single
s_connection: verify depth is 1
Handshake duration: 1.77 ms
Execution 380 - TLS Single
s_connection: verify depth is 1
Handshake duration: 1.72 ms
Execution 381 - TLS Single
s_connection: verify depth is 1
Handshake duration: 1.73 ms
Execution 382 - TLS Single
s_connection: verify depth is 1
Handshake duration: 1.71 ms
Execution 383 - TLS Single
s_connection: verify depth is 1
Handshake duration: 1.85 ms
Execution 384 - TLS Single
s_connection: verify depth is 1
Handshake duration: 1.88 ms
Execution 385 - TLS Single
s_connection: verify depth is 1
Handshake duration: 1.82 ms
Execution 386 - TLS Single
s_connection: verify depth is 1
Handshake duration: 2.04 ms
Execution 387 - TLS Single
s_connection: verify depth is 1
Handshake duration: 2.33 ms
Execution 388 - TLS Single
s_connection: verify depth is 1
Handshake duration: 1.97 ms
Execution 389 - TLS Single
s_connection: verify depth is 1
Handshake duration: 1.70 ms
Execution 390 - TLS Single
s_connection: verify depth is 1
Handshake duration: 1.75 ms
Execution 391 - TLS Single
s_connection: verify depth is 1
Handshake duration: 2.07 ms
Execution 392 - TLS Single
s_connection: verify depth is 1
Handshake duration: 1.91 ms
Execution 393 - TLS Single
s_connection: verify depth is 1
Handshake duration: 1.71 ms
Execution 394 - TLS Single
s_connection: verify depth is 1
Handshake duration: 1.71 ms
Execution 395 - TLS Single
s_connection: verify depth is 1
Handshake duration: 1.77 ms
Execution 396 - TLS Single
s_connection: verify depth is 1
Handshake duration: 1.86 ms
Execution 397 - TLS Single
s_connection: verify depth is 1
Handshake duration: 2.08 ms
Execution 398 - TLS Single
s_connection: verify depth is 1
Handshake duration: 1.86 ms
Execution 399 - TLS Single
s_connection: verify depth is 1
Handshake duration: 1.93 ms
Execution 400 - TLS Single
s_connection: verify depth is 1
Handshake duration: 1.75 ms
Execution 401 - TLS Single
s_connection: verify depth is 1
Handshake duration: 1.71 ms
Execution 402 - TLS Single
s_connection: verify depth is 1
Handshake duration: 1.77 ms
Execution 403 - TLS Single
s_connection: verify depth is 1
Handshake duration: 1.88 ms
Execution 404 - TLS Single
s_connection: verify depth is 1
Handshake duration: 1.81 ms
Execution 405 - TLS Single
s_connection: verify depth is 1
Handshake duration: 1.73 ms
Execution 406 - TLS Single
s_connection: verify depth is 1
Handshake duration: 1.76 ms
Execution 407 - TLS Single
s_connection: verify depth is 1
Handshake duration: 2.05 ms
Execution 408 - TLS Single
s_connection: verify depth is 1
Handshake duration: 1.83 ms
Execution 409 - TLS Single
s_connection: verify depth is 1
Handshake duration: 1.90 ms
Execution 410 - TLS Single
s_connection: verify depth is 1
Handshake duration: 2.03 ms
Execution 411 - TLS Single
s_connection: verify depth is 1
Handshake duration: 1.75 ms
Execution 412 - TLS Single
s_connection: verify depth is 1
Handshake duration: 2.02 ms
Execution 413 - TLS Single
s_connection: verify depth is 1
Handshake duration: 1.78 ms
Execution 414 - TLS Single
s_connection: verify depth is 1
Handshake duration: 1.97 ms
Execution 415 - TLS Single
s_connection: verify depth is 1
Handshake duration: 1.78 ms
Execution 416 - TLS Single
s_connection: verify depth is 1
Handshake duration: 1.86 ms
Execution 417 - TLS Single
s_connection: verify depth is 1
Handshake duration: 1.70 ms
Execution 418 - TLS Single
s_connection: verify depth is 1
Handshake duration: 1.81 ms
Execution 419 - TLS Single
s_connection: verify depth is 1
Handshake duration: 1.96 ms
Execution 420 - TLS Single
s_connection: verify depth is 1
Handshake duration: 1.67 ms
Execution 421 - TLS Single
s_connection: verify depth is 1
Handshake duration: 1.82 ms
Execution 422 - TLS Single
s_connection: verify depth is 1
Handshake duration: 1.76 ms
Execution 423 - TLS Single
s_connection: verify depth is 1
Handshake duration: 1.94 ms
Execution 424 - TLS Single
s_connection: verify depth is 1
Handshake duration: 1.86 ms
Execution 425 - TLS Single
s_connection: verify depth is 1
Handshake duration: 1.85 ms
Execution 426 - TLS Single
s_connection: verify depth is 1
Handshake duration: 2.22 ms
Execution 427 - TLS Single
s_connection: verify depth is 1
Handshake duration: 1.76 ms
Execution 428 - TLS Single
s_connection: verify depth is 1
Handshake duration: 1.86 ms
Execution 429 - TLS Single
s_connection: verify depth is 1
Handshake duration: 1.83 ms
Execution 430 - TLS Single
s_connection: verify depth is 1
Handshake duration: 1.79 ms
Execution 431 - TLS Single
s_connection: verify depth is 1
Handshake duration: 1.85 ms
Execution 432 - TLS Single
s_connection: verify depth is 1
Handshake duration: 1.76 ms
Execution 433 - TLS Single
s_connection: verify depth is 1
Handshake duration: 1.80 ms
Execution 434 - TLS Single
s_connection: verify depth is 1
Handshake duration: 1.78 ms
Execution 435 - TLS Single
s_connection: verify depth is 1
Handshake duration: 1.80 ms
Execution 436 - TLS Single
s_connection: verify depth is 1
Handshake duration: 1.87 ms
Execution 437 - TLS Single
s_connection: verify depth is 1
Handshake duration: 2.08 ms
Execution 438 - TLS Single
s_connection: verify depth is 1
Handshake duration: 1.93 ms
Execution 439 - TLS Single
s_connection: verify depth is 1
Handshake duration: 1.71 ms
Execution 440 - TLS Single
s_connection: verify depth is 1
Handshake duration: 1.80 ms
Execution 441 - TLS Single
s_connection: verify depth is 1
Handshake duration: 1.90 ms
Execution 442 - TLS Single
s_connection: verify depth is 1
Handshake duration: 1.75 ms
Execution 443 - TLS Single
s_connection: verify depth is 1
Handshake duration: 1.85 ms
Execution 444 - TLS Single
s_connection: verify depth is 1
Handshake duration: 1.76 ms
Execution 445 - TLS Single
s_connection: verify depth is 1
Handshake duration: 2.42 ms
Execution 446 - TLS Single
s_connection: verify depth is 1
Handshake duration: 1.96 ms
Execution 447 - TLS Single
s_connection: verify depth is 1
Handshake duration: 2.02 ms
Execution 448 - TLS Single
s_connection: verify depth is 1
Handshake duration: 2.10 ms
Execution 449 - TLS Single
s_connection: verify depth is 1
Handshake duration: 1.77 ms
Execution 450 - TLS Single
s_connection: verify depth is 1
Handshake duration: 1.79 ms
Execution 451 - TLS Single
s_connection: verify depth is 1
Handshake duration: 1.76 ms
Execution 452 - TLS Single
s_connection: verify depth is 1
Handshake duration: 1.87 ms
Execution 453 - TLS Single
s_connection: verify depth is 1
Handshake duration: 1.80 ms
Execution 454 - TLS Single
s_connection: verify depth is 1
Handshake duration: 1.75 ms
Execution 455 - TLS Single
s_connection: verify depth is 1
Handshake duration: 1.79 ms
Execution 456 - TLS Single
s_connection: verify depth is 1
Handshake duration: 1.89 ms
Execution 457 - TLS Single
s_connection: verify depth is 1
Handshake duration: 2.15 ms
Execution 458 - TLS Single
s_connection: verify depth is 1
Handshake duration: 1.85 ms
Execution 459 - TLS Single
s_connection: verify depth is 1
Handshake duration: 1.84 ms
Execution 460 - TLS Single
s_connection: verify depth is 1
Handshake duration: 1.85 ms
Execution 461 - TLS Single
s_connection: verify depth is 1
Handshake duration: 1.79 ms
Execution 462 - TLS Single
s_connection: verify depth is 1
Handshake duration: 1.70 ms
Execution 463 - TLS Single
s_connection: verify depth is 1
Handshake duration: 2.11 ms
Execution 464 - TLS Single
s_connection: verify depth is 1
Handshake duration: 1.76 ms
Execution 465 - TLS Single
s_connection: verify depth is 1
Handshake duration: 1.72 ms
Execution 466 - TLS Single
s_connection: verify depth is 1
Handshake duration: 1.82 ms
Execution 467 - TLS Single
s_connection: verify depth is 1
Handshake duration: 1.99 ms
Execution 468 - TLS Single
s_connection: verify depth is 1
Handshake duration: 2.11 ms
Execution 469 - TLS Single
s_connection: verify depth is 1
Handshake duration: 2.07 ms
Execution 470 - TLS Single
s_connection: verify depth is 1
Handshake duration: 2.12 ms
Execution 471 - TLS Single
s_connection: verify depth is 1
Handshake duration: 1.74 ms
Execution 472 - TLS Single
s_connection: verify depth is 1
Handshake duration: 1.70 ms
Execution 473 - TLS Single
s_connection: verify depth is 1
Handshake duration: 1.74 ms
Execution 474 - TLS Single
s_connection: verify depth is 1
Handshake duration: 1.96 ms
Execution 475 - TLS Single
s_connection: verify depth is 1
Handshake duration: 1.69 ms
Execution 476 - TLS Single
s_connection: verify depth is 1
Handshake duration: 1.76 ms
Execution 477 - TLS Single
s_connection: verify depth is 1
Handshake duration: 1.86 ms
Execution 478 - TLS Single
s_connection: verify depth is 1
Handshake duration: 1.78 ms
Execution 479 - TLS Single
s_connection: verify depth is 1
Handshake duration: 2.09 ms
Execution 480 - TLS Single
s_connection: verify depth is 1
Handshake duration: 1.75 ms
Execution 481 - TLS Single
s_connection: verify depth is 1
Handshake duration: 1.81 ms
Execution 482 - TLS Single
s_connection: verify depth is 1
Handshake duration: 1.67 ms
Execution 483 - TLS Single
s_connection: verify depth is 1
Handshake duration: 1.78 ms
Execution 484 - TLS Single
s_connection: verify depth is 1
Handshake duration: 1.75 ms
Execution 485 - TLS Single
s_connection: verify depth is 1
Handshake duration: 1.68 ms
Execution 486 - TLS Single
s_connection: verify depth is 1
Handshake duration: 1.66 ms
Execution 487 - TLS Single
s_connection: verify depth is 1
Handshake duration: 1.79 ms
Execution 488 - TLS Single
s_connection: verify depth is 1
Handshake duration: 2.04 ms
Execution 489 - TLS Single
s_connection: verify depth is 1
Handshake duration: 1.92 ms
Execution 490 - TLS Single
s_connection: verify depth is 1
Handshake duration: 2.43 ms
Execution 491 - TLS Single
s_connection: verify depth is 1
Handshake duration: 2.17 ms
Execution 492 - TLS Single
s_connection: verify depth is 1
Handshake duration: 1.84 ms
Execution 493 - TLS Single
s_connection: verify depth is 1
Handshake duration: 2.73 ms
Execution 494 - TLS Single
s_connection: verify depth is 1
Handshake duration: 2.09 ms
Execution 495 - TLS Single
s_connection: verify depth is 1
Handshake duration: 2.05 ms
Execution 496 - TLS Single
s_connection: verify depth is 1
Handshake duration: 2.04 ms
Execution 497 - TLS Single
s_connection: verify depth is 1
Handshake duration: 1.99 ms
Execution 498 - TLS Single
s_connection: verify depth is 1
Handshake duration: 1.78 ms
Execution 499 - TLS Single
s_connection: verify depth is 1
Handshake duration: 1.80 ms
Execution 500 - TLS Single
s_connection: verify depth is 1
Handshake duration: 1.79 ms
     Log de handshake enregistré dans /home/tolokoum/Documents/mldsa-mlkem-hqc-tls-quic-constrained-performance/captures/tls/single/none/handshake_logs/handshake_tls_single_ed25519_P-256_none.log
     CPU/mémoire enregistrés dans /home/tolokoum/Documents/mldsa-mlkem-hqc-tls-quic-constrained-performance/captures/tls/single/none/resource_usage/resource_usage_tls_single_none.csv
     Waiting  ... 
   Shutting down server and impairments...

****************
  -> KEM: x25519

    Executing docker Server...
servidor
cliente
1ea40c2dd5a8daf54f9e2154711f318e8384dcb89e8776bcd164b7dc6175a562
    Buscando IP.. 
    IP..  172.18.0.2
    Executing docker Client... 172.18.0.2
30e70f2a7aa8003ed6fed7af5190bc0d12c18f55367aaf91d5e8661226b8b958
cliente
     Docker cliente executed ... 

**************************
     Executing test  ... 
Applying netem rules to lo...
Showing qdisc status for the interface: lo
qdisc netem 847a: root refcnt 2 limit 1000 seed 4630136567384607827
 Sent 0 bytes 0 pkt (dropped 0, overlimits 0 requeues 0) 
 backlog 0b 0p requeues 0
Running ./perftestClientTlsQuic.sh with SIG_ALG=ed25519 and KEM_ALG=x25519
Execution 1 - TLS Single
s_connection: verify depth is 1
Handshake duration: 2.12 ms
Execution 2 - TLS Single
s_connection: verify depth is 1
Handshake duration: 2.77 ms
Execution 3 - TLS Single
s_connection: verify depth is 1
Handshake duration: 1.98 ms
Execution 4 - TLS Single
s_connection: verify depth is 1
Handshake duration: 1.59 ms
Execution 5 - TLS Single
s_connection: verify depth is 1
Handshake duration: 1.57 ms
Execution 6 - TLS Single
s_connection: verify depth is 1
Handshake duration: 1.65 ms
Execution 7 - TLS Single
s_connection: verify depth is 1
Handshake duration: 1.65 ms
Execution 8 - TLS Single
s_connection: verify depth is 1
Handshake duration: 1.59 ms
Execution 9 - TLS Single
s_connection: verify depth is 1
Handshake duration: 1.84 ms
Execution 10 - TLS Single
s_connection: verify depth is 1
Handshake duration: 1.85 ms
Execution 11 - TLS Single
s_connection: verify depth is 1
Handshake duration: 1.78 ms
Execution 12 - TLS Single
s_connection: verify depth is 1
Handshake duration: 1.68 ms
Execution 13 - TLS Single
s_connection: verify depth is 1
Handshake duration: 2.50 ms
Execution 14 - TLS Single
s_connection: verify depth is 1
Handshake duration: 1.88 ms
Execution 15 - TLS Single
s_connection: verify depth is 1
Handshake duration: 1.68 ms
Execution 16 - TLS Single
s_connection: verify depth is 1
Handshake duration: 1.70 ms
Execution 17 - TLS Single
s_connection: verify depth is 1
Handshake duration: 2.01 ms
Execution 18 - TLS Single
s_connection: verify depth is 1
Handshake duration: 1.76 ms
Execution 19 - TLS Single
s_connection: verify depth is 1
Handshake duration: 1.68 ms
Execution 20 - TLS Single
s_connection: verify depth is 1
Handshake duration: 1.75 ms
Execution 21 - TLS Single
s_connection: verify depth is 1
Handshake duration: 1.98 ms
Execution 22 - TLS Single
s_connection: verify depth is 1
Handshake duration: 1.71 ms
Execution 23 - TLS Single
s_connection: verify depth is 1
Handshake duration: 1.63 ms
Execution 24 - TLS Single
s_connection: verify depth is 1
Handshake duration: 1.64 ms
Execution 25 - TLS Single
s_connection: verify depth is 1
Handshake duration: 1.83 ms
Execution 26 - TLS Single
s_connection: verify depth is 1
Handshake duration: 1.95 ms
Execution 27 - TLS Single
s_connection: verify depth is 1
Handshake duration: 1.76 ms
Execution 28 - TLS Single
s_connection: verify depth is 1
Handshake duration: 2.06 ms
Execution 29 - TLS Single
s_connection: verify depth is 1
Handshake duration: 1.70 ms
Execution 30 - TLS Single
s_connection: verify depth is 1
Handshake duration: 1.65 ms
Execution 31 - TLS Single
s_connection: verify depth is 1
Handshake duration: 1.68 ms
Execution 32 - TLS Single
s_connection: verify depth is 1
Handshake duration: 1.90 ms
Execution 33 - TLS Single
s_connection: verify depth is 1
Handshake duration: 1.82 ms
Execution 34 - TLS Single
s_connection: verify depth is 1
Handshake duration: 1.75 ms
Execution 35 - TLS Single
s_connection: verify depth is 1
Handshake duration: 1.72 ms
Execution 36 - TLS Single
s_connection: verify depth is 1
Handshake duration: 1.84 ms
Execution 37 - TLS Single
s_connection: verify depth is 1
Handshake duration: 1.70 ms
Execution 38 - TLS Single
s_connection: verify depth is 1
Handshake duration: 1.63 ms
Execution 39 - TLS Single
s_connection: verify depth is 1
Handshake duration: 1.64 ms
Execution 40 - TLS Single
s_connection: verify depth is 1
Handshake duration: 1.67 ms
Execution 41 - TLS Single
s_connection: verify depth is 1
Handshake duration: 2.02 ms
Execution 42 - TLS Single
s_connection: verify depth is 1
Handshake duration: 2.19 ms
Execution 43 - TLS Single
s_connection: verify depth is 1
Handshake duration: 1.76 ms
Execution 44 - TLS Single
s_connection: verify depth is 1
Handshake duration: 1.88 ms
Execution 45 - TLS Single
s_connection: verify depth is 1
Handshake duration: 1.78 ms
Execution 46 - TLS Single
s_connection: verify depth is 1
Handshake duration: 2.06 ms
Execution 47 - TLS Single
s_connection: verify depth is 1
Handshake duration: 2.04 ms
Execution 48 - TLS Single
s_connection: verify depth is 1
Handshake duration: 1.74 ms
Execution 49 - TLS Single
s_connection: verify depth is 1
Handshake duration: 1.83 ms
Execution 50 - TLS Single
s_connection: verify depth is 1
Handshake duration: 1.99 ms
Execution 51 - TLS Single
s_connection: verify depth is 1
Handshake duration: 1.65 ms
Execution 52 - TLS Single
s_connection: verify depth is 1
Handshake duration: 1.66 ms
Execution 53 - TLS Single
s_connection: verify depth is 1
Handshake duration: 1.93 ms
Execution 54 - TLS Single
s_connection: verify depth is 1
Handshake duration: 1.74 ms
Execution 55 - TLS Single
s_connection: verify depth is 1
Handshake duration: 1.84 ms
Execution 56 - TLS Single
s_connection: verify depth is 1
Handshake duration: 1.63 ms
Execution 57 - TLS Single
s_connection: verify depth is 1
Handshake duration: 1.75 ms
Execution 58 - TLS Single
s_connection: verify depth is 1
Handshake duration: 1.59 ms
Execution 59 - TLS Single
s_connection: verify depth is 1
Handshake duration: 1.72 ms
Execution 60 - TLS Single
s_connection: verify depth is 1
Handshake duration: 1.65 ms
Execution 61 - TLS Single
s_connection: verify depth is 1
Handshake duration: 2.23 ms
Execution 62 - TLS Single
s_connection: verify depth is 1
Handshake duration: 1.99 ms
Execution 63 - TLS Single
s_connection: verify depth is 1
Handshake duration: 1.83 ms
Execution 64 - TLS Single
s_connection: verify depth is 1
Handshake duration: 1.80 ms
Execution 65 - TLS Single
s_connection: verify depth is 1
Handshake duration: 1.93 ms
Execution 66 - TLS Single
s_connection: verify depth is 1
Handshake duration: 1.79 ms
Execution 67 - TLS Single
s_connection: verify depth is 1
Handshake duration: 1.71 ms
Execution 68 - TLS Single
s_connection: verify depth is 1
Handshake duration: 2.20 ms
Execution 69 - TLS Single
s_connection: verify depth is 1
Handshake duration: 2.38 ms
Execution 70 - TLS Single
s_connection: verify depth is 1
Handshake duration: 1.63 ms
Execution 71 - TLS Single
s_connection: verify depth is 1
Handshake duration: 1.67 ms
Execution 72 - TLS Single
s_connection: verify depth is 1
Handshake duration: 1.76 ms
Execution 73 - TLS Single
s_connection: verify depth is 1
Handshake duration: 2.02 ms
Execution 74 - TLS Single
s_connection: verify depth is 1
Handshake duration: 1.73 ms
Execution 75 - TLS Single
s_connection: verify depth is 1
Handshake duration: 1.77 ms
Execution 76 - TLS Single
s_connection: verify depth is 1
Handshake duration: 1.75 ms
Execution 77 - TLS Single
s_connection: verify depth is 1
Handshake duration: 1.98 ms
Execution 78 - TLS Single
s_connection: verify depth is 1
Handshake duration: 1.74 ms
Execution 79 - TLS Single
s_connection: verify depth is 1
Handshake duration: 1.73 ms
Execution 80 - TLS Single
s_connection: verify depth is 1
Handshake duration: 1.77 ms
Execution 81 - TLS Single
s_connection: verify depth is 1
Handshake duration: 1.66 ms
Execution 82 - TLS Single
s_connection: verify depth is 1
Handshake duration: 1.60 ms
Execution 83 - TLS Single
s_connection: verify depth is 1
Handshake duration: 1.60 ms
Execution 84 - TLS Single
s_connection: verify depth is 1
Handshake duration: 1.67 ms
Execution 85 - TLS Single
s_connection: verify depth is 1
Handshake duration: 1.77 ms
Execution 86 - TLS Single
s_connection: verify depth is 1
Handshake duration: 2.00 ms
Execution 87 - TLS Single
s_connection: verify depth is 1
Handshake duration: 1.94 ms
Execution 88 - TLS Single
s_connection: verify depth is 1
Handshake duration: 1.63 ms
Execution 89 - TLS Single
s_connection: verify depth is 1
Handshake duration: 1.70 ms
Execution 90 - TLS Single
s_connection: verify depth is 1
Handshake duration: 1.64 ms
Execution 91 - TLS Single
s_connection: verify depth is 1
Handshake duration: 1.91 ms
Execution 92 - TLS Single
s_connection: verify depth is 1
Handshake duration: 1.58 ms
Execution 93 - TLS Single
s_connection: verify depth is 1
Handshake duration: 1.64 ms
Execution 94 - TLS Single
s_connection: verify depth is 1
Handshake duration: 1.62 ms
Execution 95 - TLS Single
s_connection: verify depth is 1
Handshake duration: 2.04 ms
Execution 96 - TLS Single
s_connection: verify depth is 1
Handshake duration: 1.65 ms
Execution 97 - TLS Single
s_connection: verify depth is 1
Handshake duration: 1.66 ms
Execution 98 - TLS Single
s_connection: verify depth is 1
Handshake duration: 1.82 ms
Execution 99 - TLS Single
s_connection: verify depth is 1
Handshake duration: 1.80 ms
Execution 100 - TLS Single
s_connection: verify depth is 1
Handshake duration: 1.71 ms
Execution 101 - TLS Single
s_connection: verify depth is 1
Handshake duration: 1.79 ms
Execution 102 - TLS Single
s_connection: verify depth is 1
Handshake duration: 1.67 ms
Execution 103 - TLS Single
s_connection: verify depth is 1
Handshake duration: 1.62 ms
Execution 104 - TLS Single
s_connection: verify depth is 1
Handshake duration: 1.77 ms
Execution 105 - TLS Single
s_connection: verify depth is 1
Handshake duration: 1.76 ms
Execution 106 - TLS Single
s_connection: verify depth is 1
Handshake duration: 1.80 ms
Execution 107 - TLS Single
s_connection: verify depth is 1
Handshake duration: 1.67 ms
Execution 108 - TLS Single
s_connection: verify depth is 1
Handshake duration: 1.61 ms
Execution 109 - TLS Single
s_connection: verify depth is 1
Handshake duration: 1.75 ms
Execution 110 - TLS Single
s_connection: verify depth is 1
Handshake duration: 2.33 ms
Execution 111 - TLS Single
s_connection: verify depth is 1
Handshake duration: 1.84 ms
Execution 112 - TLS Single
s_connection: verify depth is 1
Handshake duration: 1.93 ms
Execution 113 - TLS Single
s_connection: verify depth is 1
Handshake duration: 2.13 ms
Execution 114 - TLS Single
s_connection: verify depth is 1
Handshake duration: 2.28 ms
Execution 115 - TLS Single
s_connection: verify depth is 1
Handshake duration: 1.69 ms
Execution 116 - TLS Single
s_connection: verify depth is 1
Handshake duration: 1.62 ms
Execution 117 - TLS Single
s_connection: verify depth is 1
Handshake duration: 1.66 ms
Execution 118 - TLS Single
s_connection: verify depth is 1
Handshake duration: 2.08 ms
Execution 119 - TLS Single
s_connection: verify depth is 1
Handshake duration: 1.65 ms
Execution 120 - TLS Single
s_connection: verify depth is 1
Handshake duration: 1.53 ms
Execution 121 - TLS Single
s_connection: verify depth is 1
Handshake duration: 1.60 ms
Execution 122 - TLS Single
s_connection: verify depth is 1
Handshake duration: 2.16 ms
Execution 123 - TLS Single
s_connection: verify depth is 1
Handshake duration: 1.70 ms
Execution 124 - TLS Single
s_connection: verify depth is 1
Handshake duration: 1.81 ms
Execution 125 - TLS Single
s_connection: verify depth is 1
Handshake duration: 1.99 ms
Execution 126 - TLS Single
s_connection: verify depth is 1
Handshake duration: 1.96 ms
Execution 127 - TLS Single
s_connection: verify depth is 1
Handshake duration: 1.94 ms
Execution 128 - TLS Single
s_connection: verify depth is 1
Handshake duration: 1.71 ms
Execution 129 - TLS Single
s_connection: verify depth is 1
Handshake duration: 1.71 ms
Execution 130 - TLS Single
s_connection: verify depth is 1
Handshake duration: 1.65 ms
Execution 131 - TLS Single
s_connection: verify depth is 1
Handshake duration: 1.70 ms
Execution 132 - TLS Single
s_connection: verify depth is 1
Handshake duration: 1.69 ms
Execution 133 - TLS Single
s_connection: verify depth is 1
Handshake duration: 1.77 ms
Execution 134 - TLS Single
s_connection: verify depth is 1
Handshake duration: 1.62 ms
Execution 135 - TLS Single
s_connection: verify depth is 1
Handshake duration: 1.72 ms
Execution 136 - TLS Single
s_connection: verify depth is 1
Handshake duration: 1.69 ms
Execution 137 - TLS Single
s_connection: verify depth is 1
Handshake duration: 1.70 ms
Execution 138 - TLS Single
s_connection: verify depth is 1
Handshake duration: 1.76 ms
Execution 139 - TLS Single
s_connection: verify depth is 1
Handshake duration: 2.05 ms
Execution 140 - TLS Single
s_connection: verify depth is 1
Handshake duration: 1.94 ms
Execution 141 - TLS Single
s_connection: verify depth is 1
Handshake duration: 1.89 ms
Execution 142 - TLS Single
s_connection: verify depth is 1
Handshake duration: 2.00 ms
Execution 143 - TLS Single
s_connection: verify depth is 1
Handshake duration: 1.67 ms
Execution 144 - TLS Single
s_connection: verify depth is 1
Handshake duration: 1.69 ms
Execution 145 - TLS Single
s_connection: verify depth is 1
Handshake duration: 1.67 ms
Execution 146 - TLS Single
s_connection: verify depth is 1
Handshake duration: 1.63 ms
Execution 147 - TLS Single
s_connection: verify depth is 1
Handshake duration: 1.58 ms
Execution 148 - TLS Single
s_connection: verify depth is 1
Handshake duration: 1.93 ms
Execution 149 - TLS Single
s_connection: verify depth is 1
Handshake duration: 1.99 ms
Execution 150 - TLS Single
s_connection: verify depth is 1
Handshake duration: 1.60 ms
Execution 151 - TLS Single
s_connection: verify depth is 1
Handshake duration: 1.66 ms
Execution 152 - TLS Single
s_connection: verify depth is 1
Handshake duration: 1.72 ms
Execution 153 - TLS Single
s_connection: verify depth is 1
Handshake duration: 1.97 ms
Execution 154 - TLS Single
s_connection: verify depth is 1
Handshake duration: 1.71 ms
Execution 155 - TLS Single
s_connection: verify depth is 1
Handshake duration: 1.84 ms
Execution 156 - TLS Single
s_connection: verify depth is 1
Handshake duration: 1.83 ms
Execution 157 - TLS Single
s_connection: verify depth is 1
Handshake duration: 1.60 ms
Execution 158 - TLS Single
s_connection: verify depth is 1
Handshake duration: 1.72 ms
Execution 159 - TLS Single
s_connection: verify depth is 1
Handshake duration: 1.60 ms
Execution 160 - TLS Single
s_connection: verify depth is 1
Handshake duration: 1.62 ms
Execution 161 - TLS Single
s_connection: verify depth is 1
Handshake duration: 1.62 ms
Execution 162 - TLS Single
s_connection: verify depth is 1
Handshake duration: 1.74 ms
Execution 163 - TLS Single
s_connection: verify depth is 1
Handshake duration: 1.71 ms
Execution 164 - TLS Single
s_connection: verify depth is 1
Handshake duration: 2.04 ms
Execution 165 - TLS Single
s_connection: verify depth is 1
Handshake duration: 1.67 ms
Execution 166 - TLS Single
s_connection: verify depth is 1
Handshake duration: 1.86 ms
Execution 167 - TLS Single
s_connection: verify depth is 1
Handshake duration: 1.92 ms
Execution 168 - TLS Single
s_connection: verify depth is 1
Handshake duration: 1.52 ms
Execution 169 - TLS Single
s_connection: verify depth is 1
Handshake duration: 1.65 ms
Execution 170 - TLS Single
s_connection: verify depth is 1
Handshake duration: 2.80 ms
Execution 171 - TLS Single
s_connection: verify depth is 1
Handshake duration: 2.51 ms
Execution 172 - TLS Single
s_connection: verify depth is 1
Handshake duration: 2.48 ms
Execution 173 - TLS Single
s_connection: verify depth is 1
Handshake duration: 1.82 ms
Execution 174 - TLS Single
s_connection: verify depth is 1
Handshake duration: 1.64 ms
Execution 175 - TLS Single
s_connection: verify depth is 1
Handshake duration: 1.64 ms
Execution 176 - TLS Single
s_connection: verify depth is 1
Handshake duration: 1.80 ms
Execution 177 - TLS Single
s_connection: verify depth is 1
Handshake duration: 1.67 ms
Execution 178 - TLS Single
s_connection: verify depth is 1
Handshake duration: 1.84 ms
Execution 179 - TLS Single
s_connection: verify depth is 1
Handshake duration: 1.55 ms
Execution 180 - TLS Single
s_connection: verify depth is 1
Handshake duration: 1.62 ms
Execution 181 - TLS Single
s_connection: verify depth is 1
Handshake duration: 1.63 ms
Execution 182 - TLS Single
s_connection: verify depth is 1
Handshake duration: 1.74 ms
Execution 183 - TLS Single
s_connection: verify depth is 1
Handshake duration: 1.94 ms
Execution 184 - TLS Single
s_connection: verify depth is 1
Handshake duration: 1.94 ms
Execution 185 - TLS Single
s_connection: verify depth is 1
Handshake duration: 1.90 ms
Execution 186 - TLS Single
s_connection: verify depth is 1
Handshake duration: 2.10 ms
Execution 187 - TLS Single
s_connection: verify depth is 1
Handshake duration: 1.85 ms
Execution 188 - TLS Single
s_connection: verify depth is 1
Handshake duration: 2.07 ms
Execution 189 - TLS Single
s_connection: verify depth is 1
Handshake duration: 1.61 ms
Execution 190 - TLS Single
s_connection: verify depth is 1
Handshake duration: 1.61 ms
Execution 191 - TLS Single
s_connection: verify depth is 1
Handshake duration: 1.81 ms
Execution 192 - TLS Single
s_connection: verify depth is 1
Handshake duration: 1.72 ms
Execution 193 - TLS Single
s_connection: verify depth is 1
Handshake duration: 1.83 ms
Execution 194 - TLS Single
s_connection: verify depth is 1
Handshake duration: 1.75 ms
Execution 195 - TLS Single
s_connection: verify depth is 1
Handshake duration: 1.71 ms
Execution 196 - TLS Single
s_connection: verify depth is 1
Handshake duration: 1.73 ms
Execution 197 - TLS Single
s_connection: verify depth is 1
Handshake duration: 1.89 ms
Execution 198 - TLS Single
s_connection: verify depth is 1
Handshake duration: 1.64 ms
Execution 199 - TLS Single
s_connection: verify depth is 1
Handshake duration: 1.66 ms
Execution 200 - TLS Single
s_connection: verify depth is 1
Handshake duration: 1.72 ms
Execution 201 - TLS Single
s_connection: verify depth is 1
Handshake duration: 1.76 ms
Execution 202 - TLS Single
s_connection: verify depth is 1
Handshake duration: 1.78 ms
Execution 203 - TLS Single
s_connection: verify depth is 1
Handshake duration: 1.90 ms
Execution 204 - TLS Single
s_connection: verify depth is 1
Handshake duration: 1.84 ms
Execution 205 - TLS Single
s_connection: verify depth is 1
Handshake duration: 2.35 ms
Execution 206 - TLS Single
s_connection: verify depth is 1
Handshake duration: 2.02 ms
Execution 207 - TLS Single
s_connection: verify depth is 1
Handshake duration: 1.88 ms
Execution 208 - TLS Single
s_connection: verify depth is 1
Handshake duration: 1.71 ms
Execution 209 - TLS Single
s_connection: verify depth is 1
Handshake duration: 1.71 ms
Execution 210 - TLS Single
s_connection: verify depth is 1
Handshake duration: 2.03 ms
Execution 211 - TLS Single
s_connection: verify depth is 1
Handshake duration: 1.62 ms
Execution 212 - TLS Single
s_connection: verify depth is 1
Handshake duration: 1.69 ms
Execution 213 - TLS Single
s_connection: verify depth is 1
Handshake duration: 1.60 ms
Execution 214 - TLS Single
s_connection: verify depth is 1
Handshake duration: 1.72 ms
Execution 215 - TLS Single
s_connection: verify depth is 1
Handshake duration: 1.66 ms
Execution 216 - TLS Single
s_connection: verify depth is 1
Handshake duration: 1.72 ms
Execution 217 - TLS Single
s_connection: verify depth is 1
Handshake duration: 1.73 ms
Execution 218 - TLS Single
s_connection: verify depth is 1
Handshake duration: 1.81 ms
Execution 219 - TLS Single
s_connection: verify depth is 1
Handshake duration: 1.92 ms
Execution 220 - TLS Single
s_connection: verify depth is 1
Handshake duration: 2.12 ms
Execution 221 - TLS Single
s_connection: verify depth is 1
Handshake duration: 1.65 ms
Execution 222 - TLS Single
s_connection: verify depth is 1
Handshake duration: 1.62 ms
Execution 223 - TLS Single
s_connection: verify depth is 1
Handshake duration: 1.74 ms
Execution 224 - TLS Single
s_connection: verify depth is 1
Handshake duration: 2.20 ms
Execution 225 - TLS Single
s_connection: verify depth is 1
Handshake duration: 1.61 ms
Execution 226 - TLS Single
s_connection: verify depth is 1
Handshake duration: 1.61 ms
Execution 227 - TLS Single
s_connection: verify depth is 1
Handshake duration: 1.62 ms
Execution 228 - TLS Single
s_connection: verify depth is 1
Handshake duration: 1.64 ms
Execution 229 - TLS Single
s_connection: verify depth is 1
Handshake duration: 1.72 ms
Execution 230 - TLS Single
s_connection: verify depth is 1
Handshake duration: 1.72 ms
Execution 231 - TLS Single
s_connection: verify depth is 1
Handshake duration: 1.77 ms
Execution 232 - TLS Single
s_connection: verify depth is 1
Handshake duration: 1.90 ms
Execution 233 - TLS Single
s_connection: verify depth is 1
Handshake duration: 1.92 ms
Execution 234 - TLS Single
s_connection: verify depth is 1
Handshake duration: 1.64 ms
Execution 235 - TLS Single
s_connection: verify depth is 1
Handshake duration: 1.76 ms
Execution 236 - TLS Single
s_connection: verify depth is 1
Handshake duration: 1.88 ms
Execution 237 - TLS Single
s_connection: verify depth is 1
Handshake duration: 1.66 ms
Execution 238 - TLS Single
s_connection: verify depth is 1
Handshake duration: 1.60 ms
Execution 239 - TLS Single
s_connection: verify depth is 1
Handshake duration: 1.60 ms
Execution 240 - TLS Single
s_connection: verify depth is 1
Handshake duration: 1.59 ms
Execution 241 - TLS Single
s_connection: verify depth is 1
Handshake duration: 1.70 ms
Execution 242 - TLS Single
s_connection: verify depth is 1
Handshake duration: 1.75 ms
Execution 243 - TLS Single
s_connection: verify depth is 1
Handshake duration: 2.86 ms
Execution 244 - TLS Single
s_connection: verify depth is 1
Handshake duration: 2.22 ms
Execution 245 - TLS Single
s_connection: verify depth is 1
Handshake duration: 2.04 ms
Execution 246 - TLS Single
s_connection: verify depth is 1
Handshake duration: 2.44 ms
Execution 247 - TLS Single
s_connection: verify depth is 1
Handshake duration: 1.99 ms
Execution 248 - TLS Single
s_connection: verify depth is 1
Handshake duration: 2.64 ms
Execution 249 - TLS Single
s_connection: verify depth is 1
Handshake duration: 2.39 ms
Execution 250 - TLS Single
s_connection: verify depth is 1
Handshake duration: 2.06 ms
Execution 251 - TLS Single
s_connection: verify depth is 1
Handshake duration: 1.97 ms
Execution 252 - TLS Single
s_connection: verify depth is 1
Handshake duration: 1.94 ms
Execution 253 - TLS Single
s_connection: verify depth is 1
Handshake duration: 1.94 ms
Execution 254 - TLS Single
s_connection: verify depth is 1
Handshake duration: 2.27 ms
Execution 255 - TLS Single
s_connection: verify depth is 1
Handshake duration: 2.22 ms
Execution 256 - TLS Single
s_connection: verify depth is 1
Handshake duration: 2.18 ms
Execution 257 - TLS Single
s_connection: verify depth is 1
Handshake duration: 2.03 ms
Execution 258 - TLS Single
s_connection: verify depth is 1
Handshake duration: 2.21 ms
Execution 259 - TLS Single
s_connection: verify depth is 1
Handshake duration: 2.13 ms
Execution 260 - TLS Single
s_connection: verify depth is 1
Handshake duration: 2.38 ms
Execution 261 - TLS Single
s_connection: verify depth is 1
Handshake duration: 2.34 ms
Execution 262 - TLS Single
s_connection: verify depth is 1
Handshake duration: 2.34 ms
Execution 263 - TLS Single
s_connection: verify depth is 1
Handshake duration: 2.30 ms
Execution 264 - TLS Single
s_connection: verify depth is 1
Handshake duration: 2.15 ms
Execution 265 - TLS Single
s_connection: verify depth is 1
Handshake duration: 2.72 ms
Execution 266 - TLS Single
s_connection: verify depth is 1
Handshake duration: 2.22 ms
Execution 267 - TLS Single
s_connection: verify depth is 1
Handshake duration: 3.17 ms
Execution 268 - TLS Single
s_connection: verify depth is 1
Handshake duration: 1.85 ms
Execution 269 - TLS Single
s_connection: verify depth is 1
Handshake duration: 1.82 ms
Execution 270 - TLS Single
s_connection: verify depth is 1
Handshake duration: 1.75 ms
Execution 271 - TLS Single
s_connection: verify depth is 1
Handshake duration: 1.68 ms
Execution 272 - TLS Single
s_connection: verify depth is 1
Handshake duration: 1.69 ms
Execution 273 - TLS Single
s_connection: verify depth is 1
Handshake duration: 1.90 ms
Execution 274 - TLS Single
s_connection: verify depth is 1
Handshake duration: 1.66 ms
Execution 275 - TLS Single
s_connection: verify depth is 1
Handshake duration: 1.70 ms
Execution 276 - TLS Single
s_connection: verify depth is 1
Handshake duration: 1.76 ms
Execution 277 - TLS Single
s_connection: verify depth is 1
Handshake duration: 1.83 ms
Execution 278 - TLS Single
s_connection: verify depth is 1
Handshake duration: 1.74 ms
Execution 279 - TLS Single
s_connection: verify depth is 1
Handshake duration: 1.87 ms
Execution 280 - TLS Single
s_connection: verify depth is 1
Handshake duration: 1.83 ms
Execution 281 - TLS Single
s_connection: verify depth is 1
Handshake duration: 1.71 ms
Execution 282 - TLS Single
s_connection: verify depth is 1
Handshake duration: 1.69 ms
Execution 283 - TLS Single
s_connection: verify depth is 1
Handshake duration: 1.73 ms
Execution 284 - TLS Single
s_connection: verify depth is 1
Handshake duration: 1.96 ms
Execution 285 - TLS Single
s_connection: verify depth is 1
Handshake duration: 1.77 ms
Execution 286 - TLS Single
s_connection: verify depth is 1
Handshake duration: 1.61 ms
Execution 287 - TLS Single
s_connection: verify depth is 1
Handshake duration: 1.62 ms
Execution 288 - TLS Single
s_connection: verify depth is 1
Handshake duration: 2.07 ms
Execution 289 - TLS Single
s_connection: verify depth is 1
Handshake duration: 1.67 ms
Execution 290 - TLS Single
s_connection: verify depth is 1
Handshake duration: 1.72 ms
Execution 291 - TLS Single
s_connection: verify depth is 1
Handshake duration: 1.65 ms
Execution 292 - TLS Single
s_connection: verify depth is 1
Handshake duration: 1.69 ms
Execution 293 - TLS Single
s_connection: verify depth is 1
Handshake duration: 1.88 ms
Execution 294 - TLS Single
s_connection: verify depth is 1
Handshake duration: 2.03 ms
Execution 295 - TLS Single
s_connection: verify depth is 1
Handshake duration: 1.97 ms
Execution 296 - TLS Single
s_connection: verify depth is 1
Handshake duration: 1.96 ms
Execution 297 - TLS Single
s_connection: verify depth is 1
Handshake duration: 2.10 ms
Execution 298 - TLS Single
s_connection: verify depth is 1
Handshake duration: 1.57 ms
Execution 299 - TLS Single
s_connection: verify depth is 1
Handshake duration: 1.81 ms
Execution 300 - TLS Single
s_connection: verify depth is 1
Handshake duration: 2.00 ms
Execution 301 - TLS Single
s_connection: verify depth is 1
Handshake duration: 1.76 ms
Execution 302 - TLS Single
s_connection: verify depth is 1
Handshake duration: 1.79 ms
Execution 303 - TLS Single
s_connection: verify depth is 1
Handshake duration: 2.14 ms
Execution 304 - TLS Single
s_connection: verify depth is 1
Handshake duration: 2.15 ms
Execution 305 - TLS Single
s_connection: verify depth is 1
Handshake duration: 2.19 ms
Execution 306 - TLS Single
s_connection: verify depth is 1
Handshake duration: 2.03 ms
Execution 307 - TLS Single
s_connection: verify depth is 1
Handshake duration: 2.25 ms
Execution 308 - TLS Single
s_connection: verify depth is 1
Handshake duration: 2.24 ms
Execution 309 - TLS Single
s_connection: verify depth is 1
Handshake duration: 2.10 ms
Execution 310 - TLS Single
s_connection: verify depth is 1
Handshake duration: 1.92 ms
Execution 311 - TLS Single
s_connection: verify depth is 1
Handshake duration: 1.93 ms
Execution 312 - TLS Single
s_connection: verify depth is 1
Handshake duration: 2.52 ms
Execution 313 - TLS Single
s_connection: verify depth is 1
Handshake duration: 2.03 ms
Execution 314 - TLS Single
s_connection: verify depth is 1
Handshake duration: 1.96 ms
Execution 315 - TLS Single
s_connection: verify depth is 1
Handshake duration: 2.18 ms
Execution 316 - TLS Single
s_connection: verify depth is 1
Handshake duration: 1.94 ms
Execution 317 - TLS Single
s_connection: verify depth is 1
Handshake duration: 2.24 ms
Execution 318 - TLS Single
s_connection: verify depth is 1
Handshake duration: 1.88 ms
Execution 319 - TLS Single
s_connection: verify depth is 1
Handshake duration: 2.41 ms
Execution 320 - TLS Single
s_connection: verify depth is 1
Handshake duration: 2.00 ms
Execution 321 - TLS Single
s_connection: verify depth is 1
Handshake duration: 1.59 ms
Execution 322 - TLS Single
s_connection: verify depth is 1
Handshake duration: 1.61 ms
Execution 323 - TLS Single
s_connection: verify depth is 1
Handshake duration: 1.82 ms
Execution 324 - TLS Single
s_connection: verify depth is 1
Handshake duration: 1.62 ms
Execution 325 - TLS Single
s_connection: verify depth is 1
Handshake duration: 1.65 ms
Execution 326 - TLS Single
s_connection: verify depth is 1
Handshake duration: 1.74 ms
Execution 327 - TLS Single
s_connection: verify depth is 1
Handshake duration: 1.75 ms
Execution 328 - TLS Single
s_connection: verify depth is 1
Handshake duration: 1.92 ms
Execution 329 - TLS Single
s_connection: verify depth is 1
Handshake duration: 1.84 ms
Execution 330 - TLS Single
s_connection: verify depth is 1
Handshake duration: 1.73 ms
Execution 331 - TLS Single
s_connection: verify depth is 1
Handshake duration: 2.04 ms
Execution 332 - TLS Single
s_connection: verify depth is 1
Handshake duration: 1.82 ms
Execution 333 - TLS Single
s_connection: verify depth is 1
Handshake duration: 1.71 ms
Execution 334 - TLS Single
s_connection: verify depth is 1
Handshake duration: 1.69 ms
Execution 335 - TLS Single
s_connection: verify depth is 1
Handshake duration: 1.76 ms
Execution 336 - TLS Single
s_connection: verify depth is 1
Handshake duration: 1.68 ms
Execution 337 - TLS Single
s_connection: verify depth is 1
Handshake duration: 1.70 ms
Execution 338 - TLS Single
s_connection: verify depth is 1
Handshake duration: 1.72 ms
Execution 339 - TLS Single
s_connection: verify depth is 1
Handshake duration: 1.83 ms
Execution 340 - TLS Single
s_connection: verify depth is 1
Handshake duration: 1.66 ms
Execution 341 - TLS Single
s_connection: verify depth is 1
Handshake duration: 1.68 ms
Execution 342 - TLS Single
s_connection: verify depth is 1
Handshake duration: 1.67 ms
Execution 343 - TLS Single
s_connection: verify depth is 1
Handshake duration: 1.95 ms
Execution 344 - TLS Single
s_connection: verify depth is 1
Handshake duration: 1.65 ms
Execution 345 - TLS Single
s_connection: verify depth is 1
Handshake duration: 1.78 ms
Execution 346 - TLS Single
s_connection: verify depth is 1
Handshake duration: 1.81 ms
Execution 347 - TLS Single
s_connection: verify depth is 1
Handshake duration: 1.65 ms
Execution 348 - TLS Single
s_connection: verify depth is 1
Handshake duration: 1.70 ms
Execution 349 - TLS Single
s_connection: verify depth is 1
Handshake duration: 1.66 ms
Execution 350 - TLS Single
s_connection: verify depth is 1
Handshake duration: 1.75 ms
Execution 351 - TLS Single
s_connection: verify depth is 1
Handshake duration: 1.57 ms
Execution 352 - TLS Single
s_connection: verify depth is 1
Handshake duration: 1.67 ms
Execution 353 - TLS Single
s_connection: verify depth is 1
Handshake duration: 1.79 ms
Execution 354 - TLS Single
s_connection: verify depth is 1
Handshake duration: 2.07 ms
Execution 355 - TLS Single
s_connection: verify depth is 1
Handshake duration: 1.68 ms
Execution 356 - TLS Single
s_connection: verify depth is 1
Handshake duration: 2.10 ms
Execution 357 - TLS Single
s_connection: verify depth is 1
Handshake duration: 1.85 ms
Execution 358 - TLS Single
s_connection: verify depth is 1
Handshake duration: 1.67 ms
Execution 359 - TLS Single
s_connection: verify depth is 1
Handshake duration: 1.65 ms
Execution 360 - TLS Single
s_connection: verify depth is 1
Handshake duration: 1.75 ms
Execution 361 - TLS Single
s_connection: verify depth is 1
Handshake duration: 2.05 ms
Execution 362 - TLS Single
s_connection: verify depth is 1
Handshake duration: 1.59 ms
Execution 363 - TLS Single
s_connection: verify depth is 1
Handshake duration: 1.72 ms
Execution 364 - TLS Single
s_connection: verify depth is 1
Handshake duration: 1.67 ms
Execution 365 - TLS Single
s_connection: verify depth is 1
Handshake duration: 2.20 ms
Execution 366 - TLS Single
s_connection: verify depth is 1
Handshake duration: 1.79 ms
Execution 367 - TLS Single
s_connection: verify depth is 1
Handshake duration: 1.58 ms
Execution 368 - TLS Single
s_connection: verify depth is 1
Handshake duration: 1.85 ms
Execution 369 - TLS Single
s_connection: verify depth is 1
Handshake duration: 2.01 ms
Execution 370 - TLS Single
s_connection: verify depth is 1
Handshake duration: 1.67 ms
Execution 371 - TLS Single
s_connection: verify depth is 1
Handshake duration: 1.63 ms
Execution 372 - TLS Single
s_connection: verify depth is 1
Handshake duration: 1.66 ms
Execution 373 - TLS Single
s_connection: verify depth is 1
Handshake duration: 1.87 ms
Execution 374 - TLS Single
s_connection: verify depth is 1
Handshake duration: 1.63 ms
Execution 375 - TLS Single
s_connection: verify depth is 1
Handshake duration: 1.63 ms
Execution 376 - TLS Single
s_connection: verify depth is 1
Handshake duration: 1.62 ms
Execution 377 - TLS Single
s_connection: verify depth is 1
Handshake duration: 1.65 ms
Execution 378 - TLS Single
s_connection: verify depth is 1
Handshake duration: 1.76 ms
Execution 379 - TLS Single
s_connection: verify depth is 1
Handshake duration: 1.85 ms
Execution 380 - TLS Single
s_connection: verify depth is 1
Handshake duration: 1.71 ms
Execution 381 - TLS Single
s_connection: verify depth is 1
Handshake duration: 2.08 ms
Execution 382 - TLS Single
s_connection: verify depth is 1
Handshake duration: 1.69 ms
Execution 383 - TLS Single
s_connection: verify depth is 1
Handshake duration: 1.73 ms
Execution 384 - TLS Single
s_connection: verify depth is 1
Handshake duration: 1.76 ms
Execution 385 - TLS Single
s_connection: verify depth is 1
Handshake duration: 1.61 ms
Execution 386 - TLS Single
s_connection: verify depth is 1
Handshake duration: 1.90 ms
Execution 387 - TLS Single
s_connection: verify depth is 1
Handshake duration: 1.65 ms
Execution 388 - TLS Single
s_connection: verify depth is 1
Handshake duration: 1.70 ms
Execution 389 - TLS Single
s_connection: verify depth is 1
Handshake duration: 1.86 ms
Execution 390 - TLS Single
s_connection: verify depth is 1
Handshake duration: 1.86 ms
Execution 391 - TLS Single
s_connection: verify depth is 1
Handshake duration: 1.89 ms
Execution 392 - TLS Single
s_connection: verify depth is 1
Handshake duration: 1.64 ms
Execution 393 - TLS Single
s_connection: verify depth is 1
Handshake duration: 1.66 ms
Execution 394 - TLS Single
s_connection: verify depth is 1
Handshake duration: 1.83 ms
Execution 395 - TLS Single
s_connection: verify depth is 1
Handshake duration: 1.62 ms
Execution 396 - TLS Single
s_connection: verify depth is 1
Handshake duration: 1.67 ms
Execution 397 - TLS Single
s_connection: verify depth is 1
Handshake duration: 1.67 ms
Execution 398 - TLS Single
s_connection: verify depth is 1
Handshake duration: 1.78 ms
Execution 399 - TLS Single
s_connection: verify depth is 1
Handshake duration: 1.83 ms
Execution 400 - TLS Single
s_connection: verify depth is 1
Handshake duration: 1.75 ms
Execution 401 - TLS Single
s_connection: verify depth is 1
Handshake duration: 1.97 ms
Execution 402 - TLS Single
s_connection: verify depth is 1
Handshake duration: 1.63 ms
Execution 403 - TLS Single
s_connection: verify depth is 1
Handshake duration: 1.62 ms
Execution 404 - TLS Single
s_connection: verify depth is 1
Handshake duration: 2.04 ms
Execution 405 - TLS Single
s_connection: verify depth is 1
Handshake duration: 1.62 ms
Execution 406 - TLS Single
s_connection: verify depth is 1
Handshake duration: 1.68 ms
Execution 407 - TLS Single
s_connection: verify depth is 1
Handshake duration: 1.92 ms
Execution 408 - TLS Single
s_connection: verify depth is 1
Handshake duration: 1.64 ms
Execution 409 - TLS Single
s_connection: verify depth is 1
Handshake duration: 1.58 ms
Execution 410 - TLS Single
s_connection: verify depth is 1
Handshake duration: 1.62 ms
Execution 411 - TLS Single
s_connection: verify depth is 1
Handshake duration: 1.74 ms
Execution 412 - TLS Single
s_connection: verify depth is 1
Handshake duration: 1.61 ms
Execution 413 - TLS Single
s_connection: verify depth is 1
Handshake duration: 1.63 ms
Execution 414 - TLS Single
s_connection: verify depth is 1
Handshake duration: 1.76 ms
Execution 415 - TLS Single
s_connection: verify depth is 1
Handshake duration: 1.79 ms
Execution 416 - TLS Single
s_connection: verify depth is 1
Handshake duration: 2.23 ms
Execution 417 - TLS Single
s_connection: verify depth is 1
Handshake duration: 1.91 ms
Execution 418 - TLS Single
s_connection: verify depth is 1
Handshake duration: 1.67 ms
Execution 419 - TLS Single
s_connection: verify depth is 1
Handshake duration: 1.65 ms
Execution 420 - TLS Single
s_connection: verify depth is 1
Handshake duration: 1.64 ms
Execution 421 - TLS Single
s_connection: verify depth is 1
Handshake duration: 1.98 ms
Execution 422 - TLS Single
s_connection: verify depth is 1
Handshake duration: 1.57 ms
Execution 423 - TLS Single
s_connection: verify depth is 1
Handshake duration: 1.62 ms
Execution 424 - TLS Single
s_connection: verify depth is 1
Handshake duration: 1.65 ms
Execution 425 - TLS Single
s_connection: verify depth is 1
Handshake duration: 2.03 ms
Execution 426 - TLS Single
s_connection: verify depth is 1
Handshake duration: 3.58 ms
Execution 427 - TLS Single
s_connection: verify depth is 1
Handshake duration: 2.64 ms
Execution 428 - TLS Single
s_connection: verify depth is 1
Handshake duration: 2.97 ms
Execution 429 - TLS Single
s_connection: verify depth is 1
Handshake duration: 2.81 ms
Execution 430 - TLS Single
s_connection: verify depth is 1
Handshake duration: 2.26 ms
Execution 431 - TLS Single
s_connection: verify depth is 1
Handshake duration: 2.93 ms
Execution 432 - TLS Single
s_connection: verify depth is 1
Handshake duration: 2.04 ms
Execution 433 - TLS Single
s_connection: verify depth is 1
Handshake duration: 1.71 ms
Execution 434 - TLS Single
s_connection: verify depth is 1
Handshake duration: 2.03 ms
Execution 435 - TLS Single
s_connection: verify depth is 1
Handshake duration: 1.77 ms
Execution 436 - TLS Single
s_connection: verify depth is 1
Handshake duration: 1.78 ms
Execution 437 - TLS Single
s_connection: verify depth is 1
Handshake duration: 1.69 ms
Execution 438 - TLS Single
s_connection: verify depth is 1
Handshake duration: 1.67 ms
Execution 439 - TLS Single
s_connection: verify depth is 1
Handshake duration: 1.68 ms
Execution 440 - TLS Single
s_connection: verify depth is 1
Handshake duration: 2.00 ms
Execution 441 - TLS Single
s_connection: verify depth is 1
Handshake duration: 1.68 ms
Execution 442 - TLS Single
s_connection: verify depth is 1
Handshake duration: 1.74 ms
Execution 443 - TLS Single
s_connection: verify depth is 1
Handshake duration: 1.86 ms
Execution 444 - TLS Single
s_connection: verify depth is 1
Handshake duration: 2.15 ms
Execution 445 - TLS Single
s_connection: verify depth is 1
Handshake duration: 1.68 ms
Execution 446 - TLS Single
s_connection: verify depth is 1
Handshake duration: 1.71 ms
Execution 447 - TLS Single
s_connection: verify depth is 1
Handshake duration: 1.92 ms
Execution 448 - TLS Single
s_connection: verify depth is 1
Handshake duration: 1.66 ms
Execution 449 - TLS Single
s_connection: verify depth is 1
Handshake duration: 1.63 ms
Execution 450 - TLS Single
s_connection: verify depth is 1
Handshake duration: 1.62 ms
Execution 451 - TLS Single
s_connection: verify depth is 1
Handshake duration: 1.97 ms
Execution 452 - TLS Single
s_connection: verify depth is 1
Handshake duration: 1.66 ms
Execution 453 - TLS Single
s_connection: verify depth is 1
Handshake duration: 1.66 ms
Execution 454 - TLS Single
s_connection: verify depth is 1
Handshake duration: 1.99 ms
Execution 455 - TLS Single
s_connection: verify depth is 1
Handshake duration: 1.61 ms
Execution 456 - TLS Single
s_connection: verify depth is 1
Handshake duration: 1.65 ms
Execution 457 - TLS Single
s_connection: verify depth is 1
Handshake duration: 1.62 ms
Execution 458 - TLS Single
s_connection: verify depth is 1
Handshake duration: 1.61 ms
Execution 459 - TLS Single
s_connection: verify depth is 1
Handshake duration: 1.60 ms
Execution 460 - TLS Single
s_connection: verify depth is 1
Handshake duration: 1.67 ms
Execution 461 - TLS Single
s_connection: verify depth is 1
Handshake duration: 1.83 ms
Execution 462 - TLS Single
s_connection: verify depth is 1
Handshake duration: 1.75 ms
Execution 463 - TLS Single
s_connection: verify depth is 1
Handshake duration: 1.90 ms
Execution 464 - TLS Single
s_connection: verify depth is 1
Handshake duration: 1.80 ms
Execution 465 - TLS Single
s_connection: verify depth is 1
Handshake duration: 1.54 ms
Execution 466 - TLS Single
s_connection: verify depth is 1
Handshake duration: 1.75 ms
Execution 467 - TLS Single
s_connection: verify depth is 1
Handshake duration: 1.65 ms
Execution 468 - TLS Single
s_connection: verify depth is 1
Handshake duration: 1.65 ms
Execution 469 - TLS Single
s_connection: verify depth is 1
Handshake duration: 1.61 ms
Execution 470 - TLS Single
s_connection: verify depth is 1
Handshake duration: 1.60 ms
Execution 471 - TLS Single
s_connection: verify depth is 1
Handshake duration: 1.65 ms
Execution 472 - TLS Single
s_connection: verify depth is 1
Handshake duration: 1.93 ms
Execution 473 - TLS Single
s_connection: verify depth is 1
Handshake duration: 1.85 ms
Execution 474 - TLS Single
s_connection: verify depth is 1
Handshake duration: 1.62 ms
Execution 475 - TLS Single
s_connection: verify depth is 1
Handshake duration: 1.87 ms
Execution 476 - TLS Single
s_connection: verify depth is 1
Handshake duration: 1.56 ms
Execution 477 - TLS Single
s_connection: verify depth is 1
Handshake duration: 1.58 ms
Execution 478 - TLS Single
s_connection: verify depth is 1
Handshake duration: 1.63 ms
Execution 479 - TLS Single
s_connection: verify depth is 1
Handshake duration: 1.75 ms
Execution 480 - TLS Single
s_connection: verify depth is 1
Handshake duration: 1.63 ms
Execution 481 - TLS Single
s_connection: verify depth is 1
Handshake duration: 1.60 ms
Execution 482 - TLS Single
s_connection: verify depth is 1
Handshake duration: 2.04 ms
Execution 483 - TLS Single
s_connection: verify depth is 1
Handshake duration: 2.04 ms
Execution 484 - TLS Single
s_connection: verify depth is 1
Handshake duration: 1.76 ms
Execution 485 - TLS Single
s_connection: verify depth is 1
Handshake duration: 1.61 ms
Execution 486 - TLS Single
s_connection: verify depth is 1
Handshake duration: 1.86 ms
Execution 487 - TLS Single
s_connection: verify depth is 1
Handshake duration: 1.65 ms
Execution 488 - TLS Single
s_connection: verify depth is 1
Handshake duration: 1.61 ms
Execution 489 - TLS Single
s_connection: verify depth is 1
Handshake duration: 1.63 ms
Execution 490 - TLS Single
s_connection: verify depth is 1
Handshake duration: 1.64 ms
Execution 491 - TLS Single
s_connection: verify depth is 1
Handshake duration: 1.71 ms
Execution 492 - TLS Single
s_connection: verify depth is 1
Handshake duration: 1.82 ms
Execution 493 - TLS Single
s_connection: verify depth is 1
Handshake duration: 1.62 ms
Execution 494 - TLS Single
s_connection: verify depth is 1
Handshake duration: 1.67 ms
Execution 495 - TLS Single
s_connection: verify depth is 1
Handshake duration: 1.74 ms
Execution 496 - TLS Single
s_connection: verify depth is 1
Handshake duration: 1.66 ms
Execution 497 - TLS Single
s_connection: verify depth is 1
Handshake duration: 1.62 ms
Execution 498 - TLS Single
s_connection: verify depth is 1
Handshake duration: 1.57 ms
Execution 499 - TLS Single
s_connection: verify depth is 1
Handshake duration: 1.74 ms
Execution 500 - TLS Single
s_connection: verify depth is 1
Handshake duration: 2.43 ms
     Log de handshake enregistré dans /home/tolokoum/Documents/mldsa-mlkem-hqc-tls-quic-constrained-performance/captures/tls/single/none/handshake_logs/handshake_tls_single_ed25519_x25519_none.log
     CPU/mémoire enregistrés dans /home/tolokoum/Documents/mldsa-mlkem-hqc-tls-quic-constrained-performance/captures/tls/single/none/resource_usage/resource_usage_tls_single_none.csv
     Waiting  ... 
   Shutting down server and impairments...

****************
  -> KEM: p256_mlkem512

    Executing docker Server...
servidor
cliente
fb808e546fbff8f7cc5a7d0501be96221d1b238a367780893dd121a9f2d265f2
    Buscando IP.. 
    IP..  172.18.0.2
    Executing docker Client... 172.18.0.2
1bb152c94ac4a10f57b1722858c8a0be992cd123251167394f02b3891980d561
cliente
     Docker cliente executed ... 

**************************
     Executing test  ... 
Applying netem rules to lo...
Showing qdisc status for the interface: lo
qdisc netem 847c: root refcnt 2 limit 1000 seed 4751344328056596660
 Sent 0 bytes 0 pkt (dropped 0, overlimits 0 requeues 0) 
 backlog 0b 0p requeues 0
Running ./perftestClientTlsQuic.sh with SIG_ALG=ed25519 and KEM_ALG=p256_mlkem512
Execution 1 - TLS Single
s_connection: verify depth is 1
Handshake duration: 9.91 ms
Execution 2 - TLS Single
s_connection: verify depth is 1
Handshake duration: 7.76 ms
Execution 3 - TLS Single
s_connection: verify depth is 1
Handshake duration: 8.04 ms
Execution 4 - TLS Single
s_connection: verify depth is 1
Handshake duration: 7.17 ms
Execution 5 - TLS Single
s_connection: verify depth is 1
Handshake duration: 8.60 ms
Execution 6 - TLS Single
s_connection: verify depth is 1
Handshake duration: 7.98 ms
Execution 7 - TLS Single
s_connection: verify depth is 1
Handshake duration: 8.42 ms
Execution 8 - TLS Single
s_connection: verify depth is 1
Handshake duration: 8.03 ms
Execution 9 - TLS Single
s_connection: verify depth is 1
Handshake duration: 8.85 ms
Execution 10 - TLS Single
s_connection: verify depth is 1
Handshake duration: 7.84 ms
Execution 11 - TLS Single
s_connection: verify depth is 1
Handshake duration: 7.78 ms
Execution 12 - TLS Single
s_connection: verify depth is 1
Handshake duration: 8.41 ms
Execution 13 - TLS Single
s_connection: verify depth is 1
Handshake duration: 7.93 ms
Execution 14 - TLS Single
s_connection: verify depth is 1
Handshake duration: 8.59 ms
Execution 15 - TLS Single
s_connection: verify depth is 1
Handshake duration: 8.62 ms
Execution 16 - TLS Single
s_connection: verify depth is 1
Handshake duration: 8.34 ms
Execution 17 - TLS Single
s_connection: verify depth is 1
Handshake duration: 8.72 ms
Execution 18 - TLS Single
s_connection: verify depth is 1
Handshake duration: 8.14 ms
Execution 19 - TLS Single
s_connection: verify depth is 1
Handshake duration: 8.73 ms
Execution 20 - TLS Single
s_connection: verify depth is 1
Handshake duration: 8.16 ms
Execution 21 - TLS Single
s_connection: verify depth is 1
Handshake duration: 8.62 ms
Execution 22 - TLS Single
s_connection: verify depth is 1
Handshake duration: 7.79 ms
Execution 23 - TLS Single
s_connection: verify depth is 1
Handshake duration: 8.25 ms
Execution 24 - TLS Single
s_connection: verify depth is 1
Handshake duration: 8.14 ms
Execution 25 - TLS Single
s_connection: verify depth is 1
Handshake duration: 7.19 ms
Execution 26 - TLS Single
s_connection: verify depth is 1
Handshake duration: 8.00 ms
Execution 27 - TLS Single
s_connection: verify depth is 1
Handshake duration: 7.47 ms
Execution 28 - TLS Single
s_connection: verify depth is 1
Handshake duration: 7.20 ms
Execution 29 - TLS Single
s_connection: verify depth is 1
Handshake duration: 8.15 ms
Execution 30 - TLS Single
s_connection: verify depth is 1
Handshake duration: 7.78 ms
Execution 31 - TLS Single
s_connection: verify depth is 1
Handshake duration: 7.72 ms
Execution 32 - TLS Single
s_connection: verify depth is 1
Handshake duration: 7.82 ms
Execution 33 - TLS Single
s_connection: verify depth is 1
Handshake duration: 7.45 ms
Execution 34 - TLS Single
s_connection: verify depth is 1
Handshake duration: 7.41 ms
Execution 35 - TLS Single
s_connection: verify depth is 1
Handshake duration: 8.02 ms
Execution 36 - TLS Single
s_connection: verify depth is 1
Handshake duration: 7.45 ms
Execution 37 - TLS Single
s_connection: verify depth is 1
Handshake duration: 8.32 ms
Execution 38 - TLS Single
s_connection: verify depth is 1
Handshake duration: 7.49 ms
Execution 39 - TLS Single
s_connection: verify depth is 1
Handshake duration: 7.36 ms
Execution 40 - TLS Single
s_connection: verify depth is 1
Handshake duration: 8.54 ms
Execution 41 - TLS Single
s_connection: verify depth is 1
Handshake duration: 7.73 ms
Execution 42 - TLS Single
s_connection: verify depth is 1
Handshake duration: 7.78 ms
Execution 43 - TLS Single
s_connection: verify depth is 1
Handshake duration: 8.11 ms
Execution 44 - TLS Single
s_connection: verify depth is 1
Handshake duration: 7.83 ms
Execution 45 - TLS Single
s_connection: verify depth is 1
Handshake duration: 9.00 ms
Execution 46 - TLS Single
s_connection: verify depth is 1
Handshake duration: 7.50 ms
Execution 47 - TLS Single
s_connection: verify depth is 1
Handshake duration: 8.72 ms
Execution 48 - TLS Single
s_connection: verify depth is 1
Handshake duration: 8.17 ms
Execution 49 - TLS Single
s_connection: verify depth is 1
Handshake duration: 7.91 ms
Execution 50 - TLS Single
s_connection: verify depth is 1
Handshake duration: 8.17 ms
Execution 51 - TLS Single
s_connection: verify depth is 1
Handshake duration: 7.92 ms
Execution 52 - TLS Single
s_connection: verify depth is 1
Handshake duration: 8.12 ms
Execution 53 - TLS Single
s_connection: verify depth is 1
Handshake duration: 7.91 ms
Execution 54 - TLS Single
s_connection: verify depth is 1
Handshake duration: 7.94 ms
Execution 55 - TLS Single
s_connection: verify depth is 1
Handshake duration: 7.67 ms
Execution 56 - TLS Single
s_connection: verify depth is 1
Handshake duration: 8.33 ms
Execution 57 - TLS Single
s_connection: verify depth is 1
Handshake duration: 8.69 ms
Execution 58 - TLS Single
s_connection: verify depth is 1
Handshake duration: 8.62 ms
Execution 59 - TLS Single
s_connection: verify depth is 1
Handshake duration: 7.77 ms
Execution 60 - TLS Single
s_connection: verify depth is 1
Handshake duration: 8.16 ms
Execution 61 - TLS Single
s_connection: verify depth is 1
Handshake duration: 7.93 ms
Execution 62 - TLS Single
s_connection: verify depth is 1
Handshake duration: 7.46 ms
Execution 63 - TLS Single
s_connection: verify depth is 1
Handshake duration: 7.83 ms
Execution 64 - TLS Single
s_connection: verify depth is 1
Handshake duration: 7.63 ms
Execution 65 - TLS Single
s_connection: verify depth is 1
Handshake duration: 8.11 ms
Execution 66 - TLS Single
s_connection: verify depth is 1
Handshake duration: 7.72 ms
Execution 67 - TLS Single
s_connection: verify depth is 1
Handshake duration: 7.97 ms
Execution 68 - TLS Single
s_connection: verify depth is 1
Handshake duration: 7.94 ms
Execution 69 - TLS Single
s_connection: verify depth is 1
Handshake duration: 7.69 ms
Execution 70 - TLS Single
s_connection: verify depth is 1
Handshake duration: 7.50 ms
Execution 71 - TLS Single
s_connection: verify depth is 1
Handshake duration: 7.58 ms
Execution 72 - TLS Single
s_connection: verify depth is 1
Handshake duration: 7.37 ms
Execution 73 - TLS Single
s_connection: verify depth is 1
Handshake duration: 8.12 ms
Execution 74 - TLS Single
s_connection: verify depth is 1
Handshake duration: 7.70 ms
Execution 75 - TLS Single
s_connection: verify depth is 1
Handshake duration: 7.69 ms
Execution 76 - TLS Single
s_connection: verify depth is 1
Handshake duration: 8.48 ms
Execution 77 - TLS Single
s_connection: verify depth is 1
Handshake duration: 7.51 ms
Execution 78 - TLS Single
s_connection: verify depth is 1
Handshake duration: 8.82 ms
Execution 79 - TLS Single
s_connection: verify depth is 1
Handshake duration: 7.78 ms
Execution 80 - TLS Single
s_connection: verify depth is 1
Handshake duration: 7.48 ms
Execution 81 - TLS Single
s_connection: verify depth is 1
Handshake duration: 8.17 ms
Execution 82 - TLS Single
s_connection: verify depth is 1
Handshake duration: 7.30 ms
Execution 83 - TLS Single
s_connection: verify depth is 1
Handshake duration: 8.79 ms
Execution 84 - TLS Single
s_connection: verify depth is 1
Handshake duration: 7.87 ms
Execution 85 - TLS Single
s_connection: verify depth is 1
Handshake duration: 7.42 ms
Execution 86 - TLS Single
s_connection: verify depth is 1
Handshake duration: 8.11 ms
Execution 87 - TLS Single
s_connection: verify depth is 1
Handshake duration: 8.09 ms
Execution 88 - TLS Single
s_connection: verify depth is 1
Handshake duration: 7.57 ms
Execution 89 - TLS Single
s_connection: verify depth is 1
Handshake duration: 8.27 ms
Execution 90 - TLS Single
s_connection: verify depth is 1
Handshake duration: 7.29 ms
Execution 91 - TLS Single
s_connection: verify depth is 1
Handshake duration: 8.34 ms
Execution 92 - TLS Single
s_connection: verify depth is 1
Handshake duration: 7.32 ms
Execution 93 - TLS Single
s_connection: verify depth is 1
Handshake duration: 7.88 ms
Execution 94 - TLS Single
s_connection: verify depth is 1
Handshake duration: 8.10 ms
Execution 95 - TLS Single
s_connection: verify depth is 1
Handshake duration: 7.92 ms
Execution 96 - TLS Single
s_connection: verify depth is 1
Handshake duration: 8.21 ms
Execution 97 - TLS Single
s_connection: verify depth is 1
Handshake duration: 8.16 ms
Execution 98 - TLS Single
s_connection: verify depth is 1
Handshake duration: 7.79 ms
Execution 99 - TLS Single
s_connection: verify depth is 1
Handshake duration: 8.36 ms
Execution 100 - TLS Single
s_connection: verify depth is 1
Handshake duration: 7.83 ms
Execution 101 - TLS Single
s_connection: verify depth is 1
Handshake duration: 8.74 ms
Execution 102 - TLS Single
s_connection: verify depth is 1
Handshake duration: 7.82 ms
Execution 103 - TLS Single
s_connection: verify depth is 1
Handshake duration: 8.07 ms
Execution 104 - TLS Single
s_connection: verify depth is 1
Handshake duration: 8.03 ms
Execution 105 - TLS Single
s_connection: verify depth is 1
Handshake duration: 7.47 ms
Execution 106 - TLS Single
s_connection: verify depth is 1
Handshake duration: 7.84 ms
Execution 107 - TLS Single
s_connection: verify depth is 1
Handshake duration: 7.92 ms
Execution 108 - TLS Single
s_connection: verify depth is 1
Handshake duration: 7.59 ms
Execution 109 - TLS Single
s_connection: verify depth is 1
Handshake duration: 7.74 ms
Execution 110 - TLS Single
s_connection: verify depth is 1
Handshake duration: 7.91 ms
Execution 111 - TLS Single
s_connection: verify depth is 1
Handshake duration: 7.80 ms
Execution 112 - TLS Single
s_connection: verify depth is 1
Handshake duration: 8.27 ms
Execution 113 - TLS Single
s_connection: verify depth is 1
Handshake duration: 8.57 ms
Execution 114 - TLS Single
s_connection: verify depth is 1
Handshake duration: 8.03 ms
Execution 115 - TLS Single
s_connection: verify depth is 1
Handshake duration: 8.29 ms
Execution 116 - TLS Single
s_connection: verify depth is 1
Handshake duration: 7.83 ms
Execution 117 - TLS Single
s_connection: verify depth is 1
Handshake duration: 8.00 ms
Execution 118 - TLS Single
s_connection: verify depth is 1
Handshake duration: 7.21 ms
Execution 119 - TLS Single
s_connection: verify depth is 1
Handshake duration: 7.92 ms
Execution 120 - TLS Single
s_connection: verify depth is 1
Handshake duration: 8.02 ms
Execution 121 - TLS Single
s_connection: verify depth is 1
Handshake duration: 7.74 ms
Execution 122 - TLS Single
s_connection: verify depth is 1
Handshake duration: 9.15 ms
Execution 123 - TLS Single
s_connection: verify depth is 1
Handshake duration: 7.82 ms
Execution 124 - TLS Single
s_connection: verify depth is 1
Handshake duration: 7.74 ms
Execution 125 - TLS Single
s_connection: verify depth is 1
Handshake duration: 7.59 ms
Execution 126 - TLS Single
s_connection: verify depth is 1
Handshake duration: 7.52 ms
Execution 127 - TLS Single
s_connection: verify depth is 1
Handshake duration: 7.81 ms
Execution 128 - TLS Single
s_connection: verify depth is 1
Handshake duration: 7.74 ms
Execution 129 - TLS Single
s_connection: verify depth is 1
Handshake duration: 8.59 ms
Execution 130 - TLS Single
s_connection: verify depth is 1
Handshake duration: 7.99 ms
Execution 131 - TLS Single
s_connection: verify depth is 1
Handshake duration: 7.52 ms
Execution 132 - TLS Single
s_connection: verify depth is 1
Handshake duration: 8.32 ms
Execution 133 - TLS Single
s_connection: verify depth is 1
Handshake duration: 7.38 ms
Execution 134 - TLS Single
s_connection: verify depth is 1
Handshake duration: 8.59 ms
Execution 135 - TLS Single
s_connection: verify depth is 1
Handshake duration: 7.71 ms
Execution 136 - TLS Single
s_connection: verify depth is 1
Handshake duration: 7.46 ms
Execution 137 - TLS Single
s_connection: verify depth is 1
Handshake duration: 7.65 ms
Execution 138 - TLS Single
s_connection: verify depth is 1
Handshake duration: 8.82 ms
Execution 139 - TLS Single
s_connection: verify depth is 1
Handshake duration: 7.35 ms
Execution 140 - TLS Single
s_connection: verify depth is 1
Handshake duration: 8.71 ms
Execution 141 - TLS Single
s_connection: verify depth is 1
Handshake duration: 7.54 ms
Execution 142 - TLS Single
s_connection: verify depth is 1
Handshake duration: 7.60 ms
Execution 143 - TLS Single
s_connection: verify depth is 1
Handshake duration: 7.64 ms
Execution 144 - TLS Single
s_connection: verify depth is 1
Handshake duration: 8.16 ms
Execution 145 - TLS Single
s_connection: verify depth is 1
Handshake duration: 7.25 ms
Execution 146 - TLS Single
s_connection: verify depth is 1
Handshake duration: 8.15 ms
Execution 147 - TLS Single
s_connection: verify depth is 1
Handshake duration: 7.37 ms
Execution 148 - TLS Single
s_connection: verify depth is 1
Handshake duration: 7.88 ms
Execution 149 - TLS Single
s_connection: verify depth is 1
Handshake duration: 7.62 ms
Execution 150 - TLS Single
s_connection: verify depth is 1
Handshake duration: 7.51 ms
Execution 151 - TLS Single
s_connection: verify depth is 1
Handshake duration: 7.84 ms
Execution 152 - TLS Single
s_connection: verify depth is 1
Handshake duration: 7.74 ms
Execution 153 - TLS Single
s_connection: verify depth is 1
Handshake duration: 7.59 ms
Execution 154 - TLS Single
s_connection: verify depth is 1
Handshake duration: 7.79 ms
Execution 155 - TLS Single
s_connection: verify depth is 1
Handshake duration: 8.08 ms
Execution 156 - TLS Single
s_connection: verify depth is 1
Handshake duration: 8.01 ms
Execution 157 - TLS Single
s_connection: verify depth is 1
Handshake duration: 7.86 ms
Execution 158 - TLS Single
s_connection: verify depth is 1
Handshake duration: 7.55 ms
Execution 159 - TLS Single
s_connection: verify depth is 1
Handshake duration: 7.86 ms
Execution 160 - TLS Single
s_connection: verify depth is 1
Handshake duration: 7.70 ms
Execution 161 - TLS Single
s_connection: verify depth is 1
Handshake duration: 8.15 ms
Execution 162 - TLS Single
s_connection: verify depth is 1
Handshake duration: 8.44 ms
Execution 163 - TLS Single
s_connection: verify depth is 1
Handshake duration: 7.45 ms
Execution 164 - TLS Single
s_connection: verify depth is 1
Handshake duration: 7.78 ms
Execution 165 - TLS Single
s_connection: verify depth is 1
Handshake duration: 7.29 ms
Execution 166 - TLS Single
s_connection: verify depth is 1
Handshake duration: 7.22 ms
Execution 167 - TLS Single
s_connection: verify depth is 1
Handshake duration: 7.91 ms
Execution 168 - TLS Single
s_connection: verify depth is 1
Handshake duration: 8.01 ms
Execution 169 - TLS Single
s_connection: verify depth is 1
Handshake duration: 8.31 ms
Execution 170 - TLS Single
s_connection: verify depth is 1
Handshake duration: 8.43 ms
Execution 171 - TLS Single
s_connection: verify depth is 1
Handshake duration: 7.84 ms
Execution 172 - TLS Single
s_connection: verify depth is 1
Handshake duration: 7.98 ms
Execution 173 - TLS Single
s_connection: verify depth is 1
Handshake duration: 7.50 ms
Execution 174 - TLS Single
s_connection: verify depth is 1
Handshake duration: 7.44 ms
Execution 175 - TLS Single
s_connection: verify depth is 1
Handshake duration: 7.79 ms
Execution 176 - TLS Single
s_connection: verify depth is 1
Handshake duration: 7.29 ms
Execution 177 - TLS Single
s_connection: verify depth is 1
Handshake duration: 8.51 ms
Execution 178 - TLS Single
s_connection: verify depth is 1
Handshake duration: 8.45 ms
Execution 179 - TLS Single
s_connection: verify depth is 1
Handshake duration: 7.79 ms
Execution 180 - TLS Single
s_connection: verify depth is 1
Handshake duration: 7.75 ms
Execution 181 - TLS Single
s_connection: verify depth is 1
Handshake duration: 7.75 ms
Execution 182 - TLS Single
s_connection: verify depth is 1
Handshake duration: 8.76 ms
Execution 183 - TLS Single
s_connection: verify depth is 1
Handshake duration: 7.35 ms
Execution 184 - TLS Single
s_connection: verify depth is 1
Handshake duration: 7.35 ms
Execution 185 - TLS Single
s_connection: verify depth is 1
Handshake duration: 7.84 ms
Execution 186 - TLS Single
s_connection: verify depth is 1
Handshake duration: 7.32 ms
Execution 187 - TLS Single
s_connection: verify depth is 1
Handshake duration: 7.42 ms
Execution 188 - TLS Single
s_connection: verify depth is 1
Handshake duration: 7.81 ms
Execution 189 - TLS Single
s_connection: verify depth is 1
Handshake duration: 8.62 ms
Execution 190 - TLS Single
s_connection: verify depth is 1
Handshake duration: 7.80 ms
Execution 191 - TLS Single
s_connection: verify depth is 1
Handshake duration: 8.49 ms
Execution 192 - TLS Single
s_connection: verify depth is 1
Handshake duration: 7.56 ms
Execution 193 - TLS Single
s_connection: verify depth is 1
Handshake duration: 7.73 ms
Execution 194 - TLS Single
s_connection: verify depth is 1
Handshake duration: 8.62 ms
Execution 195 - TLS Single
s_connection: verify depth is 1
Handshake duration: 7.16 ms
Execution 196 - TLS Single
s_connection: verify depth is 1
Handshake duration: 7.68 ms
Execution 197 - TLS Single
s_connection: verify depth is 1
Handshake duration: 7.30 ms
Execution 198 - TLS Single
s_connection: verify depth is 1
Handshake duration: 7.07 ms
Execution 199 - TLS Single
s_connection: verify depth is 1
Handshake duration: 8.37 ms
Execution 200 - TLS Single
s_connection: verify depth is 1
Handshake duration: 8.06 ms
Execution 201 - TLS Single
s_connection: verify depth is 1
Handshake duration: 8.17 ms
Execution 202 - TLS Single
s_connection: verify depth is 1
Handshake duration: 8.76 ms
Execution 203 - TLS Single
s_connection: verify depth is 1
Handshake duration: 7.68 ms
Execution 204 - TLS Single
s_connection: verify depth is 1
Handshake duration: 8.12 ms
Execution 205 - TLS Single
s_connection: verify depth is 1
Handshake duration: 7.65 ms
Execution 206 - TLS Single
s_connection: verify depth is 1
Handshake duration: 7.35 ms
Execution 207 - TLS Single
s_connection: verify depth is 1
Handshake duration: 7.59 ms
Execution 208 - TLS Single
s_connection: verify depth is 1
Handshake duration: 7.98 ms
Execution 209 - TLS Single
s_connection: verify depth is 1
Handshake duration: 7.56 ms
Execution 210 - TLS Single
s_connection: verify depth is 1
Handshake duration: 7.78 ms
Execution 211 - TLS Single
s_connection: verify depth is 1
Handshake duration: 8.00 ms
Execution 212 - TLS Single
s_connection: verify depth is 1
Handshake duration: 8.29 ms
Execution 213 - TLS Single
s_connection: verify depth is 1
Handshake duration: 8.13 ms
Execution 214 - TLS Single
s_connection: verify depth is 1
Handshake duration: 7.71 ms
Execution 215 - TLS Single
s_connection: verify depth is 1
Handshake duration: 7.88 ms
Execution 216 - TLS Single
s_connection: verify depth is 1
Handshake duration: 7.64 ms
Execution 217 - TLS Single
s_connection: verify depth is 1
Handshake duration: 7.45 ms
Execution 218 - TLS Single
s_connection: verify depth is 1
Handshake duration: 7.35 ms
Execution 219 - TLS Single
s_connection: verify depth is 1
Handshake duration: 7.61 ms
Execution 220 - TLS Single
s_connection: verify depth is 1
Handshake duration: 7.97 ms
Execution 221 - TLS Single
s_connection: verify depth is 1
Handshake duration: 8.01 ms
Execution 222 - TLS Single
s_connection: verify depth is 1
Handshake duration: 7.78 ms
Execution 223 - TLS Single
s_connection: verify depth is 1
Handshake duration: 7.80 ms
Execution 224 - TLS Single
s_connection: verify depth is 1
Handshake duration: 8.04 ms
Execution 225 - TLS Single
s_connection: verify depth is 1
Handshake duration: 7.73 ms
Execution 226 - TLS Single
s_connection: verify depth is 1
Handshake duration: 7.73 ms
Execution 227 - TLS Single
s_connection: verify depth is 1
Handshake duration: 7.31 ms
Execution 228 - TLS Single
s_connection: verify depth is 1
Handshake duration: 8.01 ms
Execution 229 - TLS Single
s_connection: verify depth is 1
Handshake duration: 7.65 ms
Execution 230 - TLS Single
s_connection: verify depth is 1
Handshake duration: 7.50 ms
Execution 231 - TLS Single
s_connection: verify depth is 1
Handshake duration: 7.88 ms
Execution 232 - TLS Single
s_connection: verify depth is 1
Handshake duration: 8.88 ms
Execution 233 - TLS Single
s_connection: verify depth is 1
Handshake duration: 7.64 ms
Execution 234 - TLS Single
s_connection: verify depth is 1
Handshake duration: 8.26 ms
Execution 235 - TLS Single
s_connection: verify depth is 1
Handshake duration: 8.59 ms
Execution 236 - TLS Single
s_connection: verify depth is 1
Handshake duration: 7.97 ms
Execution 237 - TLS Single
s_connection: verify depth is 1
Handshake duration: 7.67 ms
Execution 238 - TLS Single
s_connection: verify depth is 1
Handshake duration: 7.40 ms
Execution 239 - TLS Single
s_connection: verify depth is 1
Handshake duration: 8.09 ms
Execution 240 - TLS Single
s_connection: verify depth is 1
Handshake duration: 7.53 ms
Execution 241 - TLS Single
s_connection: verify depth is 1
Handshake duration: 7.51 ms
Execution 242 - TLS Single
s_connection: verify depth is 1
Handshake duration: 8.26 ms
Execution 243 - TLS Single
s_connection: verify depth is 1
Handshake duration: 7.78 ms
Execution 244 - TLS Single
s_connection: verify depth is 1
Handshake duration: 9.17 ms
Execution 245 - TLS Single
s_connection: verify depth is 1
Handshake duration: 7.86 ms
Execution 246 - TLS Single
s_connection: verify depth is 1
Handshake duration: 7.38 ms
Execution 247 - TLS Single
s_connection: verify depth is 1
Handshake duration: 7.59 ms
Execution 248 - TLS Single
s_connection: verify depth is 1
Handshake duration: 7.67 ms
Execution 249 - TLS Single
s_connection: verify depth is 1
Handshake duration: 7.00 ms
Execution 250 - TLS Single
s_connection: verify depth is 1
Handshake duration: 7.84 ms
Execution 251 - TLS Single
s_connection: verify depth is 1
Handshake duration: 7.75 ms
Execution 252 - TLS Single
s_connection: verify depth is 1
Handshake duration: 8.41 ms
Execution 253 - TLS Single
s_connection: verify depth is 1
Handshake duration: 7.81 ms
Execution 254 - TLS Single
s_connection: verify depth is 1
Handshake duration: 7.42 ms
Execution 255 - TLS Single
s_connection: verify depth is 1
Handshake duration: 7.83 ms
Execution 256 - TLS Single
s_connection: verify depth is 1
Handshake duration: 7.40 ms
Execution 257 - TLS Single
s_connection: verify depth is 1
Handshake duration: 7.28 ms
Execution 258 - TLS Single
s_connection: verify depth is 1
Handshake duration: 8.03 ms
Execution 259 - TLS Single
s_connection: verify depth is 1
Handshake duration: 7.84 ms
Execution 260 - TLS Single
s_connection: verify depth is 1
Handshake duration: 8.20 ms
Execution 261 - TLS Single
s_connection: verify depth is 1
Handshake duration: 7.71 ms
Execution 262 - TLS Single
s_connection: verify depth is 1
Handshake duration: 7.52 ms
Execution 263 - TLS Single
s_connection: verify depth is 1
Handshake duration: 8.66 ms
Execution 264 - TLS Single
s_connection: verify depth is 1
Handshake duration: 7.75 ms
Execution 265 - TLS Single
s_connection: verify depth is 1
Handshake duration: 7.97 ms
Execution 266 - TLS Single
s_connection: verify depth is 1
Handshake duration: 7.64 ms
Execution 267 - TLS Single
s_connection: verify depth is 1
Handshake duration: 7.71 ms
Execution 268 - TLS Single
s_connection: verify depth is 1
Handshake duration: 7.78 ms
Execution 269 - TLS Single
s_connection: verify depth is 1
Handshake duration: 7.86 ms
Execution 270 - TLS Single
s_connection: verify depth is 1
Handshake duration: 7.43 ms
Execution 271 - TLS Single
s_connection: verify depth is 1
Handshake duration: 8.33 ms
Execution 272 - TLS Single
s_connection: verify depth is 1
Handshake duration: 8.02 ms
Execution 273 - TLS Single
s_connection: verify depth is 1
Handshake duration: 7.56 ms
Execution 274 - TLS Single
s_connection: verify depth is 1
Handshake duration: 8.16 ms
Execution 275 - TLS Single
s_connection: verify depth is 1
Handshake duration: 7.92 ms
Execution 276 - TLS Single
s_connection: verify depth is 1
Handshake duration: 8.10 ms
Execution 277 - TLS Single
s_connection: verify depth is 1
Handshake duration: 8.57 ms
Execution 278 - TLS Single
s_connection: verify depth is 1
Handshake duration: 8.62 ms
Execution 279 - TLS Single
s_connection: verify depth is 1
Handshake duration: 7.99 ms
Execution 280 - TLS Single
s_connection: verify depth is 1
Handshake duration: 8.19 ms
Execution 281 - TLS Single
s_connection: verify depth is 1
Handshake duration: 7.71 ms
Execution 282 - TLS Single
s_connection: verify depth is 1
Handshake duration: 8.88 ms
Execution 283 - TLS Single
s_connection: verify depth is 1
Handshake duration: 7.40 ms
Execution 284 - TLS Single
s_connection: verify depth is 1
Handshake duration: 7.62 ms
Execution 285 - TLS Single
s_connection: verify depth is 1
Handshake duration: 8.30 ms
Execution 286 - TLS Single
s_connection: verify depth is 1
Handshake duration: 8.19 ms
Execution 287 - TLS Single
s_connection: verify depth is 1
Handshake duration: 8.41 ms
Execution 288 - TLS Single
s_connection: verify depth is 1
Handshake duration: 8.45 ms
Execution 289 - TLS Single
s_connection: verify depth is 1
Handshake duration: 7.37 ms
Execution 290 - TLS Single
s_connection: verify depth is 1
Handshake duration: 7.68 ms
Execution 291 - TLS Single
s_connection: verify depth is 1
Handshake duration: 7.45 ms
Execution 292 - TLS Single
s_connection: verify depth is 1
Handshake duration: 8.16 ms
Execution 293 - TLS Single
s_connection: verify depth is 1
Handshake duration: 8.02 ms
Execution 294 - TLS Single
s_connection: verify depth is 1
Handshake duration: 7.44 ms
Execution 295 - TLS Single
s_connection: verify depth is 1
Handshake duration: 8.37 ms
Execution 296 - TLS Single
s_connection: verify depth is 1
Handshake duration: 7.72 ms
Execution 297 - TLS Single
s_connection: verify depth is 1
Handshake duration: 7.68 ms
Execution 298 - TLS Single
s_connection: verify depth is 1
Handshake duration: 8.34 ms
Execution 299 - TLS Single
s_connection: verify depth is 1
Handshake duration: 7.21 ms
Execution 300 - TLS Single
s_connection: verify depth is 1
Handshake duration: 7.68 ms
Execution 301 - TLS Single
s_connection: verify depth is 1
Handshake duration: 7.43 ms
Execution 302 - TLS Single
s_connection: verify depth is 1
Handshake duration: 7.12 ms
Execution 303 - TLS Single
s_connection: verify depth is 1
Handshake duration: 7.85 ms
Execution 304 - TLS Single
s_connection: verify depth is 1
Handshake duration: 7.72 ms
Execution 305 - TLS Single
s_connection: verify depth is 1
Handshake duration: 7.26 ms
Execution 306 - TLS Single
s_connection: verify depth is 1
Handshake duration: 7.84 ms
Execution 307 - TLS Single
s_connection: verify depth is 1
Handshake duration: 7.92 ms
Execution 308 - TLS Single
s_connection: verify depth is 1
Handshake duration: 7.45 ms
Execution 309 - TLS Single
s_connection: verify depth is 1
Handshake duration: 7.78 ms
Execution 310 - TLS Single
s_connection: verify depth is 1
Handshake duration: 7.68 ms
Execution 311 - TLS Single
s_connection: verify depth is 1
Handshake duration: 7.42 ms
Execution 312 - TLS Single
s_connection: verify depth is 1
Handshake duration: 8.37 ms
Execution 313 - TLS Single
s_connection: verify depth is 1
Handshake duration: 7.45 ms
Execution 314 - TLS Single
s_connection: verify depth is 1
Handshake duration: 8.06 ms
Execution 315 - TLS Single
s_connection: verify depth is 1
Handshake duration: 8.02 ms
Execution 316 - TLS Single
s_connection: verify depth is 1
Handshake duration: 7.58 ms
Execution 317 - TLS Single
s_connection: verify depth is 1
Handshake duration: 8.94 ms
Execution 318 - TLS Single
s_connection: verify depth is 1
Handshake duration: 7.84 ms
Execution 319 - TLS Single
s_connection: verify depth is 1
Handshake duration: 7.80 ms
Execution 320 - TLS Single
s_connection: verify depth is 1
Handshake duration: 7.80 ms
Execution 321 - TLS Single
s_connection: verify depth is 1
Handshake duration: 7.55 ms
Execution 322 - TLS Single
s_connection: verify depth is 1
Handshake duration: 8.60 ms
Execution 323 - TLS Single
s_connection: verify depth is 1
Handshake duration: 7.72 ms
Execution 324 - TLS Single
s_connection: verify depth is 1
Handshake duration: 7.33 ms
Execution 325 - TLS Single
s_connection: verify depth is 1
Handshake duration: 7.43 ms
Execution 326 - TLS Single
s_connection: verify depth is 1
Handshake duration: 7.93 ms
Execution 327 - TLS Single
s_connection: verify depth is 1
Handshake duration: 7.50 ms
Execution 328 - TLS Single
s_connection: verify depth is 1
Handshake duration: 8.00 ms
Execution 329 - TLS Single
s_connection: verify depth is 1
Handshake duration: 8.00 ms
Execution 330 - TLS Single
s_connection: verify depth is 1
Handshake duration: 7.81 ms
Execution 331 - TLS Single
s_connection: verify depth is 1
Handshake duration: 8.16 ms
Execution 332 - TLS Single
s_connection: verify depth is 1
Handshake duration: 7.81 ms
Execution 333 - TLS Single
s_connection: verify depth is 1
Handshake duration: 7.46 ms
Execution 334 - TLS Single
s_connection: verify depth is 1
Handshake duration: 7.64 ms
Execution 335 - TLS Single
s_connection: verify depth is 1
Handshake duration: 7.44 ms
Execution 336 - TLS Single
s_connection: verify depth is 1
Handshake duration: 7.61 ms
Execution 337 - TLS Single
s_connection: verify depth is 1
Handshake duration: 8.23 ms
Execution 338 - TLS Single
s_connection: verify depth is 1
Handshake duration: 7.62 ms
Execution 339 - TLS Single
s_connection: verify depth is 1
Handshake duration: 7.83 ms
Execution 340 - TLS Single
s_connection: verify depth is 1
Handshake duration: 7.86 ms
Execution 341 - TLS Single
s_connection: verify depth is 1
Handshake duration: 8.24 ms
Execution 342 - TLS Single
s_connection: verify depth is 1
Handshake duration: 8.39 ms
Execution 343 - TLS Single
s_connection: verify depth is 1
Handshake duration: 7.44 ms
Execution 344 - TLS Single
s_connection: verify depth is 1
Handshake duration: 7.43 ms
Execution 345 - TLS Single
s_connection: verify depth is 1
Handshake duration: 7.57 ms
Execution 346 - TLS Single
s_connection: verify depth is 1
Handshake duration: 7.77 ms
Execution 347 - TLS Single
s_connection: verify depth is 1
Handshake duration: 7.68 ms
Execution 348 - TLS Single
s_connection: verify depth is 1
Handshake duration: 7.70 ms
Execution 349 - TLS Single
s_connection: verify depth is 1
Handshake duration: 7.41 ms
Execution 350 - TLS Single
s_connection: verify depth is 1
Handshake duration: 7.62 ms
Execution 351 - TLS Single
s_connection: verify depth is 1
Handshake duration: 8.01 ms
Execution 352 - TLS Single
s_connection: verify depth is 1
Handshake duration: 7.75 ms
Execution 353 - TLS Single
s_connection: verify depth is 1
Handshake duration: 8.71 ms
Execution 354 - TLS Single
s_connection: verify depth is 1
Handshake duration: 7.71 ms
Execution 355 - TLS Single
s_connection: verify depth is 1
Handshake duration: 7.19 ms
Execution 356 - TLS Single
s_connection: verify depth is 1
Handshake duration: 7.76 ms
Execution 357 - TLS Single
s_connection: verify depth is 1
Handshake duration: 7.36 ms
Execution 358 - TLS Single
s_connection: verify depth is 1
Handshake duration: 7.85 ms
Execution 359 - TLS Single
s_connection: verify depth is 1
Handshake duration: 7.70 ms
Execution 360 - TLS Single
s_connection: verify depth is 1
Handshake duration: 7.21 ms
Execution 361 - TLS Single
s_connection: verify depth is 1
Handshake duration: 7.27 ms
Execution 362 - TLS Single
s_connection: verify depth is 1
Handshake duration: 7.72 ms
Execution 363 - TLS Single
s_connection: verify depth is 1
Handshake duration: 7.41 ms
Execution 364 - TLS Single
s_connection: verify depth is 1
Handshake duration: 7.40 ms
Execution 365 - TLS Single
s_connection: verify depth is 1
Handshake duration: 8.04 ms
Execution 366 - TLS Single
s_connection: verify depth is 1
Handshake duration: 7.58 ms
Execution 367 - TLS Single
s_connection: verify depth is 1
Handshake duration: 7.89 ms
Execution 368 - TLS Single
s_connection: verify depth is 1
Handshake duration: 7.49 ms
Execution 369 - TLS Single
s_connection: verify depth is 1
Handshake duration: 7.49 ms
Execution 370 - TLS Single
s_connection: verify depth is 1
Handshake duration: 8.82 ms
Execution 371 - TLS Single
s_connection: verify depth is 1
Handshake duration: 7.38 ms
Execution 372 - TLS Single
s_connection: verify depth is 1
Handshake duration: 7.45 ms
Execution 373 - TLS Single
s_connection: verify depth is 1
Handshake duration: 7.80 ms
Execution 374 - TLS Single
s_connection: verify depth is 1
Handshake duration: 7.56 ms
Execution 375 - TLS Single
s_connection: verify depth is 1
Handshake duration: 8.40 ms
Execution 376 - TLS Single
s_connection: verify depth is 1
Handshake duration: 7.71 ms
Execution 377 - TLS Single
s_connection: verify depth is 1
Handshake duration: 7.84 ms
Execution 378 - TLS Single
s_connection: verify depth is 1
Handshake duration: 7.40 ms
Execution 379 - TLS Single
s_connection: verify depth is 1
Handshake duration: 7.43 ms
Execution 380 - TLS Single
s_connection: verify depth is 1
Handshake duration: 7.63 ms
Execution 381 - TLS Single
s_connection: verify depth is 1
Handshake duration: 7.81 ms
Execution 382 - TLS Single
s_connection: verify depth is 1
Handshake duration: 7.79 ms
Execution 383 - TLS Single
s_connection: verify depth is 1
Handshake duration: 7.80 ms
Execution 384 - TLS Single
s_connection: verify depth is 1
Handshake duration: 7.78 ms
Execution 385 - TLS Single
s_connection: verify depth is 1
Handshake duration: 7.68 ms
Execution 386 - TLS Single
s_connection: verify depth is 1
Handshake duration: 7.81 ms
Execution 387 - TLS Single
s_connection: verify depth is 1
Handshake duration: 8.26 ms
Execution 388 - TLS Single
s_connection: verify depth is 1
Handshake duration: 8.59 ms
Execution 389 - TLS Single
s_connection: verify depth is 1
Handshake duration: 7.70 ms
Execution 390 - TLS Single
s_connection: verify depth is 1
Handshake duration: 7.30 ms
Execution 391 - TLS Single
s_connection: verify depth is 1
Handshake duration: 7.72 ms
Execution 392 - TLS Single
s_connection: verify depth is 1
Handshake duration: 8.29 ms
Execution 393 - TLS Single
s_connection: verify depth is 1
Handshake duration: 7.94 ms
Execution 394 - TLS Single
s_connection: verify depth is 1
Handshake duration: 7.75 ms
Execution 395 - TLS Single
s_connection: verify depth is 1
Handshake duration: 7.96 ms
Execution 396 - TLS Single
s_connection: verify depth is 1
Handshake duration: 7.78 ms
Execution 397 - TLS Single
s_connection: verify depth is 1
Handshake duration: 8.12 ms
Execution 398 - TLS Single
s_connection: verify depth is 1
Handshake duration: 7.68 ms
Execution 399 - TLS Single
s_connection: verify depth is 1
Handshake duration: 7.72 ms
Execution 400 - TLS Single
s_connection: verify depth is 1
Handshake duration: 7.59 ms
Execution 401 - TLS Single
s_connection: verify depth is 1
Handshake duration: 7.18 ms
Execution 402 - TLS Single
s_connection: verify depth is 1
Handshake duration: 7.98 ms
Execution 403 - TLS Single
s_connection: verify depth is 1
Handshake duration: 7.55 ms
Execution 404 - TLS Single
s_connection: verify depth is 1
Handshake duration: 8.27 ms
Execution 405 - TLS Single
s_connection: verify depth is 1
Handshake duration: 7.89 ms
Execution 406 - TLS Single
s_connection: verify depth is 1
Handshake duration: 7.70 ms
Execution 407 - TLS Single
s_connection: verify depth is 1
Handshake duration: 7.60 ms
Execution 408 - TLS Single
s_connection: verify depth is 1
Handshake duration: 7.73 ms
Execution 409 - TLS Single
s_connection: verify depth is 1
Handshake duration: 7.41 ms
Execution 410 - TLS Single
s_connection: verify depth is 1
Handshake duration: 7.35 ms
Execution 411 - TLS Single
s_connection: verify depth is 1
Handshake duration: 7.72 ms
Execution 412 - TLS Single
s_connection: verify depth is 1
Handshake duration: 7.32 ms
Execution 413 - TLS Single
s_connection: verify depth is 1
Handshake duration: 7.22 ms
Execution 414 - TLS Single
s_connection: verify depth is 1
Handshake duration: 7.61 ms
Execution 415 - TLS Single
s_connection: verify depth is 1
Handshake duration: 7.16 ms
Execution 416 - TLS Single
s_connection: verify depth is 1
Handshake duration: 7.12 ms
Execution 417 - TLS Single
s_connection: verify depth is 1
Handshake duration: 8.06 ms
Execution 418 - TLS Single
s_connection: verify depth is 1
Handshake duration: 7.68 ms
Execution 419 - TLS Single
s_connection: verify depth is 1
Handshake duration: 7.40 ms
Execution 420 - TLS Single
s_connection: verify depth is 1
Handshake duration: 7.70 ms
Execution 421 - TLS Single
s_connection: verify depth is 1
Handshake duration: 7.88 ms
Execution 422 - TLS Single
s_connection: verify depth is 1
Handshake duration: 7.71 ms
Execution 423 - TLS Single
s_connection: verify depth is 1
Handshake duration: 8.25 ms
Execution 424 - TLS Single
s_connection: verify depth is 1
Handshake duration: 7.41 ms
Execution 425 - TLS Single
s_connection: verify depth is 1
Handshake duration: 7.92 ms
Execution 426 - TLS Single
s_connection: verify depth is 1
Handshake duration: 7.79 ms
Execution 427 - TLS Single
s_connection: verify depth is 1
Handshake duration: 7.37 ms
Execution 428 - TLS Single
s_connection: verify depth is 1
Handshake duration: 7.73 ms
Execution 429 - TLS Single
s_connection: verify depth is 1
Handshake duration: 7.92 ms
Execution 430 - TLS Single
s_connection: verify depth is 1
Handshake duration: 7.49 ms
Execution 431 - TLS Single
s_connection: verify depth is 1
Handshake duration: 8.09 ms
Execution 432 - TLS Single
s_connection: verify depth is 1
Handshake duration: 7.97 ms
Execution 433 - TLS Single
s_connection: verify depth is 1
Handshake duration: 8.18 ms
Execution 434 - TLS Single
s_connection: verify depth is 1
Handshake duration: 7.60 ms
Execution 435 - TLS Single
s_connection: verify depth is 1
Handshake duration: 8.01 ms
Execution 436 - TLS Single
s_connection: verify depth is 1
Handshake duration: 8.62 ms
Execution 437 - TLS Single
s_connection: verify depth is 1
Handshake duration: 8.60 ms
Execution 438 - TLS Single
s_connection: verify depth is 1
Handshake duration: 7.37 ms
Execution 439 - TLS Single
s_connection: verify depth is 1
Handshake duration: 8.08 ms
Execution 440 - TLS Single
s_connection: verify depth is 1
Handshake duration: 7.73 ms
Execution 441 - TLS Single
s_connection: verify depth is 1
Handshake duration: 7.86 ms
Execution 442 - TLS Single
s_connection: verify depth is 1
Handshake duration: 7.71 ms
Execution 443 - TLS Single
s_connection: verify depth is 1
Handshake duration: 7.44 ms
Execution 444 - TLS Single
s_connection: verify depth is 1
Handshake duration: 8.13 ms
Execution 445 - TLS Single
s_connection: verify depth is 1
Handshake duration: 7.74 ms
Execution 446 - TLS Single
s_connection: verify depth is 1
Handshake duration: 8.72 ms
Execution 447 - TLS Single
s_connection: verify depth is 1
Handshake duration: 8.59 ms
Execution 448 - TLS Single
s_connection: verify depth is 1
Handshake duration: 7.69 ms
Execution 449 - TLS Single
s_connection: verify depth is 1
Handshake duration: 8.39 ms
Execution 450 - TLS Single
s_connection: verify depth is 1
Handshake duration: 8.07 ms
Execution 451 - TLS Single
s_connection: verify depth is 1
Handshake duration: 8.14 ms
Execution 452 - TLS Single
s_connection: verify depth is 1
Handshake duration: 8.05 ms
Execution 453 - TLS Single
s_connection: verify depth is 1
Handshake duration: 7.75 ms
Execution 454 - TLS Single
s_connection: verify depth is 1
Handshake duration: 7.87 ms
Execution 455 - TLS Single
s_connection: verify depth is 1
Handshake duration: 7.72 ms
Execution 456 - TLS Single
s_connection: verify depth is 1
Handshake duration: 7.29 ms
Execution 457 - TLS Single
s_connection: verify depth is 1
Handshake duration: 8.28 ms
Execution 458 - TLS Single
s_connection: verify depth is 1
Handshake duration: 8.55 ms
Execution 459 - TLS Single
s_connection: verify depth is 1
Handshake duration: 7.76 ms
Execution 460 - TLS Single
s_connection: verify depth is 1
Handshake duration: 8.61 ms
Execution 461 - TLS Single
s_connection: verify depth is 1
Handshake duration: 7.57 ms
Execution 462 - TLS Single
s_connection: verify depth is 1
Handshake duration: 8.48 ms
Execution 463 - TLS Single
s_connection: verify depth is 1
Handshake duration: 7.29 ms
Execution 464 - TLS Single
s_connection: verify depth is 1
Handshake duration: 7.20 ms
Execution 465 - TLS Single
s_connection: verify depth is 1
Handshake duration: 7.54 ms
Execution 466 - TLS Single
s_connection: verify depth is 1
Handshake duration: 7.73 ms
Execution 467 - TLS Single
s_connection: verify depth is 1
Handshake duration: 7.47 ms
Execution 468 - TLS Single
s_connection: verify depth is 1
Handshake duration: 8.04 ms
Execution 469 - TLS Single
s_connection: verify depth is 1
Handshake duration: 7.58 ms
Execution 470 - TLS Single
s_connection: verify depth is 1
Handshake duration: 8.05 ms
Execution 471 - TLS Single
s_connection: verify depth is 1
Handshake duration: 8.68 ms
Execution 472 - TLS Single
s_connection: verify depth is 1
Handshake duration: 7.38 ms
Execution 473 - TLS Single
s_connection: verify depth is 1
Handshake duration: 7.56 ms
Execution 474 - TLS Single
s_connection: verify depth is 1
Handshake duration: 7.74 ms
Execution 475 - TLS Single
s_connection: verify depth is 1
Handshake duration: 7.42 ms
Execution 476 - TLS Single
s_connection: verify depth is 1
Handshake duration: 7.49 ms
Execution 477 - TLS Single
s_connection: verify depth is 1
Handshake duration: 7.39 ms
Execution 478 - TLS Single
s_connection: verify depth is 1
Handshake duration: 7.36 ms
Execution 479 - TLS Single
s_connection: verify depth is 1
Handshake duration: 7.84 ms
Execution 480 - TLS Single
s_connection: verify depth is 1
Handshake duration: 7.45 ms
Execution 481 - TLS Single
s_connection: verify depth is 1
Handshake duration: 7.55 ms
Execution 482 - TLS Single
s_connection: verify depth is 1
Handshake duration: 7.60 ms
Execution 483 - TLS Single
s_connection: verify depth is 1
Handshake duration: 7.96 ms
Execution 484 - TLS Single
s_connection: verify depth is 1
Handshake duration: 7.77 ms
Execution 485 - TLS Single
s_connection: verify depth is 1
Handshake duration: 7.70 ms
Execution 486 - TLS Single
s_connection: verify depth is 1
Handshake duration: 7.60 ms
Execution 487 - TLS Single
s_connection: verify depth is 1
Handshake duration: 8.02 ms
Execution 488 - TLS Single
s_connection: verify depth is 1
Handshake duration: 7.67 ms
Execution 489 - TLS Single
s_connection: verify depth is 1
Handshake duration: 7.85 ms
Execution 490 - TLS Single
s_connection: verify depth is 1
Handshake duration: 8.53 ms
Execution 491 - TLS Single
s_connection: verify depth is 1
Handshake duration: 8.56 ms
Execution 492 - TLS Single
s_connection: verify depth is 1
Handshake duration: 8.02 ms
Execution 493 - TLS Single
s_connection: verify depth is 1
Handshake duration: 8.20 ms
Execution 494 - TLS Single
s_connection: verify depth is 1
Handshake duration: 8.55 ms
Execution 495 - TLS Single
s_connection: verify depth is 1
Handshake duration: 7.79 ms
Execution 496 - TLS Single
s_connection: verify depth is 1
Handshake duration: 8.16 ms
Execution 497 - TLS Single
s_connection: verify depth is 1
Handshake duration: 7.60 ms
Execution 498 - TLS Single
s_connection: verify depth is 1
Handshake duration: 8.01 ms
Execution 499 - TLS Single
s_connection: verify depth is 1
Handshake duration: 8.14 ms
Execution 500 - TLS Single
s_connection: verify depth is 1
Handshake duration: 7.56 ms
     Log de handshake enregistré dans /home/tolokoum/Documents/mldsa-mlkem-hqc-tls-quic-constrained-performance/captures/tls/single/none/handshake_logs/handshake_tls_single_ed25519_p256_mlkem512_none.log
     CPU/mémoire enregistrés dans /home/tolokoum/Documents/mldsa-mlkem-hqc-tls-quic-constrained-performance/captures/tls/single/none/resource_usage/resource_usage_tls_single_none.csv
     Waiting  ... 
   Shutting down server and impairments...

****************
  -> KEM: x25519_mlkem512

    Executing docker Server...
servidor
cliente
ee2d29ec974b6076b91150fd7ce295d83d5f3a35700094c56d2391e61080867c
