protocol,auth_mode,network_profile,sig_alg,kem,kem_class,role,n_blocks_cpu,cpu_ms_per_handshake_mean,cpu_ms_ci95,cpu_ms_ci95_method,n_blocks_mem,mem_peak_MiB_mean,mem_MiB_ci95,mem_MiB_ci95_method
quic,single,none,ed25519,P-256,classique,client,4,23.727,"[22.697, 25.631]",bootstrap_blocs,4,5.425,"[5.326, 5.538]",bootstrap_blocs
quic,single,none,ed25519,P-256,classique,server,4,61.638,"[60.714, 62.563]",bootstrap_blocs,4,8.43,"[8.352, 8.525]",bootstrap_blocs
quic,single,none,ed25519,hqc128,pq_pur,client,4,32.342,"[31.385, 33.150]",bootstrap_blocs,4,5.695,"[5.529, 5.861]",bootstrap_blocs
quic,single,none,ed25519,hqc128,pq_pur,server,4,83.45,"[81.999, 84.900]",bootstrap_blocs,4,9.226,"[9.059, 9.412]",bootstrap_blocs
quic,single,none,ed25519,mlkem512,pq_pur,client,4,23.637,"[22.445, 25.781]",bootstrap_blocs,4,5.44,"[5.337, 5.508]",bootstrap_blocs
quic,single,none,ed25519,mlkem512,pq_pur,server,4,60.819,"[59.634, 62.860]",bootstrap_blocs,4,8.73,"[8.626, 8.868]",bootstrap_blocs
quic,single,none,ed25519,p256_hqc128,hybride,client,4,41.914,"[39.017, 47.476]",bootstrap_blocs,4,5.928,"[5.662, 6.076]",bootstrap_blocs
quic,single,none,ed25519,p256_hqc128,hybride,server,4,96.495,"[91.816, 103.561]",bootstrap_blocs,4,9.848,"[9.760, 9.936]",bootstrap_blocs
quic,single,none,ed25519,p256_mlkem512,hybride,client,4,30.516,"[29.567, 32.029]",bootstrap_blocs,4,6.048,"[5.988, 6.113]",bootstrap_blocs
quic,single,none,ed25519,p256_mlkem512,hybride,server,4,70.127,"[68.358, 71.995]",bootstrap_blocs,4,9.329,"[9.293, 9.378]",bootstrap_blocs
quic,single,none,ed25519,x25519,classique,client,4,22.786,"[22.236, 23.510]",bootstrap_blocs,4,5.359,"[5.260, 5.459]",bootstrap_blocs
quic,single,none,ed25519,x25519,classique,server,4,58.966,"[58.149, 59.865]",bootstrap_blocs,4,8.303,"[8.197, 8.408]",bootstrap_blocs
quic,single,none,ed25519,x25519_hqc128,hybride,client,4,36.47,"[33.567, 41.548]",bootstrap_blocs,4,5.584,"[5.337, 5.785]",bootstrap_blocs
quic,single,none,ed25519,x25519_hqc128,hybride,server,4,87.927,"[83.453, 95.024]",bootstrap_blocs,4,9.274,"[9.135, 9.414]",bootstrap_blocs
quic,single,none,ed25519,x25519_mlkem512,hybride,client,4,25.756,"[24.079, 28.887]",bootstrap_blocs,4,5.572,"[5.445, 5.688]",bootstrap_blocs
quic,single,none,ed25519,x25519_mlkem512,hybride,server,4,65.514,"[62.284, 70.861]",bootstrap_blocs,4,8.639,"[8.457, 8.740]",bootstrap_blocs
quic,single,none,mldsa44,P-256,classique,client,4,22.679,"[22.260, 23.063]",bootstrap_blocs,4,5.318,"[5.260, 5.383]",bootstrap_blocs
quic,single,none,mldsa44,P-256,classique,server,4,59.888,"[58.027, 61.656]",bootstrap_blocs,4,8.983,"[8.931, 9.031]",bootstrap_blocs
quic,single,none,mldsa44,hqc128,pq_pur,client,4,33.321,"[32.230, 35.313]",bootstrap_blocs,4,5.511,"[5.308, 5.740]",bootstrap_blocs
quic,single,none,mldsa44,hqc128,pq_pur,server,4,85.137,"[82.222, 89.708]",bootstrap_blocs,4,9.427,"[9.381, 9.475]",bootstrap_blocs
quic,single,none,mldsa44,mlkem512,pq_pur,client,4,24.552,"[22.557, 28.434]",bootstrap_blocs,4,5.446,"[5.238, 5.617]",bootstrap_blocs
quic,single,none,mldsa44,mlkem512,pq_pur,server,4,64.059,"[60.583, 70.329]",bootstrap_blocs,4,8.872,"[8.766, 8.979]",bootstrap_blocs
quic,single,none,mldsa44,p256_hqc128,hybride,client,4,39.874,"[39.307, 40.734]",bootstrap_blocs,4,6.017,"[5.961, 6.074]",bootstrap_blocs
quic,single,none,mldsa44,p256_hqc128,hybride,server,4,92.886,"[92.207, 93.637]",bootstrap_blocs,4,10.07,"[9.994, 10.153]",bootstrap_blocs
quic,single,none,mldsa44,p256_mlkem512,hybride,client,4,30.013,"[29.128, 30.936]",bootstrap_blocs,4,6.021,"[5.889, 6.154]",bootstrap_blocs
quic,single,none,mldsa44,p256_mlkem512,hybride,server,4,70.37,"[69.096, 71.839]",bootstrap_blocs,4,9.54,"[9.391, 9.689]",bootstrap_blocs
quic,single,none,mldsa44,x25519,classique,client,4,24.33,"[22.618, 27.605]",bootstrap_blocs,4,5.355,"[5.273, 5.454]",bootstrap_blocs
quic,single,none,mldsa44,x25519,classique,server,4,62.702,"[59.583, 68.630]",bootstrap_blocs,4,8.488,"[8.418, 8.533]",bootstrap_blocs
quic,single,none,mldsa44,x25519_hqc128,hybride,client,4,34.221,"[33.546, 34.836]",bootstrap_blocs,4,5.677,"[5.562, 5.812]",bootstrap_blocs
quic,single,none,mldsa44,x25519_hqc128,hybride,server,4,85.545,"[84.367, 86.724]",bootstrap_blocs,4,9.546,"[9.324, 9.757]",bootstrap_blocs
quic,single,none,mldsa44,x25519_mlkem512,hybride,client,4,24.295,"[23.851, 24.915]",bootstrap_blocs,4,5.588,"[5.541, 5.658]",bootstrap_blocs
quic,single,none,mldsa44,x25519_mlkem512,hybride,server,4,62.401,"[61.569, 63.233]",bootstrap_blocs,4,9.05,"[8.922, 9.153]",bootstrap_blocs
quic,single,none,mldsa65,P-384,classique,client,4,24.303,"[23.872, 25.091]",bootstrap_blocs,4,5.409,"[5.354, 5.483]",bootstrap_blocs
quic,single,none,mldsa65,P-384,classique,server,4,64.293,"[63.246, 65.752]",bootstrap_blocs,4,8.935,"[8.869, 9.053]",bootstrap_blocs
quic,single,none,mldsa65,hqc192,pq_pur,client,4,50.336,"[49.171, 52.163]",bootstrap_blocs,4,5.555,"[5.368, 5.692]",bootstrap_blocs
quic,single,none,mldsa65,hqc192,pq_pur,server,4,130.654,"[124.420, 141.811]",bootstrap_blocs,4,10.069,"[10.022, 10.111]",bootstrap_blocs
quic,single,none,mldsa65,mlkem768,pq_pur,client,4,24.338,"[22.659, 27.585]",bootstrap_blocs,4,5.454,"[5.354, 5.543]",bootstrap_blocs
quic,single,none,mldsa65,mlkem768,pq_pur,server,4,63.818,"[59.761, 70.590]",bootstrap_blocs,4,9.099,"[8.741, 9.297]",bootstrap_blocs
quic,single,none,mldsa65,p384_hqc192,hybride,client,4,58.962,"[57.068, 60.893]",bootstrap_blocs,4,6.04,"[5.838, 6.176]",bootstrap_blocs
quic,single,none,mldsa65,p384_hqc192,hybride,server,4,141.546,"[136.919, 147.143]",bootstrap_blocs,4,10.914,"[10.695, 11.133]",bootstrap_blocs
quic,single,none,mldsa65,p384_mlkem768,hybride,client,4,32.08,"[30.555, 34.329]",bootstrap_blocs,4,5.995,"[5.844, 6.129]",bootstrap_blocs
quic,single,none,mldsa65,p384_mlkem768,hybride,server,4,75.503,"[73.476, 77.742]",bootstrap_blocs,4,9.946,"[9.912, 9.980]",bootstrap_blocs
quic,single,none,mldsa65,x448,classique,client,4,24.447,"[22.938, 27.320]",bootstrap_blocs,4,5.419,"[5.334, 5.560]",bootstrap_blocs
quic,single,none,mldsa65,x448,classique,server,4,64.134,"[61.741, 67.415]",bootstrap_blocs,4,8.923,"[8.824, 9.058]",bootstrap_blocs
quic,single,none,mldsa65,x448_hqc192,hybride,client,4,54.632,"[52.311, 58.556]",bootstrap_blocs,4,5.761,"[5.505, 5.965]",bootstrap_blocs
quic,single,none,mldsa65,x448_hqc192,hybride,server,4,133.247,"[127.464, 143.410]",bootstrap_blocs,4,10.209,"[10.069, 10.370]",bootstrap_blocs
quic,single,none,mldsa65,x448_mlkem768,hybride,client,4,26.19,"[24.843, 28.620]",bootstrap_blocs,4,5.467,"[5.344, 5.549]",bootstrap_blocs
quic,single,none,mldsa65,x448_mlkem768,hybride,server,4,66.197,"[63.898, 69.429]",bootstrap_blocs,4,9.243,"[9.156, 9.330]",bootstrap_blocs
quic,single,none,mldsa87,P-521,classique,client,4,24.163,"[23.652, 24.916]",bootstrap_blocs,4,5.478,"[5.398, 5.557]",bootstrap_blocs
quic,single,none,mldsa87,P-521,classique,server,4,63.747,"[62.455, 65.225]",bootstrap_blocs,4,9.209,"[9.102, 9.334]",bootstrap_blocs
quic,single,none,mldsa87,hqc256,pq_pur,client,4,71.468,"[70.119, 73.064]",bootstrap_blocs,4,5.608,"[5.437, 5.754]",bootstrap_blocs
quic,single,none,mldsa87,hqc256,pq_pur,server,4,178.115,"[175.558, 180.913]",bootstrap_blocs,4,12.247,"[11.926, 12.568]",bootstrap_blocs
quic,single,none,mldsa87,mlkem1024,pq_pur,client,4,23.289,"[22.447, 24.534]",bootstrap_blocs,4,5.376,"[5.352, 5.400]",bootstrap_blocs
quic,single,none,mldsa87,mlkem1024,pq_pur,server,4,61.169,"[59.251, 62.777]",bootstrap_blocs,4,9.42,"[9.246, 9.594]",bootstrap_blocs
quic,single,none,mldsa87,p521_hqc256,hybride,client,4,80.367,"[77.401, 85.752]",bootstrap_blocs,4,6.125,"[5.973, 6.209]",bootstrap_blocs
quic,single,none,mldsa87,p521_hqc256,hybride,server,4,192.134,"[185.396, 201.940]",bootstrap_blocs,4,13.314,"[12.969, 13.648]",bootstrap_blocs
quic,single,none,mldsa87,p521_mlkem1024,hybride,client,4,31.877,"[30.561, 33.777]",bootstrap_blocs,4,6.047,"[5.983, 6.106]",bootstrap_blocs
quic,single,none,mldsa87,p521_mlkem1024,hybride,server,4,76.06,"[74.389, 78.601]",bootstrap_blocs,4,10.026,"[9.753, 10.297]",bootstrap_blocs
quic,single,none,secp384r1,P-384,classique,client,4,25.548,"[24.699, 26.927]",bootstrap_blocs,4,5.426,"[5.340, 5.512]",bootstrap_blocs
quic,single,none,secp384r1,P-384,classique,server,4,66.283,"[64.818, 67.971]",bootstrap_blocs,4,8.354,"[8.283, 8.426]",bootstrap_blocs
quic,single,none,secp384r1,hqc192,pq_pur,client,4,50.797,"[49.817, 51.776]",bootstrap_blocs,4,5.476,"[5.369, 5.548]",bootstrap_blocs
quic,single,none,secp384r1,hqc192,pq_pur,server,4,126.859,"[125.563, 128.155]",bootstrap_blocs,4,10.473,"[10.180, 10.648]",bootstrap_blocs
quic,single,none,secp384r1,mlkem768,pq_pur,client,4,24.168,"[23.389, 25.457]",bootstrap_blocs,4,5.385,"[5.299, 5.471]",bootstrap_blocs
quic,single,none,secp384r1,mlkem768,pq_pur,server,4,62.548,"[60.878, 64.906]",bootstrap_blocs,4,8.417,"[8.291, 8.491]",bootstrap_blocs
quic,single,none,secp384r1,p384_hqc192,hybride,client,4,59.721,"[57.974, 62.566]",bootstrap_blocs,4,5.986,"[5.796, 6.144]",bootstrap_blocs
quic,single,none,secp384r1,p384_hqc192,hybride,server,4,141.467,"[139.032, 145.064]",bootstrap_blocs,4,11.543,"[11.473, 11.623]",bootstrap_blocs
quic,single,none,secp384r1,p384_mlkem768,hybride,client,4,34.574,"[31.745, 39.853]",bootstrap_blocs,4,6.026,"[5.729, 6.242]",bootstrap_blocs
quic,single,none,secp384r1,p384_mlkem768,hybride,server,4,80.314,"[76.254, 87.188]",bootstrap_blocs,4,9.423,"[9.352, 9.494]",bootstrap_blocs
quic,single,none,secp384r1,x448,classique,client,4,24.328,"[23.851, 24.857]",bootstrap_blocs,4,5.476,"[5.334, 5.617]",bootstrap_blocs
quic,single,none,secp384r1,x448,classique,server,4,64.685,"[63.777, 65.619]",bootstrap_blocs,4,8.378,"[8.292, 8.434]",bootstrap_blocs
quic,single,none,secp384r1,x448_hqc192,hybride,client,4,52.602,"[51.922, 53.776]",bootstrap_blocs,4,5.714,"[5.578, 5.830]",bootstrap_blocs
quic,single,none,secp384r1,x448_hqc192,hybride,server,4,128.61,"[127.298, 130.876]",bootstrap_blocs,4,10.685,"[10.496, 10.873]",bootstrap_blocs
quic,single,none,secp384r1,x448_mlkem768,hybride,client,4,26.606,"[25.727, 28.160]",bootstrap_blocs,4,5.555,"[5.473, 5.637]",bootstrap_blocs
quic,single,none,secp384r1,x448_mlkem768,hybride,server,4,66.198,"[64.639, 67.757]",bootstrap_blocs,4,8.705,"[8.625, 8.830]",bootstrap_blocs
quic,single,none,secp521r1,P-521,classique,client,4,25.771,"[24.599, 27.841]",bootstrap_blocs,4,5.403,"[5.246, 5.561]",bootstrap_blocs
quic,single,none,secp521r1,P-521,classique,server,4,66.892,"[64.649, 70.273]",bootstrap_blocs,4,8.33,"[8.271, 8.430]",bootstrap_blocs
quic,single,none,secp521r1,hqc256,pq_pur,client,4,74.335,"[72.239, 77.947]",bootstrap_blocs,4,5.62,"[5.464, 5.732]",bootstrap_blocs
quic,single,none,secp521r1,hqc256,pq_pur,server,4,181.909,"[176.694, 190.231]",bootstrap_blocs,4,12.167,"[11.916, 12.418]",bootstrap_blocs
quic,single,none,secp521r1,mlkem1024,pq_pur,client,4,24.119,"[23.521, 24.941]",bootstrap_blocs,4,5.526,"[5.409, 5.619]",bootstrap_blocs
quic,single,none,secp521r1,mlkem1024,pq_pur,server,4,62.695,"[62.110, 63.632]",bootstrap_blocs,4,8.623,"[8.411, 8.738]",bootstrap_blocs
quic,single,none,secp521r1,p521_hqc256,hybride,client,4,79.816,"[77.388, 83.777]",bootstrap_blocs,4,6.019,"[5.938, 6.090]",bootstrap_blocs
quic,single,none,secp521r1,p521_hqc256,hybride,server,4,190.41,"[186.467, 196.859]",bootstrap_blocs,4,13.17,"[13.031, 13.293]",bootstrap_blocs
quic,single,none,secp521r1,p521_mlkem1024,hybride,client,4,32.521,"[31.770, 33.675]",bootstrap_blocs,4,5.974,"[5.869, 6.057]",bootstrap_blocs
quic,single,none,secp521r1,p521_mlkem1024,hybride,server,4,76.799,"[75.780, 78.508]",bootstrap_blocs,4,9.35,"[9.217, 9.482]",bootstrap_blocs
quic,single,simple_loss1.3_delay62.51ms,ed25519,P-256,classique,client,4,30.187,"[23.291, 37.083]",bootstrap_blocs,4,5.554,"[5.423, 5.650]",bootstrap_blocs
quic,single,simple_loss1.3_delay62.51ms,ed25519,P-256,classique,server,4,355.457,"[337.217, 383.971]",bootstrap_blocs,4,9.264,"[9.195, 9.332]",bootstrap_blocs
quic,single,simple_loss1.3_delay62.51ms,ed25519,hqc128,pq_pur,client,4,40.843,"[32.305, 49.381]",bootstrap_blocs,4,5.354,"[5.215, 5.516]",bootstrap_blocs
quic,single,simple_loss1.3_delay62.51ms,ed25519,hqc128,pq_pur,server,4,390.348,"[372.059, 410.683]",bootstrap_blocs,4,9.474,"[9.264, 9.632]",bootstrap_blocs
quic,single,simple_loss1.3_delay62.51ms,ed25519,mlkem512,pq_pur,client,4,30.802,"[23.210, 38.394]",bootstrap_blocs,4,5.401,"[5.305, 5.485]",bootstrap_blocs
quic,single,simple_loss1.3_delay62.51ms,ed25519,mlkem512,pq_pur,server,4,356.838,"[342.188, 371.488]",bootstrap_blocs,4,9.103,"[8.971, 9.290]",bootstrap_blocs
quic,single,simple_loss1.3_delay62.51ms,ed25519,p256_hqc128,hybride,client,4,50.354,"[38.487, 62.221]",bootstrap_blocs,4,5.718,"[5.579, 5.848]",bootstrap_blocs
quic,single,simple_loss1.3_delay62.51ms,ed25519,p256_hqc128,hybride,server,4,414.058,"[399.581, 423.196]",bootstrap_blocs,4,10.256,"[10.119, 10.393]",bootstrap_blocs
quic,single,simple_loss1.3_delay62.51ms,ed25519,p256_mlkem512,hybride,client,4,36.48,"[29.903, 43.056]",bootstrap_blocs,4,5.793,"[5.688, 5.969]",bootstrap_blocs
quic,single,simple_loss1.3_delay62.51ms,ed25519,p256_mlkem512,hybride,server,4,378.842,"[365.047, 392.636]",bootstrap_blocs,4,9.93,"[9.815, 10.048]",bootstrap_blocs
quic,single,simple_loss1.3_delay62.51ms,ed25519,x25519,classique,client,4,29.173,"[23.041, 35.305]",bootstrap_blocs,4,5.344,"[5.238, 5.449]",bootstrap_blocs
quic,single,simple_loss1.3_delay62.51ms,ed25519,x25519,classique,server,4,380.789,"[363.146, 392.218]",bootstrap_blocs,4,8.737,"[8.664, 8.811]",bootstrap_blocs
quic,single,simple_loss1.3_delay62.51ms,ed25519,x25519_hqc128,hybride,client,4,45.522,"[33.508, 57.536]",bootstrap_blocs,4,5.541,"[5.511, 5.563]",bootstrap_blocs
quic,single,simple_loss1.3_delay62.51ms,ed25519,x25519_hqc128,hybride,server,4,401.555,"[373.941, 429.169]",bootstrap_blocs,4,9.706,"[9.646, 9.764]",bootstrap_blocs
quic,single,simple_loss1.3_delay62.51ms,ed25519,x25519_mlkem512,hybride,client,4,31.988,"[25.235, 38.742]",bootstrap_blocs,4,5.479,"[5.423, 5.551]",bootstrap_blocs
quic,single,simple_loss1.3_delay62.51ms,ed25519,x25519_mlkem512,hybride,server,4,373.861,"[349.883, 397.839]",bootstrap_blocs,4,9.108,"[9.047, 9.170]",bootstrap_blocs
quic,single,simple_loss1.3_delay62.51ms,mldsa44,P-256,classique,client,4,30.723,"[23.474, 37.973]",bootstrap_blocs,4,5.248,"[5.176, 5.311]",bootstrap_blocs
quic,single,simple_loss1.3_delay62.51ms,mldsa44,P-256,classique,server,4,494.039,"[478.183, 515.664]",bootstrap_blocs,4,9.608,"[9.485, 9.689]",bootstrap_blocs
quic,single,simple_loss1.3_delay62.51ms,mldsa44,hqc128,pq_pur,client,4,45.767,"[32.143, 59.390]",bootstrap_blocs,4,5.35,"[5.195, 5.504]",bootstrap_blocs
quic,single,simple_loss1.3_delay62.51ms,mldsa44,hqc128,pq_pur,server,4,554.41,"[543.480, 568.833]",bootstrap_blocs,4,9.713,"[9.580, 9.830]",bootstrap_blocs
quic,single,simple_loss1.3_delay62.51ms,mldsa44,mlkem512,pq_pur,client,4,29.325,"[23.484, 35.165]",bootstrap_blocs,4,5.435,"[5.330, 5.537]",bootstrap_blocs
quic,single,simple_loss1.3_delay62.51ms,mldsa44,mlkem512,pq_pur,server,4,476.45,"[465.525, 485.741]",bootstrap_blocs,4,9.44,"[9.369, 9.512]",bootstrap_blocs
quic,single,simple_loss1.3_delay62.51ms,mldsa44,p256_hqc128,hybride,client,4,50.126,"[39.865, 60.387]",bootstrap_blocs,4,5.791,"[5.734, 5.836]",bootstrap_blocs
quic,single,simple_loss1.3_delay62.51ms,mldsa44,p256_hqc128,hybride,server,4,524.003,"[507.317, 540.689]",bootstrap_blocs,4,10.493,"[10.447, 10.557]",bootstrap_blocs
quic,single,simple_loss1.3_delay62.51ms,mldsa44,p256_mlkem512,hybride,client,4,39.563,"[31.047, 48.079]",bootstrap_blocs,4,5.76,"[5.641, 5.879]",bootstrap_blocs
quic,single,simple_loss1.3_delay62.51ms,mldsa44,p256_mlkem512,hybride,server,4,515.676,"[502.233, 531.313]",bootstrap_blocs,4,10.361,"[10.277, 10.441]",bootstrap_blocs
quic,single,simple_loss1.3_delay62.51ms,mldsa44,x25519,classique,client,4,28.609,"[23.076, 34.143]",bootstrap_blocs,4,5.496,"[5.396, 5.642]",bootstrap_blocs
quic,single,simple_loss1.3_delay62.51ms,mldsa44,x25519,classique,server,4,500.279,"[488.503, 512.055]",bootstrap_blocs,4,9.201,"[9.190, 9.216]",bootstrap_blocs
quic,single,simple_loss1.3_delay62.51ms,mldsa44,x25519_hqc128,hybride,client,4,42.116,"[34.004, 50.227]",bootstrap_blocs,4,5.509,"[5.435, 5.562]",bootstrap_blocs
quic,single,simple_loss1.3_delay62.51ms,mldsa44,x25519_hqc128,hybride,server,4,528.892,"[513.316, 545.671]",bootstrap_blocs,4,9.862,"[9.785, 9.944]",bootstrap_blocs
quic,single,simple_loss1.3_delay62.51ms,mldsa44,x25519_mlkem512,hybride,client,4,31.226,"[24.917, 37.535]",bootstrap_blocs,4,5.473,"[5.428, 5.535]",bootstrap_blocs
quic,single,simple_loss1.3_delay62.51ms,mldsa44,x25519_mlkem512,hybride,server,4,508.723,"[499.237, 517.091]",bootstrap_blocs,4,9.566,"[9.482, 9.650]",bootstrap_blocs
quic,single,simple_loss1.3_delay62.51ms,mldsa65,P-384,classique,client,4,30.974,"[24.592, 37.355]",bootstrap_blocs,4,5.347,"[5.207, 5.486]",bootstrap_blocs
quic,single,simple_loss1.3_delay62.51ms,mldsa65,P-384,classique,server,4,512.491,"[499.593, 523.000]",bootstrap_blocs,4,9.596,"[9.463, 9.672]",bootstrap_blocs
quic,single,simple_loss1.3_delay62.51ms,mldsa65,hqc192,pq_pur,client,4,64.805,"[49.191, 80.419]",bootstrap_blocs,4,5.348,"[5.332, 5.359]",bootstrap_blocs
quic,single,simple_loss1.3_delay62.51ms,mldsa65,hqc192,pq_pur,server,4,594.326,"[563.083, 620.877]",bootstrap_blocs,4,10.082,"[9.924, 10.240]",bootstrap_blocs
quic,single,simple_loss1.3_delay62.51ms,mldsa65,mlkem768,pq_pur,client,4,32.283,"[23.620, 40.946]",bootstrap_blocs,4,5.346,"[5.117, 5.574]",bootstrap_blocs
quic,single,simple_loss1.3_delay62.51ms,mldsa65,mlkem768,pq_pur,server,4,541.331,"[517.407, 568.933]",bootstrap_blocs,4,9.706,"[9.576, 9.836]",bootstrap_blocs
quic,single,simple_loss1.3_delay62.51ms,mldsa65,p384_hqc192,hybride,client,4,69.189,"[56.555, 81.824]",bootstrap_blocs,4,5.848,"[5.752, 5.961]",bootstrap_blocs
quic,single,simple_loss1.3_delay62.51ms,mldsa65,p384_hqc192,hybride,server,4,604.441,"[574.413, 629.351]",bootstrap_blocs,4,11.118,"[10.981, 11.199]",bootstrap_blocs
quic,single,simple_loss1.3_delay62.51ms,mldsa65,p384_mlkem768,hybride,client,4,39.141,"[31.406, 46.876]",bootstrap_blocs,4,5.814,"[5.750, 5.879]",bootstrap_blocs
quic,single,simple_loss1.3_delay62.51ms,mldsa65,p384_mlkem768,hybride,server,4,531.56,"[512.760, 554.321]",bootstrap_blocs,4,10.452,"[10.297, 10.607]",bootstrap_blocs
quic,single,simple_loss1.3_delay62.51ms,mldsa65,x448,classique,client,4,33.549,"[23.772, 43.327]",bootstrap_blocs,4,5.416,"[5.311, 5.521]",bootstrap_blocs
quic,single,simple_loss1.3_delay62.51ms,mldsa65,x448,classique,server,4,522.044,"[482.592, 565.924]",bootstrap_blocs,4,9.32,"[9.014, 9.512]",bootstrap_blocs
quic,single,simple_loss1.3_delay62.51ms,mldsa65,x448_hqc192,hybride,client,4,67.04,"[51.867, 82.213]",bootstrap_blocs,4,5.528,"[5.397, 5.645]",bootstrap_blocs
quic,single,simple_loss1.3_delay62.51ms,mldsa65,x448_hqc192,hybride,server,4,597.628,"[559.358, 634.972]",bootstrap_blocs,4,10.376,"[10.290, 10.459]",bootstrap_blocs
quic,single,simple_loss1.3_delay62.51ms,mldsa65,x448_mlkem768,hybride,client,4,32.736,"[25.376, 40.096]",bootstrap_blocs,4,5.477,"[5.378, 5.559]",bootstrap_blocs
quic,single,simple_loss1.3_delay62.51ms,mldsa65,x448_mlkem768,hybride,server,4,499.1,"[485.033, 514.602]",bootstrap_blocs,4,9.862,"[9.752, 10.024]",bootstrap_blocs
quic,single,simple_loss1.3_delay62.51ms,mldsa87,P-521,classique,client,4,32.626,"[24.519, 40.733]",bootstrap_blocs,4,5.381,"[5.246, 5.537]",bootstrap_blocs
quic,single,simple_loss1.3_delay62.51ms,mldsa87,P-521,classique,server,4,518.381,"[488.024, 540.836]",bootstrap_blocs,4,9.904,"[9.729, 10.008]",bootstrap_blocs
quic,single,simple_loss1.3_delay62.51ms,mldsa87,hqc256,pq_pur,client,4,89.874,"[70.611, 109.138]",bootstrap_blocs,4,5.38,"[5.253, 5.506]",bootstrap_blocs
quic,single,simple_loss1.3_delay62.51ms,mldsa87,hqc256,pq_pur,server,4,1000.464,"[965.810, 1035.119]",bootstrap_blocs,4,11.396,"[11.336, 11.470]",bootstrap_blocs
quic,single,simple_loss1.3_delay62.51ms,mldsa87,mlkem1024,pq_pur,client,4,30.495,"[23.691, 37.299]",bootstrap_blocs,4,5.39,"[5.241, 5.586]",bootstrap_blocs
quic,single,simple_loss1.3_delay62.51ms,mldsa87,mlkem1024,pq_pur,server,4,507.326,"[487.102, 520.940]",bootstrap_blocs,4,10.196,"[10.094, 10.299]",bootstrap_blocs
quic,single,simple_loss1.3_delay62.51ms,mldsa87,p521_hqc256,hybride,client,4,100.921,"[77.924, 123.917]",bootstrap_blocs,4,5.878,"[5.734, 6.021]",bootstrap_blocs
quic,single,simple_loss1.3_delay62.51ms,mldsa87,p521_hqc256,hybride,server,4,1017.273,"[971.353, 1063.193]",bootstrap_blocs,4,12.488,"[12.209, 12.768]",bootstrap_blocs
quic,single,simple_loss1.3_delay62.51ms,mldsa87,p521_mlkem1024,hybride,client,4,43.118,"[31.306, 55.580]",bootstrap_blocs,4,5.751,"[5.621, 5.869]",bootstrap_blocs
quic,single,simple_loss1.3_delay62.51ms,mldsa87,p521_mlkem1024,hybride,server,4,549.541,"[494.545, 602.012]",bootstrap_blocs,4,10.764,"[10.609, 10.918]",bootstrap_blocs
quic,single,simple_loss1.3_delay62.51ms,secp384r1,P-384,classique,client,4,32.868,"[25.843, 39.893]",bootstrap_blocs,4,5.42,"[5.297, 5.562]",bootstrap_blocs
quic,single,simple_loss1.3_delay62.51ms,secp384r1,P-384,classique,server,4,360.424,"[343.094, 377.754]",bootstrap_blocs,4,8.953,"[8.916, 8.977]",bootstrap_blocs
quic,single,simple_loss1.3_delay62.51ms,secp384r1,hqc192,pq_pur,client,4,68.003,"[49.846, 86.161]",bootstrap_blocs,4,5.218,"[5.092, 5.348]",bootstrap_blocs
quic,single,simple_loss1.3_delay62.51ms,secp384r1,hqc192,pq_pur,server,4,461.848,"[434.155, 491.274]",bootstrap_blocs,4,9.931,"[9.773, 10.198]",bootstrap_blocs
quic,single,simple_loss1.3_delay62.51ms,secp384r1,mlkem768,pq_pur,client,4,29.955,"[24.271, 35.638]",bootstrap_blocs,4,5.353,"[5.256, 5.485]",bootstrap_blocs
quic,single,simple_loss1.3_delay62.51ms,secp384r1,mlkem768,pq_pur,server,4,362.843,"[345.697, 379.465]",bootstrap_blocs,4,9.303,"[9.262, 9.334]",bootstrap_blocs
quic,single,simple_loss1.3_delay62.51ms,secp384r1,p384_hqc192,hybride,client,4,71.667,"[57.341, 85.993]",bootstrap_blocs,4,5.821,"[5.670, 6.005]",bootstrap_blocs
quic,single,simple_loss1.3_delay62.51ms,secp384r1,p384_hqc192,hybride,server,4,459.01,"[441.999, 476.022]",bootstrap_blocs,4,10.792,"[10.730, 10.852]",bootstrap_blocs
quic,single,simple_loss1.3_delay62.51ms,secp384r1,p384_mlkem768,hybride,client,4,42.652,"[32.061, 53.243]",bootstrap_blocs,4,5.813,"[5.712, 5.910]",bootstrap_blocs
quic,single,simple_loss1.3_delay62.51ms,secp384r1,p384_mlkem768,hybride,server,4,385.483,"[365.450, 415.110]",bootstrap_blocs,4,10.099,"[10.027, 10.170]",bootstrap_blocs
quic,single,simple_loss1.3_delay62.51ms,secp384r1,x448,classique,client,4,30.2,"[24.465, 35.935]",bootstrap_blocs,4,5.386,"[5.336, 5.455]",bootstrap_blocs
quic,single,simple_loss1.3_delay62.51ms,secp384r1,x448,classique,server,4,374.333,"[356.864, 384.740]",bootstrap_blocs,4,8.841,"[8.738, 8.943]",bootstrap_blocs
quic,single,simple_loss1.3_delay62.51ms,secp384r1,x448_hqc192,hybride,client,4,66.066,"[52.090, 80.042]",bootstrap_blocs,4,5.456,"[5.358, 5.537]",bootstrap_blocs
quic,single,simple_loss1.3_delay62.51ms,secp384r1,x448_hqc192,hybride,server,4,444.724,"[425.156, 469.507]",bootstrap_blocs,4,10.289,"[10.237, 10.332]",bootstrap_blocs
quic,single,simple_loss1.3_delay62.51ms,secp384r1,x448_mlkem768,hybride,client,4,35.289,"[26.201, 44.378]",bootstrap_blocs,4,5.388,"[5.326, 5.461]",bootstrap_blocs
quic,single,simple_loss1.3_delay62.51ms,secp384r1,x448_mlkem768,hybride,server,4,396.413,"[374.285, 423.221]",bootstrap_blocs,4,9.277,"[9.184, 9.371]",bootstrap_blocs
quic,single,simple_loss1.3_delay62.51ms,secp521r1,P-521,classique,client,4,31.572,"[25.385, 37.760]",bootstrap_blocs,4,5.352,"[5.148, 5.576]",bootstrap_blocs
quic,single,simple_loss1.3_delay62.51ms,secp521r1,P-521,classique,server,4,369.201,"[361.905, 376.497]",bootstrap_blocs,4,9.058,"[8.939, 9.177]",bootstrap_blocs
quic,single,simple_loss1.3_delay62.51ms,secp521r1,hqc256,pq_pur,client,4,90.649,"[72.280, 109.018]",bootstrap_blocs,4,5.372,"[5.301, 5.493]",bootstrap_blocs
quic,single,simple_loss1.3_delay62.51ms,secp521r1,hqc256,pq_pur,server,4,979.317,"[946.218, 1012.417]",bootstrap_blocs,4,11.343,"[11.160, 11.454]",bootstrap_blocs
quic,single,simple_loss1.3_delay62.51ms,secp521r1,mlkem1024,pq_pur,client,4,34.192,"[24.932, 43.583]",bootstrap_blocs,4,5.247,"[5.014, 5.440]",bootstrap_blocs
quic,single,simple_loss1.3_delay62.51ms,secp521r1,mlkem1024,pq_pur,server,4,389.492,"[385.131, 394.052]",bootstrap_blocs,4,9.265,"[9.113, 9.416]",bootstrap_blocs
quic,single,simple_loss1.3_delay62.51ms,secp521r1,p521_hqc256,hybride,client,4,95.307,"[77.656, 112.958]",bootstrap_blocs,4,5.891,"[5.785, 5.994]",bootstrap_blocs
quic,single,simple_loss1.3_delay62.51ms,secp521r1,p521_hqc256,hybride,server,4,981.92,"[949.200, 1014.639]",bootstrap_blocs,4,12.331,"[12.153, 12.496]",bootstrap_blocs
quic,single,simple_loss1.3_delay62.51ms,secp521r1,p521_mlkem1024,hybride,client,4,40.818,"[32.524, 49.113]",bootstrap_blocs,4,5.736,"[5.579, 5.822]",bootstrap_blocs
quic,single,simple_loss1.3_delay62.51ms,secp521r1,p521_mlkem1024,hybride,server,4,396.312,"[374.563, 418.061]",bootstrap_blocs,4,10.027,"[9.934, 10.121]",bootstrap_blocs
quic,single,simple_loss1.5833_delay83.52ms,ed25519,P-256,classique,client,4,32.258,"[25.015, 39.501]",bootstrap_blocs,4,5.352,"[5.221, 5.484]",bootstrap_blocs
quic,single,simple_loss1.5833_delay83.52ms,ed25519,P-256,classique,server,4,448.802,"[434.868, 462.736]",bootstrap_blocs,4,9.114,"[8.998, 9.257]",bootstrap_blocs
quic,single,simple_loss1.5833_delay83.52ms,ed25519,hqc128,pq_pur,client,4,46.393,"[33.382, 59.404]",bootstrap_blocs,4,5.224,"[5.162, 5.280]",bootstrap_blocs
quic,single,simple_loss1.5833_delay83.52ms,ed25519,hqc128,pq_pur,server,4,505.725,"[482.966, 528.004]",bootstrap_blocs,4,9.465,"[9.194, 9.660]",bootstrap_blocs
quic,single,simple_loss1.5833_delay83.52ms,ed25519,mlkem512,pq_pur,client,4,31.993,"[23.715, 40.272]",bootstrap_blocs,4,5.331,"[5.176, 5.466]",bootstrap_blocs
quic,single,simple_loss1.5833_delay83.52ms,ed25519,mlkem512,pq_pur,server,4,500.384,"[463.657, 523.530]",bootstrap_blocs,4,9.083,"[8.895, 9.206]",bootstrap_blocs
quic,single,simple_loss1.5833_delay83.52ms,ed25519,p256_hqc128,hybride,client,4,52.742,"[39.457, 66.027]",bootstrap_blocs,4,5.769,"[5.608, 5.871]",bootstrap_blocs
quic,single,simple_loss1.5833_delay83.52ms,ed25519,p256_hqc128,hybride,server,4,503.213,"[477.891, 520.479]",bootstrap_blocs,4,10.311,"[10.208, 10.419]",bootstrap_blocs
quic,single,simple_loss1.5833_delay83.52ms,ed25519,p256_mlkem512,hybride,client,4,41.183,"[29.952, 52.415]",bootstrap_blocs,4,5.639,"[5.492, 5.785]",bootstrap_blocs
quic,single,simple_loss1.5833_delay83.52ms,ed25519,p256_mlkem512,hybride,server,4,494.667,"[450.835, 542.514]",bootstrap_blocs,4,9.971,"[9.811, 10.131]",bootstrap_blocs
quic,single,simple_loss1.5833_delay83.52ms,ed25519,x25519,classique,client,4,32.606,"[23.435, 41.776]",bootstrap_blocs,4,5.52,"[5.334, 5.646]",bootstrap_blocs
quic,single,simple_loss1.5833_delay83.52ms,ed25519,x25519,classique,server,4,459.905,"[442.619, 475.666]",bootstrap_blocs,4,8.787,"[8.712, 8.858]",bootstrap_blocs
quic,single,simple_loss1.5833_delay83.52ms,ed25519,x25519_hqc128,hybride,client,4,44.518,"[33.873, 55.164]",bootstrap_blocs,4,5.317,"[5.205, 5.415]",bootstrap_blocs
quic,single,simple_loss1.5833_delay83.52ms,ed25519,x25519_hqc128,hybride,server,4,492.398,"[476.647, 508.168]",bootstrap_blocs,4,9.814,"[9.739, 9.881]",bootstrap_blocs
quic,single,simple_loss1.5833_delay83.52ms,ed25519,x25519_mlkem512,hybride,client,4,33.537,"[24.475, 42.598]",bootstrap_blocs,4,5.411,"[5.354, 5.498]",bootstrap_blocs
quic,single,simple_loss1.5833_delay83.52ms,ed25519,x25519_mlkem512,hybride,server,4,488.128,"[471.456, 504.799]",bootstrap_blocs,4,9.104,"[9.045, 9.164]",bootstrap_blocs
quic,single,simple_loss1.5833_delay83.52ms,mldsa44,P-256,classique,client,4,31.198,"[23.117, 39.278]",bootstrap_blocs,4,5.226,"[5.149, 5.293]",bootstrap_blocs
quic,single,simple_loss1.5833_delay83.52ms,mldsa44,P-256,classique,server,4,659.865,"[643.691, 681.053]",bootstrap_blocs,4,9.53,"[9.445, 9.615]",bootstrap_blocs
quic,single,simple_loss1.5833_delay83.52ms,mldsa44,hqc128,pq_pur,client,4,43.932,"[33.098, 54.766]",bootstrap_blocs,4,5.396,"[5.349, 5.458]",bootstrap_blocs
quic,single,simple_loss1.5833_delay83.52ms,mldsa44,hqc128,pq_pur,server,4,682.851,"[671.900, 694.205]",bootstrap_blocs,4,9.732,"[9.688, 9.777]",bootstrap_blocs
quic,single,simple_loss1.5833_delay83.52ms,mldsa44,mlkem512,pq_pur,client,4,32.539,"[23.300, 41.778]",bootstrap_blocs,4,5.318,"[5.123, 5.496]",bootstrap_blocs
quic,single,simple_loss1.5833_delay83.52ms,mldsa44,mlkem512,pq_pur,server,4,671.956,"[631.733, 721.997]",bootstrap_blocs,4,9.432,"[9.284, 9.532]",bootstrap_blocs
quic,single,simple_loss1.5833_delay83.52ms,mldsa44,p256_hqc128,hybride,client,4,52.675,"[38.721, 66.629]",bootstrap_blocs,4,5.582,"[5.473, 5.658]",bootstrap_blocs
quic,single,simple_loss1.5833_delay83.52ms,mldsa44,p256_hqc128,hybride,server,4,665.461,"[635.718, 692.609]",bootstrap_blocs,4,10.406,"[10.220, 10.551]",bootstrap_blocs
quic,single,simple_loss1.5833_delay83.52ms,mldsa44,p256_mlkem512,hybride,client,4,41.932,"[30.296, 53.567]",bootstrap_blocs,4,5.7,"[5.547, 5.854]",bootstrap_blocs
quic,single,simple_loss1.5833_delay83.52ms,mldsa44,p256_mlkem512,hybride,server,4,645.772,"[613.460, 678.085]",bootstrap_blocs,4,10.35,"[10.305, 10.395]",bootstrap_blocs
quic,single,simple_loss1.5833_delay83.52ms,mldsa44,x25519,classique,client,4,30.736,"[23.454, 38.017]",bootstrap_blocs,4,5.342,"[5.123, 5.520]",bootstrap_blocs
quic,single,simple_loss1.5833_delay83.52ms,mldsa44,x25519,classique,server,4,646.927,"[641.747, 652.107]",bootstrap_blocs,4,9.073,"[8.879, 9.258]",bootstrap_blocs
quic,single,simple_loss1.5833_delay83.52ms,mldsa44,x25519_hqc128,hybride,client,4,45.663,"[34.332, 56.994]",bootstrap_blocs,4,5.333,"[5.256, 5.409]",bootstrap_blocs
quic,single,simple_loss1.5833_delay83.52ms,mldsa44,x25519_hqc128,hybride,server,4,681.145,"[660.438, 701.852]",bootstrap_blocs,4,9.854,"[9.656, 10.047]",bootstrap_blocs
quic,single,simple_loss1.5833_delay83.52ms,mldsa44,x25519_mlkem512,hybride,client,4,33.65,"[25.099, 42.201]",bootstrap_blocs,4,5.415,"[5.328, 5.502]",bootstrap_blocs
quic,single,simple_loss1.5833_delay83.52ms,mldsa44,x25519_mlkem512,hybride,server,4,652.052,"[623.775, 680.330]",bootstrap_blocs,4,9.53,"[9.496, 9.576]",bootstrap_blocs
quic,single,simple_loss1.5833_delay83.52ms,mldsa65,P-384,classique,client,4,34.018,"[24.909, 43.128]",bootstrap_blocs,4,5.41,"[5.312, 5.508]",bootstrap_blocs
quic,single,simple_loss1.5833_delay83.52ms,mldsa65,P-384,classique,server,4,670.734,"[638.689, 702.778]",bootstrap_blocs,4,9.655,"[9.577, 9.725]",bootstrap_blocs
quic,single,simple_loss1.5833_delay83.52ms,mldsa65,hqc192,pq_pur,client,4,66.551,"[49.897, 83.204]",bootstrap_blocs,4,5.375,"[5.208, 5.529]",bootstrap_blocs
quic,single,simple_loss1.5833_delay83.52ms,mldsa65,hqc192,pq_pur,server,4,741.154,"[697.951, 784.358]",bootstrap_blocs,4,10.05,"[9.855, 10.258]",bootstrap_blocs
quic,single,simple_loss1.5833_delay83.52ms,mldsa65,mlkem768,pq_pur,client,4,31.893,"[23.625, 40.161]",bootstrap_blocs,4,5.414,"[5.262, 5.566]",bootstrap_blocs
quic,single,simple_loss1.5833_delay83.52ms,mldsa65,mlkem768,pq_pur,server,4,653.333,"[646.402, 660.851]",bootstrap_blocs,4,9.841,"[9.762, 9.942]",bootstrap_blocs
quic,single,simple_loss1.5833_delay83.52ms,mldsa65,p384_hqc192,hybride,client,4,74.544,"[57.707, 91.381]",bootstrap_blocs,4,5.772,"[5.703, 5.842]",bootstrap_blocs
quic,single,simple_loss1.5833_delay83.52ms,mldsa65,p384_hqc192,hybride,server,4,762.096,"[715.183, 811.876]",bootstrap_blocs,4,10.977,"[10.900, 11.031]",bootstrap_blocs
quic,single,simple_loss1.5833_delay83.52ms,mldsa65,p384_mlkem768,hybride,client,4,41.526,"[31.233, 51.820]",bootstrap_blocs,4,5.754,"[5.598, 5.885]",bootstrap_blocs
quic,single,simple_loss1.5833_delay83.52ms,mldsa65,p384_mlkem768,hybride,server,4,671.257,"[649.384, 699.961]",bootstrap_blocs,4,10.541,"[10.250, 10.701]",bootstrap_blocs
quic,single,simple_loss1.5833_delay83.52ms,mldsa65,x448,classique,client,4,32.294,"[23.631, 40.958]",bootstrap_blocs,4,5.275,"[5.156, 5.395]",bootstrap_blocs
quic,single,simple_loss1.5833_delay83.52ms,mldsa65,x448,classique,server,4,665.209,"[634.933, 697.724]",bootstrap_blocs,4,9.426,"[9.312, 9.527]",bootstrap_blocs
quic,single,simple_loss1.5833_delay83.52ms,mldsa65,x448_hqc192,hybride,client,4,68.204,"[52.564, 83.845]",bootstrap_blocs,4,5.341,"[5.259, 5.414]",bootstrap_blocs
quic,single,simple_loss1.5833_delay83.52ms,mldsa65,x448_hqc192,hybride,server,4,730.289,"[679.659, 780.918]",bootstrap_blocs,4,10.301,"[10.244, 10.357]",bootstrap_blocs
quic,single,simple_loss1.5833_delay83.52ms,mldsa65,x448_mlkem768,hybride,client,4,34.564,"[25.486, 43.641]",bootstrap_blocs,4,5.483,"[5.292, 5.734]",bootstrap_blocs
quic,single,simple_loss1.5833_delay83.52ms,mldsa65,x448_mlkem768,hybride,server,4,643.378,"[622.310, 672.103]",bootstrap_blocs,4,9.946,"[9.781, 10.122]",bootstrap_blocs
quic,single,simple_loss1.5833_delay83.52ms,mldsa87,P-521,classique,client,4,33.297,"[24.599, 41.996]",bootstrap_blocs,4,5.415,"[5.324, 5.577]",bootstrap_blocs
quic,single,simple_loss1.5833_delay83.52ms,mldsa87,P-521,classique,server,4,676.332,"[637.228, 726.404]",bootstrap_blocs,4,9.972,"[9.945, 9.998]",bootstrap_blocs
quic,single,simple_loss1.5833_delay83.52ms,mldsa87,hqc256,pq_pur,client,4,92.81,"[70.413, 115.207]",bootstrap_blocs,4,5.391,"[5.253, 5.534]",bootstrap_blocs
quic,single,simple_loss1.5833_delay83.52ms,mldsa87,hqc256,pq_pur,server,4,1263.605,"[1229.036, 1284.498]",bootstrap_blocs,4,11.284,"[11.100, 11.394]",bootstrap_blocs
quic,single,simple_loss1.5833_delay83.52ms,mldsa87,mlkem1024,pq_pur,client,4,32.083,"[23.271, 40.896]",bootstrap_blocs,4,5.316,"[5.209, 5.436]",bootstrap_blocs
quic,single,simple_loss1.5833_delay83.52ms,mldsa87,mlkem1024,pq_pur,server,4,663.873,"[650.054, 683.614]",bootstrap_blocs,4,10.193,"[10.143, 10.256]",bootstrap_blocs
quic,single,simple_loss1.5833_delay83.52ms,mldsa87,p521_hqc256,hybride,client,4,102.046,"[77.364, 126.728]",bootstrap_blocs,4,5.893,"[5.782, 5.959]",bootstrap_blocs
quic,single,simple_loss1.5833_delay83.52ms,mldsa87,p521_hqc256,hybride,server,4,1277.303,"[1221.448, 1330.932]",bootstrap_blocs,4,12.407,"[12.146, 12.710]",bootstrap_blocs
quic,single,simple_loss1.5833_delay83.52ms,mldsa87,p521_mlkem1024,hybride,client,4,42.14,"[31.344, 52.935]",bootstrap_blocs,4,5.721,"[5.540, 5.885]",bootstrap_blocs
quic,single,simple_loss1.5833_delay83.52ms,mldsa87,p521_mlkem1024,hybride,server,4,705.141,"[700.002, 710.586]",bootstrap_blocs,4,10.953,"[10.857, 11.043]",bootstrap_blocs
quic,single,simple_loss1.5833_delay83.52ms,secp384r1,P-384,classique,client,4,34.159,"[25.554, 42.765]",bootstrap_blocs,4,5.188,"[5.050, 5.295]",bootstrap_blocs
quic,single,simple_loss1.5833_delay83.52ms,secp384r1,P-384,classique,server,4,463.766,"[447.200, 481.460]",bootstrap_blocs,4,8.889,"[8.801, 8.961]",bootstrap_blocs
quic,single,simple_loss1.5833_delay83.52ms,secp384r1,hqc192,pq_pur,client,4,65.946,"[50.886, 81.005]",bootstrap_blocs,4,5.467,"[5.356, 5.626]",bootstrap_blocs
quic,single,simple_loss1.5833_delay83.52ms,secp384r1,hqc192,pq_pur,server,4,552.284,"[521.827, 602.796]",bootstrap_blocs,4,10.153,"[9.957, 10.313]",bootstrap_blocs
quic,single,simple_loss1.5833_delay83.52ms,secp384r1,mlkem768,pq_pur,client,4,33.101,"[24.255, 41.947]",bootstrap_blocs,4,5.32,"[5.182, 5.459]",bootstrap_blocs
quic,single,simple_loss1.5833_delay83.52ms,secp384r1,mlkem768,pq_pur,server,4,476.654,"[460.574, 493.394]",bootstrap_blocs,4,9.229,"[9.143, 9.314]",bootstrap_blocs
quic,single,simple_loss1.5833_delay83.52ms,secp384r1,p384_hqc192,hybride,client,4,76.478,"[57.960, 94.996]",bootstrap_blocs,4,5.732,"[5.693, 5.758]",bootstrap_blocs
quic,single,simple_loss1.5833_delay83.52ms,secp384r1,p384_hqc192,hybride,server,4,585.283,"[545.001, 626.238]",bootstrap_blocs,4,10.837,"[10.777, 10.896]",bootstrap_blocs
quic,single,simple_loss1.5833_delay83.52ms,secp384r1,p384_mlkem768,hybride,client,4,47.596,"[37.029, 55.944]",bootstrap_blocs,4,5.716,"[5.480, 5.880]",bootstrap_blocs
quic,single,simple_loss1.5833_delay83.52ms,secp384r1,p384_mlkem768,hybride,server,4,504.539,"[491.354, 517.764]",bootstrap_blocs,4,10.101,"[10.039, 10.171]",bootstrap_blocs
quic,single,simple_loss1.5833_delay83.52ms,secp384r1,x448,classique,client,4,33.372,"[24.532, 42.211]",bootstrap_blocs,4,5.329,"[5.245, 5.395]",bootstrap_blocs
quic,single,simple_loss1.5833_delay83.52ms,secp384r1,x448,classique,server,4,454.485,"[446.022, 460.866]",bootstrap_blocs,4,8.82,"[8.799, 8.842]",bootstrap_blocs
quic,single,simple_loss1.5833_delay83.52ms,secp384r1,x448_hqc192,hybride,client,4,69.544,"[52.386, 86.702]",bootstrap_blocs,4,5.468,"[5.385, 5.540]",bootstrap_blocs
quic,single,simple_loss1.5833_delay83.52ms,secp384r1,x448_hqc192,hybride,server,4,551.698,"[521.946, 594.533]",bootstrap_blocs,4,10.299,"[10.148, 10.449]",bootstrap_blocs
quic,single,simple_loss1.5833_delay83.52ms,secp384r1,x448_mlkem768,hybride,client,4,34.594,"[26.188, 43.001]",bootstrap_blocs,4,5.391,"[5.248, 5.539]",bootstrap_blocs
quic,single,simple_loss1.5833_delay83.52ms,secp384r1,x448_mlkem768,hybride,server,4,491.995,"[478.852, 509.383]",bootstrap_blocs,4,9.291,"[9.231, 9.350]",bootstrap_blocs
quic,single,simple_loss1.5833_delay83.52ms,secp521r1,P-521,classique,client,4,37.935,"[29.804, 43.338]",bootstrap_blocs,4,5.532,"[5.436, 5.617]",bootstrap_blocs
quic,single,simple_loss1.5833_delay83.52ms,secp521r1,P-521,classique,server,4,465.275,"[439.364, 484.223]",bootstrap_blocs,4,8.898,"[8.824, 8.973]",bootstrap_blocs
quic,single,simple_loss1.5833_delay83.52ms,secp521r1,hqc256,pq_pur,client,4,93.848,"[71.597, 116.098]",bootstrap_blocs,4,5.445,"[5.336, 5.555]",bootstrap_blocs
quic,single,simple_loss1.5833_delay83.52ms,secp521r1,hqc256,pq_pur,server,4,1217.297,"[1177.445, 1261.702]",bootstrap_blocs,4,11.54,"[11.468, 11.607]",bootstrap_blocs
quic,single,simple_loss1.5833_delay83.52ms,secp521r1,mlkem1024,pq_pur,client,4,33.0,"[24.450, 41.549]",bootstrap_blocs,4,5.332,"[5.217, 5.461]",bootstrap_blocs
quic,single,simple_loss1.5833_delay83.52ms,secp521r1,mlkem1024,pq_pur,server,4,480.811,"[445.939, 512.447]",bootstrap_blocs,4,9.373,"[9.283, 9.477]",bootstrap_blocs
quic,single,simple_loss1.5833_delay83.52ms,secp521r1,p521_hqc256,hybride,client,4,100.636,"[77.868, 123.404]",bootstrap_blocs,4,5.761,"[5.671, 5.838]",bootstrap_blocs
quic,single,simple_loss1.5833_delay83.52ms,secp521r1,p521_hqc256,hybride,server,4,1240.597,"[1203.941, 1277.252]",bootstrap_blocs,4,12.348,"[12.286, 12.405]",bootstrap_blocs
quic,single,simple_loss1.5833_delay83.52ms,secp521r1,p521_mlkem1024,hybride,client,4,43.409,"[32.430, 54.388]",bootstrap_blocs,4,5.7,"[5.551, 5.850]",bootstrap_blocs
quic,single,simple_loss1.5833_delay83.52ms,secp521r1,p521_mlkem1024,hybride,server,4,488.605,"[449.634, 527.576]",bootstrap_blocs,4,10.049,"[9.922, 10.176]",bootstrap_blocs
quic,single,stable,ed25519,P-256,classique,client,4,23.334,"[22.897, 23.989]",bootstrap_blocs,4,5.659,"[5.332, 6.286]",bootstrap_blocs
quic,single,stable,ed25519,P-256,classique,server,4,491.954,"[431.401, 537.008]",bootstrap_blocs,4,10.667,"[8.482, 14.837]",bootstrap_blocs
quic,single,stable,ed25519,hqc128,pq_pur,client,4,32.862,"[32.477, 33.258]",bootstrap_blocs,4,5.502,"[5.455, 5.564]",bootstrap_blocs
quic,single,stable,ed25519,hqc128,pq_pur,server,4,287.109,"[260.968, 313.250]",bootstrap_blocs,4,9.281,"[9.121, 9.396]",bootstrap_blocs
quic,single,stable,ed25519,mlkem512,pq_pur,client,4,22.915,"[22.373, 23.712]",bootstrap_blocs,4,5.337,"[5.172, 5.474]",bootstrap_blocs
quic,single,stable,ed25519,mlkem512,pq_pur,server,4,398.014,"[389.946, 410.731]",bootstrap_blocs,4,8.56,"[8.465, 8.677]",bootstrap_blocs
quic,single,stable,ed25519,p256_hqc128,hybride,client,4,39.978,"[38.566, 42.191]",bootstrap_blocs,4,5.92,"[5.754, 6.043]",bootstrap_blocs
quic,single,stable,ed25519,p256_hqc128,hybride,server,4,323.963,"[283.725, 364.200]",bootstrap_blocs,4,10.062,"[9.986, 10.139]",bootstrap_blocs
quic,single,stable,ed25519,p256_mlkem512,hybride,client,4,30.555,"[29.456, 32.052]",bootstrap_blocs,4,5.88,"[5.776, 5.975]",bootstrap_blocs
quic,single,stable,ed25519,p256_mlkem512,hybride,server,4,376.946,"[318.952, 439.097]",bootstrap_blocs,4,9.446,"[9.425, 9.467]",bootstrap_blocs
quic,single,stable,ed25519,x25519,classique,client,4,23.341,"[22.481, 24.206]",bootstrap_blocs,4,5.351,"[5.270, 5.399]",bootstrap_blocs
quic,single,stable,ed25519,x25519,classique,server,4,499.878,"[409.746, 616.995]",bootstrap_blocs,4,8.504,"[8.416, 8.592]",bootstrap_blocs
quic,single,stable,ed25519,x25519_hqc128,hybride,client,4,34.052,"[33.416, 34.688]",bootstrap_blocs,4,5.724,"[5.625, 5.822]",bootstrap_blocs
quic,single,stable,ed25519,x25519_hqc128,hybride,server,4,318.468,"[291.486, 344.346]",bootstrap_blocs,4,9.461,"[9.416, 9.506]",bootstrap_blocs
quic,single,stable,ed25519,x25519_mlkem512,hybride,client,4,24.472,"[24.374, 24.553]",bootstrap_blocs,4,5.616,"[5.594, 5.639]",bootstrap_blocs
quic,single,stable,ed25519,x25519_mlkem512,hybride,server,4,394.312,"[352.389, 440.551]",bootstrap_blocs,4,8.728,"[8.601, 8.824]",bootstrap_blocs
quic,single,stable,mldsa44,P-256,classique,client,4,23.698,"[22.593, 25.402]",bootstrap_blocs,4,5.439,"[5.334, 5.545]",bootstrap_blocs
quic,single,stable,mldsa44,P-256,classique,server,4,467.624,"[432.443, 499.089]",bootstrap_blocs,4,9.083,"[9.025, 9.138]",bootstrap_blocs
quic,single,stable,mldsa44,hqc128,pq_pur,client,4,32.869,"[32.340, 33.397]",bootstrap_blocs,4,5.441,"[5.251, 5.605]",bootstrap_blocs
quic,single,stable,mldsa44,hqc128,pq_pur,server,4,339.794,"[298.726, 382.514]",bootstrap_blocs,4,9.406,"[9.313, 9.482]",bootstrap_blocs
quic,single,stable,mldsa44,mlkem512,pq_pur,client,4,23.868,"[23.281, 24.507]",bootstrap_blocs,4,5.46,"[5.376, 5.543]",bootstrap_blocs
quic,single,stable,mldsa44,mlkem512,pq_pur,server,4,534.69,"[456.588, 642.421]",bootstrap_blocs,4,9.104,"[8.942, 9.215]",bootstrap_blocs
quic,single,stable,mldsa44,p256_hqc128,hybride,client,4,40.122,"[39.015, 41.742]",bootstrap_blocs,4,5.895,"[5.746, 6.004]",bootstrap_blocs
quic,single,stable,mldsa44,p256_hqc128,hybride,server,4,378.719,"[345.842, 423.299]",bootstrap_blocs,4,10.029,"[9.967, 10.092]",bootstrap_blocs
quic,single,stable,mldsa44,p256_mlkem512,hybride,client,4,30.27,"[29.338, 31.482]",bootstrap_blocs,4,6.051,"[5.988, 6.113]",bootstrap_blocs
quic,single,stable,mldsa44,p256_mlkem512,hybride,server,4,417.235,"[392.051, 445.836]",bootstrap_blocs,4,9.692,"[9.471, 9.809]",bootstrap_blocs
quic,single,stable,mldsa44,x25519,classique,client,4,23.037,"[22.842, 23.232]",bootstrap_blocs,4,5.43,"[5.319, 5.579]",bootstrap_blocs
quic,single,stable,mldsa44,x25519,classique,server,4,554.777,"[466.209, 636.174]",bootstrap_blocs,4,8.813,"[8.613, 8.987]",bootstrap_blocs
quic,single,stable,mldsa44,x25519_hqc128,hybride,client,4,34.691,"[33.901, 35.877]",bootstrap_blocs,4,5.65,"[5.560, 5.737]",bootstrap_blocs
quic,single,stable,mldsa44,x25519_hqc128,hybride,server,4,342.88,"[278.596, 407.163]",bootstrap_blocs,4,9.522,"[9.468, 9.562]",bootstrap_blocs
quic,single,stable,mldsa44,x25519_mlkem512,hybride,client,4,25.441,"[24.214, 27.212]",bootstrap_blocs,4,5.601,"[5.462, 5.711]",bootstrap_blocs
quic,single,stable,mldsa44,x25519_mlkem512,hybride,server,4,412.107,"[395.156, 428.154]",bootstrap_blocs,4,9.078,"[8.947, 9.209]",bootstrap_blocs
quic,single,stable,mldsa65,P-384,classique,client,4,24.843,"[23.987, 25.893]",bootstrap_blocs,4,5.354,"[5.248, 5.464]",bootstrap_blocs
quic,single,stable,mldsa65,P-384,classique,server,4,956.829,"[778.954, 1189.143]",bootstrap_blocs,4,9.452,"[9.399, 9.537]",bootstrap_blocs
quic,single,stable,mldsa65,hqc192,pq_pur,client,4,50.244,"[49.375, 51.505]",bootstrap_blocs,4,5.571,"[5.455, 5.650]",bootstrap_blocs
quic,single,stable,mldsa65,hqc192,pq_pur,server,4,384.099,"[350.961, 415.988]",bootstrap_blocs,4,10.088,"[9.971, 10.203]",bootstrap_blocs
quic,single,stable,mldsa65,mlkem768,pq_pur,client,4,24.508,"[23.710, 25.733]",bootstrap_blocs,4,5.436,"[5.375, 5.499]",bootstrap_blocs
quic,single,stable,mldsa65,mlkem768,pq_pur,server,4,617.576,"[557.217, 663.916]",bootstrap_blocs,4,9.49,"[9.451, 9.533]",bootstrap_blocs
quic,single,stable,mldsa65,p384_hqc192,hybride,client,4,57.891,"[56.304, 59.887]",bootstrap_blocs,4,6.033,"[5.864, 6.185]",bootstrap_blocs
quic,single,stable,mldsa65,p384_hqc192,hybride,server,4,381.394,"[347.020, 432.153]",bootstrap_blocs,4,10.839,"[10.695, 11.005]",bootstrap_blocs
quic,single,stable,mldsa65,p384_mlkem768,hybride,client,4,32.685,"[32.030, 33.373]",bootstrap_blocs,4,5.946,"[5.775, 6.078]",bootstrap_blocs
quic,single,stable,mldsa65,p384_mlkem768,hybride,server,4,547.535,"[479.535, 617.980]",bootstrap_blocs,4,10.207,"[10.091, 10.333]",bootstrap_blocs
quic,single,stable,mldsa65,x448,classique,client,4,24.147,"[23.351, 25.376]",bootstrap_blocs,4,5.416,"[5.325, 5.544]",bootstrap_blocs
quic,single,stable,mldsa65,x448,classique,server,4,764.203,"[716.758, 814.471]",bootstrap_blocs,4,9.229,"[9.157, 9.294]",bootstrap_blocs
quic,single,stable,mldsa65,x448_hqc192,hybride,client,4,52.477,"[51.385, 54.515]",bootstrap_blocs,4,5.649,"[5.525, 5.751]",bootstrap_blocs
quic,single,stable,mldsa65,x448_hqc192,hybride,server,4,399.667,"[373.434, 420.345]",bootstrap_blocs,4,10.252,"[10.199, 10.325]",bootstrap_blocs
quic,single,stable,mldsa65,x448_mlkem768,hybride,client,4,27.05,"[26.100, 28.153]",bootstrap_blocs,4,5.534,"[5.427, 5.611]",bootstrap_blocs
quic,single,stable,mldsa65,x448_mlkem768,hybride,server,4,677.312,"[619.927, 734.698]",bootstrap_blocs,4,9.569,"[9.547, 9.592]",bootstrap_blocs
quic,single,stable,mldsa87,P-521,classique,client,4,24.684,"[23.841, 25.616]",bootstrap_blocs,4,5.318,"[5.252, 5.393]",bootstrap_blocs
quic,single,stable,mldsa87,P-521,classique,server,4,862.39,"[768.359, 979.401]",bootstrap_blocs,4,9.409,"[9.121, 9.604]",bootstrap_blocs
quic,single,stable,mldsa87,hqc256,pq_pur,client,4,71.508,"[70.474, 73.014]",bootstrap_blocs,4,5.553,"[5.418, 5.688]",bootstrap_blocs
quic,single,stable,mldsa87,hqc256,pq_pur,server,4,412.531,"[377.134, 447.927]",bootstrap_blocs,4,12.006,"[11.830, 12.188]",bootstrap_blocs
quic,single,stable,mldsa87,mlkem1024,pq_pur,client,4,25.539,"[24.552, 27.147]",bootstrap_blocs,4,5.535,"[5.475, 5.594]",bootstrap_blocs
quic,single,stable,mldsa87,mlkem1024,pq_pur,server,4,694.421,"[540.977, 822.673]",bootstrap_blocs,4,9.851,"[9.693, 10.116]",bootstrap_blocs
quic,single,stable,mldsa87,p521_hqc256,hybride,client,4,77.539,"[76.812, 77.975]",bootstrap_blocs,4,6.105,"[6.012, 6.250]",bootstrap_blocs
quic,single,stable,mldsa87,p521_hqc256,hybride,server,4,502.628,"[445.485, 559.771]",bootstrap_blocs,4,12.636,"[12.274, 12.926]",bootstrap_blocs
quic,single,stable,mldsa87,p521_mlkem1024,hybride,client,4,32.723,"[31.562, 34.009]",bootstrap_blocs,4,5.94,"[5.749, 6.055]",bootstrap_blocs
quic,single,stable,mldsa87,p521_mlkem1024,hybride,server,4,618.594,"[520.475, 734.057]",bootstrap_blocs,4,10.526,"[10.460, 10.590]",bootstrap_blocs
quic,single,stable,secp384r1,P-384,classique,client,4,26.053,"[25.046, 27.738]",bootstrap_blocs,4,5.419,"[5.342, 5.540]",bootstrap_blocs
quic,single,stable,secp384r1,P-384,classique,server,4,588.297,"[540.663, 662.621]",bootstrap_blocs,4,8.418,"[8.287, 8.516]",bootstrap_blocs
quic,single,stable,secp384r1,hqc192,pq_pur,client,4,51.069,"[50.619, 51.812]",bootstrap_blocs,4,5.423,"[5.350, 5.463]",bootstrap_blocs
quic,single,stable,secp384r1,hqc192,pq_pur,server,4,358.634,"[302.305, 433.254]",bootstrap_blocs,4,10.429,"[10.324, 10.533]",bootstrap_blocs
quic,single,stable,secp384r1,mlkem768,pq_pur,client,4,24.894,"[24.056, 25.732]",bootstrap_blocs,4,5.409,"[5.215, 5.585]",bootstrap_blocs
quic,single,stable,secp384r1,mlkem768,pq_pur,server,4,357.111,"[328.822, 385.400]",bootstrap_blocs,4,8.624,"[8.539, 8.709]",bootstrap_blocs
quic,single,stable,secp384r1,p384_hqc192,hybride,client,4,58.741,"[57.534, 60.794]",bootstrap_blocs,4,5.96,"[5.727, 6.109]",bootstrap_blocs
quic,single,stable,secp384r1,p384_hqc192,hybride,server,4,423.527,"[395.872, 448.257]",bootstrap_blocs,4,11.189,"[11.064, 11.324]",bootstrap_blocs
quic,single,stable,secp384r1,p384_mlkem768,hybride,client,4,32.279,"[31.434, 33.597]",bootstrap_blocs,4,5.865,"[5.701, 6.002]",bootstrap_blocs
quic,single,stable,secp384r1,p384_mlkem768,hybride,server,4,367.923,"[317.977, 413.245]",bootstrap_blocs,4,9.444,"[9.211, 9.568]",bootstrap_blocs
quic,single,stable,secp384r1,x448,classique,client,4,24.378,"[23.789, 25.446]",bootstrap_blocs,4,5.531,"[5.457, 5.592]",bootstrap_blocs
quic,single,stable,secp384r1,x448,classique,server,4,440.303,"[371.612, 499.917]",bootstrap_blocs,4,8.473,"[8.442, 8.530]",bootstrap_blocs
quic,single,stable,secp384r1,x448_hqc192,hybride,client,4,53.568,"[52.558, 55.295]",bootstrap_blocs,4,5.673,"[5.464, 5.838]",bootstrap_blocs
quic,single,stable,secp384r1,x448_hqc192,hybride,server,4,384.275,"[325.717, 465.754]",bootstrap_blocs,4,10.806,"[10.609, 11.002]",bootstrap_blocs
quic,single,stable,secp384r1,x448_mlkem768,hybride,client,4,26.878,"[26.121, 28.100]",bootstrap_blocs,4,5.618,"[5.506, 5.731]",bootstrap_blocs
quic,single,stable,secp384r1,x448_mlkem768,hybride,server,4,381.888,"[288.707, 475.070]",bootstrap_blocs,4,8.764,"[8.533, 8.951]",bootstrap_blocs
quic,single,stable,secp521r1,P-521,classique,client,4,24.75,"[24.556, 25.085]",bootstrap_blocs,4,5.433,"[5.215, 5.660]",bootstrap_blocs
quic,single,stable,secp521r1,P-521,classique,server,4,472.796,"[423.824, 507.457]",bootstrap_blocs,4,8.395,"[8.273, 8.510]",bootstrap_blocs
quic,single,stable,secp521r1,hqc256,pq_pur,client,4,72.392,"[70.958, 74.626]",bootstrap_blocs,4,5.537,"[5.298, 5.759]",bootstrap_blocs
quic,single,stable,secp521r1,hqc256,pq_pur,server,4,369.259,"[339.089, 393.307]",bootstrap_blocs,4,11.754,"[11.523, 11.984]",bootstrap_blocs
quic,single,stable,secp521r1,mlkem1024,pq_pur,client,4,24.368,"[23.631, 25.582]",bootstrap_blocs,4,5.52,"[5.408, 5.674]",bootstrap_blocs
quic,single,stable,secp521r1,mlkem1024,pq_pur,server,4,385.194,"[314.364, 456.024]",bootstrap_blocs,4,8.748,"[8.584, 8.879]",bootstrap_blocs
quic,single,stable,secp521r1,p521_hqc256,hybride,client,4,79.466,"[77.967, 81.608]",bootstrap_blocs,4,6.04,"[5.854, 6.237]",bootstrap_blocs
quic,single,stable,secp521r1,p521_hqc256,hybride,server,4,450.927,"[424.704, 489.898]",bootstrap_blocs,4,12.538,"[12.394, 12.688]",bootstrap_blocs
quic,single,stable,secp521r1,p521_mlkem1024,hybride,client,4,32.225,"[31.438, 33.479]",bootstrap_blocs,4,5.983,"[5.768, 6.153]",bootstrap_blocs
quic,single,stable,secp521r1,p521_mlkem1024,hybride,server,4,351.437,"[310.879, 391.994]",bootstrap_blocs,4,9.645,"[9.616, 9.679]",bootstrap_blocs
quic,single,unstable,ed25519,P-256,classique,client,4,25.349,"[22.766, 30.508]",bootstrap_blocs,4,5.402,"[5.305, 5.513]",bootstrap_blocs
quic,single,unstable,ed25519,P-256,classique,server,4,1534.721,"[1382.147, 1711.564]",bootstrap_blocs,4,8.925,"[8.730, 9.119]",bootstrap_blocs
quic,single,unstable,ed25519,hqc128,pq_pur,client,4,36.156,"[32.077, 43.833]",bootstrap_blocs,4,5.492,"[5.405, 5.644]",bootstrap_blocs
quic,single,unstable,ed25519,hqc128,pq_pur,server,4,944.345,"[805.926, 1037.524]",bootstrap_blocs,4,9.31,"[9.138, 9.422]",bootstrap_blocs
quic,single,unstable,ed25519,mlkem512,pq_pur,client,4,25.344,"[22.475, 30.706]",bootstrap_blocs,4,5.44,"[5.328, 5.565]",bootstrap_blocs
quic,single,unstable,ed25519,mlkem512,pq_pur,server,4,1423.466,"[1346.972, 1504.080]",bootstrap_blocs,4,9.034,"[8.893, 9.132]",bootstrap_blocs
quic,single,unstable,ed25519,p256_hqc128,hybride,client,4,43.413,"[38.316, 52.879]",bootstrap_blocs,4,6.04,"[5.904, 6.176]",bootstrap_blocs
quic,single,unstable,ed25519,p256_hqc128,hybride,server,4,1153.245,"[990.779, 1321.385]",bootstrap_blocs,4,10.009,"[9.926, 10.103]",bootstrap_blocs
quic,single,unstable,ed25519,p256_mlkem512,hybride,client,4,33.796,"[29.322, 42.539]",bootstrap_blocs,4,5.951,"[5.798, 6.175]",bootstrap_blocs
quic,single,unstable,ed25519,p256_mlkem512,hybride,server,4,1231.385,"[1104.382, 1439.745]",bootstrap_blocs,4,9.722,"[9.666, 9.769]",bootstrap_blocs
quic,single,unstable,ed25519,x25519,classique,client,4,25.251,"[22.596, 30.370]",bootstrap_blocs,4,5.341,"[5.299, 5.404]",bootstrap_blocs
quic,single,unstable,ed25519,x25519,classique,server,4,1623.143,"[1392.455, 1853.831]",bootstrap_blocs,4,8.601,"[8.369, 8.769]",bootstrap_blocs
quic,single,unstable,ed25519,x25519_hqc128,hybride,client,4,38.515,"[33.992, 46.853]",bootstrap_blocs,4,5.589,"[5.485, 5.668]",bootstrap_blocs
quic,single,unstable,ed25519,x25519_hqc128,hybride,server,4,1138.301,"[934.848, 1336.692]",bootstrap_blocs,4,9.512,"[9.381, 9.660]",bootstrap_blocs
quic,single,unstable,ed25519,x25519_mlkem512,hybride,client,4,27.459,"[24.133, 32.967]",bootstrap_blocs,4,5.612,"[5.475, 5.750]",bootstrap_blocs
quic,single,unstable,ed25519,x25519_mlkem512,hybride,server,4,1249.128,"[1059.230, 1524.572]",bootstrap_blocs,4,8.9,"[8.841, 8.974]",bootstrap_blocs
quic,single,unstable,mldsa44,P-256,classique,client,4,23.29,"[22.818, 23.971]",bootstrap_blocs,4,5.406,"[5.243, 5.551]",bootstrap_blocs
quic,single,unstable,mldsa44,P-256,classique,server,4,1770.419,"[1448.952, 2201.588]",bootstrap_blocs,4,9.327,"[9.205, 9.530]",bootstrap_blocs
quic,single,unstable,mldsa44,hqc128,pq_pur,client,4,38.232,"[32.485, 49.526]",bootstrap_blocs,4,5.408,"[5.341, 5.509]",bootstrap_blocs
quic,single,unstable,mldsa44,hqc128,pq_pur,server,4,1780.614,"[1590.177, 2024.035]",bootstrap_blocs,4,9.619,"[9.539, 9.699]",bootstrap_blocs
quic,single,unstable,mldsa44,mlkem512,pq_pur,client,4,26.897,"[22.935, 34.541]",bootstrap_blocs,4,5.495,"[5.490, 5.501]",bootstrap_blocs
quic,single,unstable,mldsa44,mlkem512,pq_pur,server,4,1863.823,"[1813.809, 1907.968]",bootstrap_blocs,4,9.355,"[9.324, 9.387]",bootstrap_blocs
quic,single,unstable,mldsa44,p256_hqc128,hybride,client,4,44.929,"[39.530, 55.494]",bootstrap_blocs,4,5.982,"[5.908, 6.057]",bootstrap_blocs
quic,single,unstable,mldsa44,p256_hqc128,hybride,server,4,1697.187,"[1593.369, 1764.571]",bootstrap_blocs,4,10.213,"[10.151, 10.280]",bootstrap_blocs
quic,single,unstable,mldsa44,p256_mlkem512,hybride,client,4,29.834,"[29.581, 30.086]",bootstrap_blocs,4,5.958,"[5.871, 6.121]",bootstrap_blocs
quic,single,unstable,mldsa44,p256_mlkem512,hybride,server,4,1745.163,"[1668.780, 1821.547]",bootstrap_blocs,4,9.882,"[9.729, 9.994]",bootstrap_blocs
quic,single,unstable,mldsa44,x25519,classique,client,4,26.175,"[22.834, 32.551]",bootstrap_blocs,4,5.477,"[5.377, 5.549]",bootstrap_blocs
quic,single,unstable,mldsa44,x25519,classique,server,4,1678.462,"[1423.720, 1901.892]",bootstrap_blocs,4,9.15,"[9.090, 9.223]",bootstrap_blocs
quic,single,unstable,mldsa44,x25519_hqc128,hybride,client,4,38.389,"[33.583, 47.430]",bootstrap_blocs,4,5.585,"[5.518, 5.652]",bootstrap_blocs
quic,single,unstable,mldsa44,x25519_hqc128,hybride,server,4,1601.504,"[1516.922, 1686.086]",bootstrap_blocs,4,9.634,"[9.608, 9.654]",bootstrap_blocs
quic,single,unstable,mldsa44,x25519_mlkem512,hybride,client,4,26.839,"[25.223, 29.742]",bootstrap_blocs,4,5.696,"[5.644, 5.762]",bootstrap_blocs
quic,single,unstable,mldsa44,x25519_mlkem512,hybride,server,4,1965.587,"[1736.186, 2179.131]",bootstrap_blocs,4,9.376,"[9.312, 9.476]",bootstrap_blocs
quic,single,unstable,mldsa65,P-384,classique,client,4,23.778,"[23.552, 23.991]",bootstrap_blocs,4,5.575,"[5.438, 5.740]",bootstrap_blocs
quic,single,unstable,mldsa65,P-384,classique,server,4,2594.302,"[2221.132, 2967.471]",bootstrap_blocs,4,9.63,"[9.580, 9.687]",bootstrap_blocs
quic,single,unstable,mldsa65,hqc192,pq_pur,client,4,55.627,"[49.544, 67.097]",bootstrap_blocs,4,5.507,"[5.437, 5.576]",bootstrap_blocs
quic,single,unstable,mldsa65,hqc192,pq_pur,server,4,1447.917,"[1297.279, 1611.133]",bootstrap_blocs,4,10.198,"[10.102, 10.298]",bootstrap_blocs
quic,single,unstable,mldsa65,mlkem768,pq_pur,client,4,24.446,"[23.365, 26.429]",bootstrap_blocs,4,5.536,"[5.410, 5.662]",bootstrap_blocs
quic,single,unstable,mldsa65,mlkem768,pq_pur,server,4,1992.43,"[1704.246, 2361.346]",bootstrap_blocs,4,9.624,"[9.516, 9.732]",bootstrap_blocs
quic,single,unstable,mldsa65,p384_hqc192,hybride,client,4,64.623,"[57.059, 78.074]",bootstrap_blocs,4,6.016,"[5.909, 6.147]",bootstrap_blocs
quic,single,unstable,mldsa65,p384_hqc192,hybride,server,4,1335.268,"[1221.596, 1543.815]",bootstrap_blocs,4,10.948,"[10.840, 11.057]",bootstrap_blocs
quic,single,unstable,mldsa65,p384_mlkem768,hybride,client,4,34.851,"[30.918, 42.266]",bootstrap_blocs,4,5.941,"[5.930, 5.953]",bootstrap_blocs
quic,single,unstable,mldsa65,p384_mlkem768,hybride,server,4,2004.176,"[1744.234, 2229.870]",bootstrap_blocs,4,10.282,"[10.154, 10.410]",bootstrap_blocs
quic,single,unstable,mldsa65,x448,classique,client,4,26.533,"[23.067, 33.136]",bootstrap_blocs,4,5.332,"[5.246, 5.445]",bootstrap_blocs
quic,single,unstable,mldsa65,x448,classique,server,4,2291.632,"[1821.413, 2616.314]",bootstrap_blocs,4,9.49,"[9.396, 9.586]",bootstrap_blocs
quic,single,unstable,mldsa65,x448_hqc192,hybride,client,4,52.129,"[51.039, 53.558]",bootstrap_blocs,4,5.688,"[5.607, 5.770]",bootstrap_blocs
quic,single,unstable,mldsa65,x448_hqc192,hybride,server,4,1380.095,"[1295.836, 1492.617]",bootstrap_blocs,4,10.252,"[10.199, 10.305]",bootstrap_blocs
quic,single,unstable,mldsa65,x448_mlkem768,hybride,client,4,25.991,"[25.498, 26.561]",bootstrap_blocs,4,5.547,"[5.459, 5.649]",bootstrap_blocs
quic,single,unstable,mldsa65,x448_mlkem768,hybride,server,4,2048.837,"[1907.444, 2170.834]",bootstrap_blocs,4,9.688,"[9.602, 9.775]",bootstrap_blocs
quic,single,unstable,mldsa87,P-521,classique,client,4,23.797,"[23.541, 23.935]",bootstrap_blocs,4,5.376,"[5.324, 5.428]",bootstrap_blocs
quic,single,unstable,mldsa87,P-521,classique,server,4,2451.082,"[2096.470, 2798.003]",bootstrap_blocs,4,9.926,"[9.875, 9.975]",bootstrap_blocs
quic,single,unstable,mldsa87,hqc256,pq_pur,client,4,79.09,"[70.939, 94.543]",bootstrap_blocs,4,5.585,"[5.521, 5.654]",bootstrap_blocs
quic,single,unstable,mldsa87,hqc256,pq_pur,server,4,1356.244,"[1200.184, 1512.303]",bootstrap_blocs,4,11.803,"[11.701, 11.918]",bootstrap_blocs
quic,single,unstable,mldsa87,mlkem1024,pq_pur,client,4,24.178,"[23.238, 25.673]",bootstrap_blocs,4,5.512,"[5.414, 5.609]",bootstrap_blocs
quic,single,unstable,mldsa87,mlkem1024,pq_pur,server,4,2505.385,"[2286.994, 2704.411]",bootstrap_blocs,4,9.874,"[9.814, 9.934]",bootstrap_blocs
quic,single,unstable,mldsa87,p521_hqc256,hybride,client,4,86.718,"[77.333, 103.960]",bootstrap_blocs,4,6.104,"[6.014, 6.192]",bootstrap_blocs
quic,single,unstable,mldsa87,p521_hqc256,hybride,server,4,1379.085,"[1262.503, 1492.456]",bootstrap_blocs,4,12.708,"[12.558, 12.906]",bootstrap_blocs
quic,single,unstable,mldsa87,p521_mlkem1024,hybride,client,4,31.213,"[30.856, 31.571]",bootstrap_blocs,4,6.129,"[6.061, 6.205]",bootstrap_blocs
quic,single,unstable,mldsa87,p521_mlkem1024,hybride,server,4,2335.761,"[2023.824, 2647.697]",bootstrap_blocs,4,10.787,"[10.660, 10.914]",bootstrap_blocs
quic,single,unstable,secp384r1,P-384,classique,client,4,24.682,"[24.361, 25.092]",bootstrap_blocs,4,5.354,"[5.317, 5.382]",bootstrap_blocs
quic,single,unstable,secp384r1,P-384,classique,server,4,1640.706,"[1487.068, 1793.074]",bootstrap_blocs,4,8.643,"[8.549, 8.769]",bootstrap_blocs
quic,single,unstable,secp384r1,hqc192,pq_pur,client,4,50.174,"[49.402, 50.804]",bootstrap_blocs,4,5.509,"[5.469, 5.554]",bootstrap_blocs
quic,single,unstable,secp384r1,hqc192,pq_pur,server,4,1053.179,"[886.576, 1192.526]",bootstrap_blocs,4,10.181,"[10.082, 10.279]",bootstrap_blocs
quic,single,unstable,secp384r1,mlkem768,pq_pur,client,4,23.678,"[23.432, 23.850]",bootstrap_blocs,4,5.391,"[5.277, 5.504]",bootstrap_blocs
quic,single,unstable,secp384r1,mlkem768,pq_pur,server,4,1125.135,"[788.988, 1507.269]",bootstrap_blocs,4,8.821,"[8.716, 8.926]",bootstrap_blocs
quic,single,unstable,secp384r1,p384_hqc192,hybride,client,4,64.971,"[57.573, 78.746]",bootstrap_blocs,4,6.025,"[5.953, 6.123]",bootstrap_blocs
quic,single,unstable,secp384r1,p384_hqc192,hybride,server,4,1198.736,"[999.601, 1397.870]",bootstrap_blocs,4,11.193,"[11.062, 11.324]",bootstrap_blocs
quic,single,unstable,secp384r1,p384_mlkem768,hybride,client,4,32.426,"[31.925, 33.359]",bootstrap_blocs,4,6.002,"[5.928, 6.064]",bootstrap_blocs
quic,single,unstable,secp384r1,p384_mlkem768,hybride,server,4,1081.79,"[903.247, 1205.966]",bootstrap_blocs,4,9.663,"[9.581, 9.711]",bootstrap_blocs
quic,single,unstable,secp384r1,x448,classique,client,4,27.528,"[24.004, 34.329]",bootstrap_blocs,4,5.253,"[5.212, 5.287]",bootstrap_blocs
quic,single,unstable,secp384r1,x448,classique,server,4,1695.17,"[1612.622, 1817.869]",bootstrap_blocs,4,8.382,"[7.986, 8.607]",bootstrap_blocs
quic,single,unstable,secp384r1,x448_hqc192,hybride,client,4,60.148,"[51.449, 77.171]",bootstrap_blocs,4,5.69,"[5.658, 5.723]",bootstrap_blocs
quic,single,unstable,secp384r1,x448_hqc192,hybride,server,4,1110.912,"[1028.053, 1199.264]",bootstrap_blocs,4,10.56,"[10.435, 10.680]",bootstrap_blocs
quic,single,unstable,secp384r1,x448_mlkem768,hybride,client,4,29.989,"[26.057, 37.607]",bootstrap_blocs,4,5.525,"[5.504, 5.539]",bootstrap_blocs
quic,single,unstable,secp384r1,x448_mlkem768,hybride,server,4,1194.3,"[1123.596, 1281.999]",bootstrap_blocs,4,9.2,"[9.074, 9.326]",bootstrap_blocs
quic,single,unstable,secp521r1,P-521,classique,client,4,27.564,"[24.519, 33.206]",bootstrap_blocs,4,5.29,"[5.195, 5.385]",bootstrap_blocs
quic,single,unstable,secp521r1,P-521,classique,server,4,1686.694,"[1575.152, 1798.237]",bootstrap_blocs,4,8.677,"[8.610, 8.781]",bootstrap_blocs
quic,single,unstable,secp521r1,hqc256,pq_pur,client,4,79.239,"[70.126, 95.734]",bootstrap_blocs,4,5.499,"[5.393, 5.642]",bootstrap_blocs
quic,single,unstable,secp521r1,hqc256,pq_pur,server,4,1315.243,"[1148.833, 1462.559]",bootstrap_blocs,4,11.701,"[11.531, 11.871]",bootstrap_blocs
quic,single,unstable,secp521r1,mlkem1024,pq_pur,client,4,27.357,"[23.688, 34.269]",bootstrap_blocs,4,5.401,"[5.289, 5.519]",bootstrap_blocs
quic,single,unstable,secp521r1,mlkem1024,pq_pur,server,4,1272.815,"[1138.170, 1407.461]",bootstrap_blocs,4,9.021,"[8.937, 9.126]",bootstrap_blocs
quic,single,unstable,secp521r1,p521_hqc256,hybride,client,4,78.131,"[77.522, 78.793]",bootstrap_blocs,4,5.947,"[5.891, 5.982]",bootstrap_blocs
quic,single,unstable,secp521r1,p521_hqc256,hybride,server,4,1256.543,"[1155.128, 1351.103]",bootstrap_blocs,4,12.541,"[12.361, 12.726]",bootstrap_blocs
quic,single,unstable,secp521r1,p521_mlkem1024,hybride,client,4,35.74,"[31.710, 42.838]",bootstrap_blocs,4,5.959,"[5.859, 6.059]",bootstrap_blocs
quic,single,unstable,secp521r1,p521_mlkem1024,hybride,server,4,1277.642,"[1047.228, 1644.404]",bootstrap_blocs,4,9.763,"[9.686, 9.882]",bootstrap_blocs
tls,mutual,none,ed25519,P-256,classique,client,4,19.09,"[17.017, 22.578]",bootstrap_blocs,4,5.387,"[5.201, 5.572]",bootstrap_blocs
tls,mutual,none,ed25519,P-256,classique,server,4,1.717,"[1.497, 2.042]",bootstrap_blocs,4,6.159,"[6.139, 6.190]",bootstrap_blocs
tls,mutual,none,ed25519,hqc128,pq_pur,client,4,26.947,"[24.592, 30.533]",bootstrap_blocs,4,5.489,"[5.414, 5.564]",bootstrap_blocs
tls,mutual,none,ed25519,hqc128,pq_pur,server,4,8.224,"[7.539, 9.167]",bootstrap_blocs,4,6.225,"[6.223, 6.227]",bootstrap_blocs
tls,mutual,none,ed25519,mlkem512,pq_pur,client,4,18.849,"[17.482, 21.075]",bootstrap_blocs,4,5.272,"[5.048, 5.523]",bootstrap_blocs
tls,mutual,none,ed25519,mlkem512,pq_pur,server,4,1.578,"[1.469, 1.781]",bootstrap_blocs,4,6.184,"[6.160, 6.203]",bootstrap_blocs
tls,mutual,none,ed25519,p256_hqc128,hybride,client,4,30.786,"[28.513, 35.089]",bootstrap_blocs,4,5.407,"[5.227, 5.588]",bootstrap_blocs
tls,mutual,none,ed25519,p256_hqc128,hybride,server,4,9.185,"[8.482, 10.390]",bootstrap_blocs,4,6.471,"[6.338, 6.551]",bootstrap_blocs
tls,mutual,none,ed25519,p256_mlkem512,hybride,client,4,23.08,"[22.027, 24.611]",bootstrap_blocs,4,5.342,"[5.226, 5.428]",bootstrap_blocs
tls,mutual,none,ed25519,p256_mlkem512,hybride,server,4,2.739,"[2.595, 2.939]",bootstrap_blocs,4,6.464,"[6.444, 6.480]",bootstrap_blocs
tls,mutual,none,ed25519,x25519,classique,client,4,18.23,"[16.688, 21.231]",bootstrap_blocs,4,5.39,"[5.236, 5.613]",bootstrap_blocs
tls,mutual,none,ed25519,x25519,classique,server,4,1.671,"[1.476, 1.867]",bootstrap_blocs,4,6.033,"[5.910, 6.156]",bootstrap_blocs
tls,mutual,none,ed25519,x25519_hqc128,hybride,client,4,26.699,"[25.082, 29.261]",bootstrap_blocs,4,5.276,"[5.043, 5.479]",bootstrap_blocs
tls,mutual,none,ed25519,x25519_hqc128,hybride,server,4,8.156,"[7.629, 8.869]",bootstrap_blocs,4,6.161,"[6.036, 6.248]",bootstrap_blocs
tls,mutual,none,ed25519,x25519_mlkem512,hybride,client,4,18.631,"[17.441, 20.197]",bootstrap_blocs,4,5.44,"[5.312, 5.568]",bootstrap_blocs
tls,mutual,none,ed25519,x25519_mlkem512,hybride,server,4,1.698,"[1.597, 1.844]",bootstrap_blocs,4,6.126,"[6.015, 6.189]",bootstrap_blocs
tls,mutual,none,mldsa44,P-256,classique,client,4,33.594,"[31.854, 36.109]",bootstrap_blocs,4,5.311,"[5.164, 5.499]",bootstrap_blocs
tls,mutual,none,mldsa44,P-256,classique,server,4,1.513,"[1.383, 1.643]",bootstrap_blocs,4,6.225,"[6.049, 6.412]",bootstrap_blocs
tls,mutual,none,mldsa44,hqc128,pq_pur,client,4,43.416,"[40.305, 48.156]",bootstrap_blocs,4,5.519,"[5.396, 5.595]",bootstrap_blocs
tls,mutual,none,mldsa44,hqc128,pq_pur,server,4,7.828,"[7.319, 8.741]",bootstrap_blocs,4,6.289,"[6.246, 6.363]",bootstrap_blocs
tls,mutual,none,mldsa44,mlkem512,pq_pur,client,4,36.062,"[32.714, 42.011]",bootstrap_blocs,4,5.239,"[5.164, 5.314]",bootstrap_blocs
tls,mutual,none,mldsa44,mlkem512,pq_pur,server,4,1.503,"[1.332, 1.696]",bootstrap_blocs,4,6.274,"[6.236, 6.338]",bootstrap_blocs
tls,mutual,none,mldsa44,p256_hqc128,hybride,client,4,48.018,"[45.151, 52.662]",bootstrap_blocs,4,5.468,"[5.404, 5.538]",bootstrap_blocs
tls,mutual,none,mldsa44,p256_hqc128,hybride,server,4,9.059,"[8.593, 9.714]",bootstrap_blocs,4,6.564,"[6.539, 6.580]",bootstrap_blocs
tls,mutual,none,mldsa44,p256_mlkem512,hybride,client,4,41.162,"[38.108, 46.373]",bootstrap_blocs,4,5.385,"[5.327, 5.446]",bootstrap_blocs
tls,mutual,none,mldsa44,p256_mlkem512,hybride,server,4,2.715,"[2.496, 2.952]",bootstrap_blocs,4,6.454,"[6.323, 6.533]",bootstrap_blocs
tls,mutual,none,mldsa44,x25519,classique,client,4,33.968,"[30.276, 38.760]",bootstrap_blocs,4,5.403,"[5.270, 5.537]",bootstrap_blocs
tls,mutual,none,mldsa44,x25519,classique,server,4,1.538,"[1.414, 1.653]",bootstrap_blocs,4,6.306,"[6.174, 6.545]",bootstrap_blocs
tls,mutual,none,mldsa44,x25519_hqc128,hybride,client,4,44.503,"[40.894, 50.464]",bootstrap_blocs,4,5.331,"[5.110, 5.518]",bootstrap_blocs
tls,mutual,none,mldsa44,x25519_hqc128,hybride,server,4,8.162,"[7.565, 9.169]",bootstrap_blocs,4,6.317,"[6.254, 6.444]",bootstrap_blocs
tls,mutual,none,mldsa44,x25519_mlkem512,hybride,client,4,35.473,"[32.462, 40.409]",bootstrap_blocs,4,5.37,"[5.240, 5.531]",bootstrap_blocs
tls,mutual,none,mldsa44,x25519_mlkem512,hybride,server,4,1.547,"[1.426, 1.722]",bootstrap_blocs,4,6.232,"[6.213, 6.246]",bootstrap_blocs
tls,mutual,none,mldsa65,P-384,classique,client,4,45.119,"[41.739, 50.719]",bootstrap_blocs,4,5.382,"[5.193, 5.534]",bootstrap_blocs
tls,mutual,none,mldsa65,P-384,classique,server,4,2.31,"[2.048, 2.815]",bootstrap_blocs,4,6.265,"[6.254, 6.275]",bootstrap_blocs
tls,mutual,none,mldsa65,hqc192,pq_pur,client,4,68.936,"[65.897, 71.585]",bootstrap_blocs,4,5.264,"[5.201, 5.326]",bootstrap_blocs
tls,mutual,none,mldsa65,hqc192,pq_pur,server,4,21.432,"[20.223, 23.208]",bootstrap_blocs,4,6.326,"[6.291, 6.361]",bootstrap_blocs
tls,mutual,none,mldsa65,mlkem768,pq_pur,client,4,43.935,"[40.025, 49.456]",bootstrap_blocs,4,5.318,"[5.197, 5.439]",bootstrap_blocs
tls,mutual,none,mldsa65,mlkem768,pq_pur,server,4,1.75,"[1.672, 1.827]",bootstrap_blocs,4,6.36,"[6.311, 6.453]",bootstrap_blocs
tls,mutual,none,mldsa65,p384_hqc192,hybride,client,4,75.75,"[69.802, 84.362]",bootstrap_blocs,4,5.438,"[5.288, 5.579]",bootstrap_blocs
tls,mutual,none,mldsa65,p384_hqc192,hybride,server,4,23.068,"[21.521, 25.131]",bootstrap_blocs,4,6.672,"[6.610, 6.792]",bootstrap_blocs
tls,mutual,none,mldsa65,p384_mlkem768,hybride,client,4,48.232,"[45.333, 52.520]",bootstrap_blocs,4,5.536,"[5.429, 5.645]",bootstrap_blocs
tls,mutual,none,mldsa65,p384_mlkem768,hybride,server,4,3.419,"[3.160, 3.737]",bootstrap_blocs,4,6.584,"[6.577, 6.591]",bootstrap_blocs
tls,mutual,none,mldsa65,x448,classique,client,4,43.299,"[35.389, 53.770]",bootstrap_blocs,4,5.312,"[5.240, 5.377]",bootstrap_blocs
tls,mutual,none,mldsa65,x448,classique,server,4,2.073,"[1.904, 2.338]",bootstrap_blocs,4,6.269,"[6.259, 6.285]",bootstrap_blocs
tls,mutual,none,mldsa65,x448_hqc192,hybride,client,4,68.766,"[63.640, 76.784]",bootstrap_blocs,4,5.311,"[5.139, 5.461]",bootstrap_blocs
tls,mutual,none,mldsa65,x448_hqc192,hybride,server,4,21.599,"[20.293, 23.489]",bootstrap_blocs,4,6.321,"[6.315, 6.326]",bootstrap_blocs
tls,mutual,none,mldsa65,x448_mlkem768,hybride,client,4,45.454,"[42.715, 50.410]",bootstrap_blocs,4,5.393,"[5.268, 5.518]",bootstrap_blocs
tls,mutual,none,mldsa65,x448_mlkem768,hybride,server,4,2.422,"[2.249, 2.613]",bootstrap_blocs,4,6.293,"[6.264, 6.324]",bootstrap_blocs
tls,mutual,none,mldsa87,P-521,classique,client,4,55.014,"[42.878, 68.008]",bootstrap_blocs,4,5.346,"[5.316, 5.371]",bootstrap_blocs
tls,mutual,none,mldsa87,P-521,classique,server,4,2.382,"[2.169, 2.683]",bootstrap_blocs,4,6.304,"[6.299, 6.308]",bootstrap_blocs
tls,mutual,none,mldsa87,hqc256,pq_pur,client,4,103.995,"[99.350, 110.595]",bootstrap_blocs,4,5.435,"[5.336, 5.533]",bootstrap_blocs
tls,mutual,none,mldsa87,hqc256,pq_pur,server,4,36.31,"[34.504, 39.412]",bootstrap_blocs,4,6.388,"[6.270, 6.450]",bootstrap_blocs
tls,mutual,none,mldsa87,mlkem1024,pq_pur,client,4,55.399,"[52.447, 58.053]",bootstrap_blocs,4,5.347,"[5.248, 5.496]",bootstrap_blocs
tls,mutual,none,mldsa87,mlkem1024,pq_pur,server,4,1.818,"[1.739, 1.896]",bootstrap_blocs,4,6.291,"[6.156, 6.375]",bootstrap_blocs
tls,mutual,none,mldsa87,p521_hqc256,hybride,client,4,111.694,"[106.663, 120.126]",bootstrap_blocs,4,5.638,"[5.420, 5.802]",bootstrap_blocs
tls,mutual,none,mldsa87,p521_hqc256,hybride,server,4,38.521,"[36.689, 41.613]",bootstrap_blocs,4,6.722,"[6.691, 6.742]",bootstrap_blocs
tls,mutual,none,mldsa87,p521_mlkem1024,hybride,client,4,58.882,"[50.037, 67.003]",bootstrap_blocs,4,5.471,"[5.318, 5.570]",bootstrap_blocs
tls,mutual,none,mldsa87,p521_mlkem1024,hybride,server,4,3.67,"[3.454, 3.947]",bootstrap_blocs,4,6.637,"[6.631, 6.643]",bootstrap_blocs
tls,mutual,none,secp384r1,P-384,classique,client,4,20.426,"[18.800, 23.183]",bootstrap_blocs,4,5.408,"[5.239, 5.572]",bootstrap_blocs
tls,mutual,none,secp384r1,P-384,classique,server,4,3.775,"[3.316, 4.567]",bootstrap_blocs,4,6.083,"[5.957, 6.165]",bootstrap_blocs
tls,mutual,none,secp384r1,hqc192,pq_pur,client,4,44.357,"[42.556, 47.202]",bootstrap_blocs,4,5.411,"[5.264, 5.559]",bootstrap_blocs
tls,mutual,none,secp384r1,hqc192,pq_pur,server,4,21.736,"[20.878, 23.254]",bootstrap_blocs,4,6.214,"[6.071, 6.301]",bootstrap_blocs
tls,mutual,none,secp384r1,mlkem768,pq_pur,client,4,21.249,"[19.370, 24.324]",bootstrap_blocs,4,5.316,"[5.254, 5.379]",bootstrap_blocs
tls,mutual,none,secp384r1,mlkem768,pq_pur,server,4,3.201,"[2.935, 3.545]",bootstrap_blocs,4,6.211,"[6.134, 6.335]",bootstrap_blocs
tls,mutual,none,secp384r1,p384_hqc192,hybride,client,4,50.553,"[47.131, 57.021]",bootstrap_blocs,4,5.352,"[5.134, 5.549]",bootstrap_blocs
tls,mutual,none,secp384r1,p384_hqc192,hybride,server,4,24.114,"[22.485, 27.067]",bootstrap_blocs,4,6.57,"[6.549, 6.604]",bootstrap_blocs
tls,mutual,none,secp384r1,p384_mlkem768,hybride,client,4,25.487,"[23.788, 28.240]",bootstrap_blocs,4,5.387,"[5.232, 5.506]",bootstrap_blocs
tls,mutual,none,secp384r1,p384_mlkem768,hybride,server,4,4.97,"[4.621, 5.498]",bootstrap_blocs,4,6.451,"[6.434, 6.475]",bootstrap_blocs
tls,mutual,none,secp384r1,x448,classique,client,4,20.024,"[18.267, 22.885]",bootstrap_blocs,4,5.366,"[5.183, 5.562]",bootstrap_blocs
tls,mutual,none,secp384r1,x448,classique,server,4,3.422,"[3.085, 3.873]",bootstrap_blocs,4,6.076,"[6.011, 6.125]",bootstrap_blocs
tls,mutual,none,secp384r1,x448_hqc192,hybride,client,4,46.548,"[43.627, 51.046]",bootstrap_blocs,4,5.436,"[5.240, 5.768]",bootstrap_blocs
tls,mutual,none,secp384r1,x448_hqc192,hybride,server,4,22.792,"[21.496, 25.030]",bootstrap_blocs,4,6.262,"[6.076, 6.441]",bootstrap_blocs
tls,mutual,none,secp384r1,x448_mlkem768,hybride,client,4,21.96,"[19.408, 25.762]",bootstrap_blocs,4,5.374,"[4.869, 5.835]",bootstrap_blocs
tls,mutual,none,secp384r1,x448_mlkem768,hybride,server,4,3.899,"[3.489, 4.518]",bootstrap_blocs,4,6.148,"[6.144, 6.152]",bootstrap_blocs
tls,mutual,none,secp521r1,P-521,classique,client,4,21.358,"[19.717, 23.182]",bootstrap_blocs,4,5.467,"[5.342, 5.592]",bootstrap_blocs
tls,mutual,none,secp521r1,P-521,classique,server,4,3.952,"[3.782, 4.215]",bootstrap_blocs,4,6.154,"[6.119, 6.201]",bootstrap_blocs
tls,mutual,none,secp521r1,hqc256,pq_pur,client,4,69.037,"[64.182, 77.117]",bootstrap_blocs,4,5.357,"[5.250, 5.504]",bootstrap_blocs
tls,mutual,none,secp521r1,hqc256,pq_pur,server,4,39.117,"[36.278, 43.870]",bootstrap_blocs,4,6.327,"[6.221, 6.386]",bootstrap_blocs
tls,mutual,none,secp521r1,mlkem1024,pq_pur,client,4,20.857,"[19.217, 23.610]",bootstrap_blocs,4,5.335,"[5.189, 5.490]",bootstrap_blocs
tls,mutual,none,secp521r1,mlkem1024,pq_pur,server,4,3.295,"[3.045, 3.607]",bootstrap_blocs,4,6.191,"[6.174, 6.207]",bootstrap_blocs
tls,mutual,none,secp521r1,p521_hqc256,hybride,client,4,72.714,"[69.138, 78.044]",bootstrap_blocs,4,5.359,"[5.254, 5.527]",bootstrap_blocs
tls,mutual,none,secp521r1,p521_hqc256,hybride,server,4,39.866,"[37.987, 42.730]",bootstrap_blocs,4,6.667,"[6.641, 6.693]",bootstrap_blocs
tls,mutual,none,secp521r1,p521_mlkem1024,hybride,client,4,26.203,"[25.109, 28.244]",bootstrap_blocs,4,5.34,"[5.258, 5.422]",bootstrap_blocs
tls,mutual,none,secp521r1,p521_mlkem1024,hybride,server,4,5.121,"[4.885, 5.507]",bootstrap_blocs,4,6.571,"[6.482, 6.717]",bootstrap_blocs
tls,mutual,simple_loss1.3_delay62.51ms,ed25519,P-256,classique,client,4,47.142,"[39.929, 60.614]",bootstrap_blocs,4,5.416,"[5.250, 5.568]",bootstrap_blocs
tls,mutual,simple_loss1.3_delay62.51ms,ed25519,P-256,classique,server,4,5.032,"[4.286, 6.447]",bootstrap_blocs,4,6.185,"[6.116, 6.291]",bootstrap_blocs
tls,mutual,simple_loss1.3_delay62.51ms,ed25519,hqc128,pq_pur,client,4,73.895,"[51.223, 96.567]",bootstrap_blocs,4,5.313,"[5.078, 5.491]",bootstrap_blocs
tls,mutual,simple_loss1.3_delay62.51ms,ed25519,hqc128,pq_pur,server,4,25.968,"[22.274, 29.662]",bootstrap_blocs,4,6.327,"[6.229, 6.495]",bootstrap_blocs
tls,mutual,simple_loss1.3_delay62.51ms,ed25519,mlkem512,pq_pur,client,4,50.629,"[39.297, 61.962]",bootstrap_blocs,4,5.186,"[4.938, 5.485]",bootstrap_blocs
tls,mutual,simple_loss1.3_delay62.51ms,ed25519,mlkem512,pq_pur,server,4,5.121,"[3.891, 6.351]",bootstrap_blocs,4,6.35,"[6.182, 6.653]",bootstrap_blocs
tls,mutual,simple_loss1.3_delay62.51ms,ed25519,p256_hqc128,hybride,client,4,68.846,"[56.419, 90.780]",bootstrap_blocs,4,5.415,"[5.230, 5.642]",bootstrap_blocs
tls,mutual,simple_loss1.3_delay62.51ms,ed25519,p256_hqc128,hybride,server,4,28.688,"[26.043, 31.333]",bootstrap_blocs,4,6.523,"[6.510, 6.547]",bootstrap_blocs
tls,mutual,simple_loss1.3_delay62.51ms,ed25519,p256_mlkem512,hybride,client,4,61.412,"[49.608, 73.216]",bootstrap_blocs,4,5.405,"[5.236, 5.574]",bootstrap_blocs
tls,mutual,simple_loss1.3_delay62.51ms,ed25519,p256_mlkem512,hybride,server,4,8.485,"[7.275, 9.696]",bootstrap_blocs,4,6.531,"[6.498, 6.559]",bootstrap_blocs
tls,mutual,simple_loss1.3_delay62.51ms,ed25519,x25519,classique,client,4,46.25,"[41.080, 53.552]",bootstrap_blocs,4,5.233,"[5.068, 5.372]",bootstrap_blocs
tls,mutual,simple_loss1.3_delay62.51ms,ed25519,x25519,classique,server,4,4.638,"[4.140, 5.541]",bootstrap_blocs,4,6.205,"[6.137, 6.334]",bootstrap_blocs
tls,mutual,simple_loss1.3_delay62.51ms,ed25519,x25519_hqc128,hybride,client,4,62.196,"[51.212, 82.550]",bootstrap_blocs,4,5.463,"[5.354, 5.572]",bootstrap_blocs
tls,mutual,simple_loss1.3_delay62.51ms,ed25519,x25519_hqc128,hybride,server,4,25.692,"[23.730, 28.271]",bootstrap_blocs,4,6.384,"[6.234, 6.533]",bootstrap_blocs
tls,mutual,simple_loss1.3_delay62.51ms,ed25519,x25519_mlkem512,hybride,client,4,44.91,"[38.758, 53.441]",bootstrap_blocs,4,5.41,"[5.290, 5.560]",bootstrap_blocs
tls,mutual,simple_loss1.3_delay62.51ms,ed25519,x25519_mlkem512,hybride,server,4,5.035,"[4.475, 6.025]",bootstrap_blocs,4,6.234,"[6.141, 6.393]",bootstrap_blocs
tls,mutual,simple_loss1.3_delay62.51ms,mldsa44,P-256,classique,client,4,88.866,"[61.702, 116.029]",bootstrap_blocs,4,5.54,"[5.504, 5.576]",bootstrap_blocs
tls,mutual,simple_loss1.3_delay62.51ms,mldsa44,P-256,classique,server,4,4.961,"[4.197, 5.725]",bootstrap_blocs,4,6.227,"[6.217, 6.236]",bootstrap_blocs
tls,mutual,simple_loss1.3_delay62.51ms,mldsa44,hqc128,pq_pur,client,4,89.209,"[67.034, 129.520]",bootstrap_blocs,4,5.476,"[5.232, 5.780]",bootstrap_blocs
tls,mutual,simple_loss1.3_delay62.51ms,mldsa44,hqc128,pq_pur,server,4,23.187,"[21.396, 26.007]",bootstrap_blocs,4,6.325,"[6.237, 6.482]",bootstrap_blocs
tls,mutual,simple_loss1.3_delay62.51ms,mldsa44,mlkem512,pq_pur,client,4,77.843,"[61.547, 109.685]",bootstrap_blocs,4,5.462,"[5.201, 5.724]",bootstrap_blocs
tls,mutual,simple_loss1.3_delay62.51ms,mldsa44,mlkem512,pq_pur,server,4,4.19,"[3.544, 5.388]",bootstrap_blocs,4,6.434,"[6.217, 6.656]",bootstrap_blocs
tls,mutual,simple_loss1.3_delay62.51ms,mldsa44,p256_hqc128,hybride,client,4,96.378,"[75.453, 137.222]",bootstrap_blocs,4,5.39,"[5.236, 5.543]",bootstrap_blocs
tls,mutual,simple_loss1.3_delay62.51ms,mldsa44,p256_hqc128,hybride,server,4,27.797,"[24.042, 33.673]",bootstrap_blocs,4,6.534,"[6.531, 6.537]",bootstrap_blocs
tls,mutual,simple_loss1.3_delay62.51ms,mldsa44,p256_mlkem512,hybride,client,4,85.016,"[66.807, 120.327]",bootstrap_blocs,4,5.429,"[5.324, 5.569]",bootstrap_blocs
tls,mutual,simple_loss1.3_delay62.51ms,mldsa44,p256_mlkem512,hybride,server,4,7.643,"[6.916, 9.039]",bootstrap_blocs,4,6.524,"[6.500, 6.538]",bootstrap_blocs
tls,mutual,simple_loss1.3_delay62.51ms,mldsa44,x25519,classique,client,4,77.013,"[60.329, 109.194]",bootstrap_blocs,4,5.33,"[5.287, 5.373]",bootstrap_blocs
tls,mutual,simple_loss1.3_delay62.51ms,mldsa44,x25519,classique,server,4,4.505,"[3.881, 5.529]",bootstrap_blocs,4,6.229,"[6.188, 6.289]",bootstrap_blocs
tls,mutual,simple_loss1.3_delay62.51ms,mldsa44,x25519_hqc128,hybride,client,4,111.398,"[72.626, 150.170]",bootstrap_blocs,4,5.509,"[5.408, 5.609]",bootstrap_blocs
tls,mutual,simple_loss1.3_delay62.51ms,mldsa44,x25519_hqc128,hybride,server,4,27.015,"[23.840, 30.538]",bootstrap_blocs,4,6.256,"[6.252, 6.260]",bootstrap_blocs
tls,mutual,simple_loss1.3_delay62.51ms,mldsa44,x25519_mlkem512,hybride,client,4,74.263,"[57.855, 105.857]",bootstrap_blocs,4,5.435,"[5.370, 5.555]",bootstrap_blocs
tls,mutual,simple_loss1.3_delay62.51ms,mldsa44,x25519_mlkem512,hybride,server,4,4.783,"[4.170, 5.779]",bootstrap_blocs,4,6.241,"[6.234, 6.248]",bootstrap_blocs
tls,mutual,simple_loss1.3_delay62.51ms,mldsa65,P-384,classique,client,4,107.276,"[68.948, 145.603]",bootstrap_blocs,4,5.364,"[5.187, 5.525]",bootstrap_blocs
tls,mutual,simple_loss1.3_delay62.51ms,mldsa65,P-384,classique,server,4,6.337,"[5.621, 7.054]",bootstrap_blocs,4,6.245,"[6.235, 6.252]",bootstrap_blocs
tls,mutual,simple_loss1.3_delay62.51ms,mldsa65,hqc192,pq_pur,client,4,147.17,"[122.308, 194.314]",bootstrap_blocs,4,5.425,"[5.268, 5.645]",bootstrap_blocs
tls,mutual,simple_loss1.3_delay62.51ms,mldsa65,hqc192,pq_pur,server,4,48.932,"[40.635, 64.831]",bootstrap_blocs,4,6.292,"[6.284, 6.301]",bootstrap_blocs
tls,mutual,simple_loss1.3_delay62.51ms,mldsa65,mlkem768,pq_pur,client,4,110.361,"[73.201, 147.520]",bootstrap_blocs,4,5.316,"[5.199, 5.393]",bootstrap_blocs
tls,mutual,simple_loss1.3_delay62.51ms,mldsa65,mlkem768,pq_pur,server,4,4.354,"[3.741, 4.966]",bootstrap_blocs,4,6.276,"[6.232, 6.323]",bootstrap_blocs
tls,mutual,simple_loss1.3_delay62.51ms,mldsa65,p384_hqc192,hybride,client,4,155.455,"[125.743, 207.467]",bootstrap_blocs,4,5.493,"[5.445, 5.541]",bootstrap_blocs
tls,mutual,simple_loss1.3_delay62.51ms,mldsa65,p384_hqc192,hybride,server,4,57.045,"[46.196, 78.186]",bootstrap_blocs,4,6.621,"[6.588, 6.678]",bootstrap_blocs
tls,mutual,simple_loss1.3_delay62.51ms,mldsa65,p384_mlkem768,hybride,client,4,96.538,"[71.819, 140.412]",bootstrap_blocs,4,5.578,"[5.460, 5.677]",bootstrap_blocs
tls,mutual,simple_loss1.3_delay62.51ms,mldsa65,p384_mlkem768,hybride,server,4,9.646,"[8.825, 10.769]",bootstrap_blocs,4,6.537,"[6.416, 6.625]",bootstrap_blocs
tls,mutual,simple_loss1.3_delay62.51ms,mldsa65,x448,classique,client,4,93.213,"[70.918, 134.470]",bootstrap_blocs,4,5.279,"[5.176, 5.383]",bootstrap_blocs
tls,mutual,simple_loss1.3_delay62.51ms,mldsa65,x448,classique,server,4,5.369,"[5.098, 5.838]",bootstrap_blocs,4,6.347,"[6.211, 6.597]",bootstrap_blocs
tls,mutual,simple_loss1.3_delay62.51ms,mldsa65,x448_hqc192,hybride,client,4,143.218,"[120.631, 184.365]",bootstrap_blocs,4,5.452,"[5.315, 5.570]",bootstrap_blocs
tls,mutual,simple_loss1.3_delay62.51ms,mldsa65,x448_hqc192,hybride,server,4,52.05,"[44.819, 66.170]",bootstrap_blocs,4,6.488,"[6.261, 6.901]",bootstrap_blocs
tls,mutual,simple_loss1.3_delay62.51ms,mldsa65,x448_mlkem768,hybride,client,4,91.618,"[70.539, 130.533]",bootstrap_blocs,4,5.437,"[5.305, 5.568]",bootstrap_blocs
tls,mutual,simple_loss1.3_delay62.51ms,mldsa65,x448_mlkem768,hybride,server,4,6.473,"[5.882, 7.137]",bootstrap_blocs,4,6.327,"[6.240, 6.435]",bootstrap_blocs
tls,mutual,simple_loss1.3_delay62.51ms,mldsa87,P-521,classique,client,4,131.019,"[87.218, 174.821]",bootstrap_blocs,4,5.396,"[5.326, 5.491]",bootstrap_blocs
tls,mutual,simple_loss1.3_delay62.51ms,mldsa87,P-521,classique,server,4,5.737,"[4.891, 6.583]",bootstrap_blocs,4,6.317,"[6.264, 6.419]",bootstrap_blocs
tls,mutual,simple_loss1.3_delay62.51ms,mldsa87,hqc256,pq_pur,client,4,161.06,"[128.581, 223.968]",bootstrap_blocs,4,5.354,"[5.330, 5.377]",bootstrap_blocs
tls,mutual,simple_loss1.3_delay62.51ms,mldsa87,hqc256,pq_pur,server,4,77.448,"[55.512, 118.655]",bootstrap_blocs,4,6.443,"[6.410, 6.499]",bootstrap_blocs
tls,mutual,simple_loss1.3_delay62.51ms,mldsa87,mlkem1024,pq_pur,client,4,107.442,"[84.176, 149.885]",bootstrap_blocs,4,5.354,"[5.232, 5.484]",bootstrap_blocs
tls,mutual,simple_loss1.3_delay62.51ms,mldsa87,mlkem1024,pq_pur,server,4,3.317,"[2.906, 3.910]",bootstrap_blocs,4,6.392,"[6.271, 6.628]",bootstrap_blocs
tls,mutual,simple_loss1.3_delay62.51ms,mldsa87,p521_hqc256,hybride,client,4,179.266,"[128.239, 230.294]",bootstrap_blocs,4,5.629,"[5.525, 5.732]",bootstrap_blocs
tls,mutual,simple_loss1.3_delay62.51ms,mldsa87,p521_hqc256,hybride,server,4,95.309,"[60.311, 130.307]",bootstrap_blocs,4,6.698,"[6.693, 6.704]",bootstrap_blocs
tls,mutual,simple_loss1.3_delay62.51ms,mldsa87,p521_mlkem1024,hybride,client,4,115.798,"[91.714, 158.067]",bootstrap_blocs,4,5.555,"[5.476, 5.659]",bootstrap_blocs
tls,mutual,simple_loss1.3_delay62.51ms,mldsa87,p521_mlkem1024,hybride,server,4,8.956,"[8.263, 9.916]",bootstrap_blocs,4,6.571,"[6.568, 6.574]",bootstrap_blocs
tls,mutual,simple_loss1.3_delay62.51ms,secp384r1,P-384,classique,client,4,58.993,"[45.612, 72.374]",bootstrap_blocs,4,5.621,"[5.529, 5.748]",bootstrap_blocs
tls,mutual,simple_loss1.3_delay62.51ms,secp384r1,P-384,classique,server,4,11.343,"[9.296, 13.390]",bootstrap_blocs,4,6.141,"[6.119, 6.166]",bootstrap_blocs
tls,mutual,simple_loss1.3_delay62.51ms,secp384r1,hqc192,pq_pur,client,4,104.031,"[70.820, 137.242]",bootstrap_blocs,4,5.311,"[5.250, 5.363]",bootstrap_blocs
tls,mutual,simple_loss1.3_delay62.51ms,secp384r1,hqc192,pq_pur,server,4,60.62,"[50.361, 70.879]",bootstrap_blocs,4,6.371,"[6.270, 6.536]",bootstrap_blocs
tls,mutual,simple_loss1.3_delay62.51ms,secp384r1,mlkem768,pq_pur,client,4,57.382,"[44.750, 70.015]",bootstrap_blocs,4,5.502,"[5.371, 5.661]",bootstrap_blocs
tls,mutual,simple_loss1.3_delay62.51ms,secp384r1,mlkem768,pq_pur,server,4,9.12,"[7.355, 10.884]",bootstrap_blocs,4,6.226,"[6.133, 6.343]",bootstrap_blocs
tls,mutual,simple_loss1.3_delay62.51ms,secp384r1,p384_hqc192,hybride,client,4,98.935,"[76.302, 142.364]",bootstrap_blocs,4,5.42,"[5.281, 5.559]",bootstrap_blocs
tls,mutual,simple_loss1.3_delay62.51ms,secp384r1,p384_hqc192,hybride,server,4,58.6,"[49.753, 74.446]",bootstrap_blocs,4,6.563,"[6.555, 6.573]",bootstrap_blocs
tls,mutual,simple_loss1.3_delay62.51ms,secp384r1,p384_mlkem768,hybride,client,4,61.48,"[50.654, 82.416]",bootstrap_blocs,4,5.341,"[5.109, 5.572]",bootstrap_blocs
tls,mutual,simple_loss1.3_delay62.51ms,secp384r1,p384_mlkem768,hybride,server,4,13.705,"[12.189, 16.514]",bootstrap_blocs,4,6.439,"[6.434, 6.448]",bootstrap_blocs
tls,mutual,simple_loss1.3_delay62.51ms,secp384r1,x448,classique,client,4,56.296,"[46.272, 66.320]",bootstrap_blocs,4,5.33,"[5.209, 5.488]",bootstrap_blocs
tls,mutual,simple_loss1.3_delay62.51ms,secp384r1,x448,classique,server,4,10.411,"[9.129, 11.693]",bootstrap_blocs,4,6.159,"[6.115, 6.233]",bootstrap_blocs
tls,mutual,simple_loss1.3_delay62.51ms,secp384r1,x448_hqc192,hybride,client,4,93.728,"[72.164, 135.221]",bootstrap_blocs,4,5.373,"[5.272, 5.438]",bootstrap_blocs
tls,mutual,simple_loss1.3_delay62.51ms,secp384r1,x448_hqc192,hybride,server,4,58.348,"[50.937, 72.670]",bootstrap_blocs,4,6.396,"[6.254, 6.645]",bootstrap_blocs
tls,mutual,simple_loss1.3_delay62.51ms,secp384r1,x448_mlkem768,hybride,client,4,53.006,"[47.907, 62.509]",bootstrap_blocs,4,5.317,"[5.185, 5.494]",bootstrap_blocs
tls,mutual,simple_loss1.3_delay62.51ms,secp384r1,x448_mlkem768,hybride,server,4,10.939,"[9.860, 12.369]",bootstrap_blocs,4,6.289,"[6.152, 6.557]",bootstrap_blocs
tls,mutual,simple_loss1.3_delay62.51ms,secp521r1,P-521,classique,client,4,52.153,"[46.321, 62.730]",bootstrap_blocs,4,5.316,"[5.197, 5.477]",bootstrap_blocs
tls,mutual,simple_loss1.3_delay62.51ms,secp521r1,P-521,classique,server,4,10.801,"[9.679, 12.330]",bootstrap_blocs,4,6.129,"[6.111, 6.143]",bootstrap_blocs
tls,mutual,simple_loss1.3_delay62.51ms,secp521r1,hqc256,pq_pur,client,4,136.113,"[87.561, 184.665]",bootstrap_blocs,4,5.49,"[5.350, 5.679]",bootstrap_blocs
tls,mutual,simple_loss1.3_delay62.51ms,secp521r1,hqc256,pq_pur,server,4,98.683,"[61.669, 135.697]",bootstrap_blocs,4,6.471,"[6.361, 6.668]",bootstrap_blocs
tls,mutual,simple_loss1.3_delay62.51ms,secp521r1,mlkem1024,pq_pur,client,4,52.896,"[46.161, 63.559]",bootstrap_blocs,4,5.443,"[5.375, 5.516]",bootstrap_blocs
tls,mutual,simple_loss1.3_delay62.51ms,secp521r1,mlkem1024,pq_pur,server,4,9.028,"[8.057, 10.382]",bootstrap_blocs,4,6.195,"[6.180, 6.211]",bootstrap_blocs
tls,mutual,simple_loss1.3_delay62.51ms,secp521r1,p521_hqc256,hybride,client,4,139.64,"[93.456, 185.823]",bootstrap_blocs,4,5.349,"[5.238, 5.460]",bootstrap_blocs
tls,mutual,simple_loss1.3_delay62.51ms,secp521r1,p521_hqc256,hybride,server,4,99.971,"[64.541, 135.400]",bootstrap_blocs,4,6.667,"[6.660, 6.674]",bootstrap_blocs
tls,mutual,simple_loss1.3_delay62.51ms,secp521r1,p521_mlkem1024,hybride,client,4,62.871,"[51.681, 83.772]",bootstrap_blocs,4,5.3,"[5.174, 5.396]",bootstrap_blocs
tls,mutual,simple_loss1.3_delay62.51ms,secp521r1,p521_mlkem1024,hybride,server,4,15.355,"[13.417, 17.908]",bootstrap_blocs,4,6.448,"[6.430, 6.476]",bootstrap_blocs
tls,mutual,simple_loss1.5833_delay83.52ms,ed25519,P-256,classique,client,4,48.344,"[38.894, 65.279]",bootstrap_blocs,4,5.438,"[5.217, 5.670]",bootstrap_blocs
tls,mutual,simple_loss1.5833_delay83.52ms,ed25519,P-256,classique,server,4,5.686,"[5.201, 6.548]",bootstrap_blocs,4,6.149,"[6.115, 6.185]",bootstrap_blocs
tls,mutual,simple_loss1.5833_delay83.52ms,ed25519,hqc128,pq_pur,client,4,66.91,"[50.634, 95.286]",bootstrap_blocs,4,5.321,"[5.178, 5.516]",bootstrap_blocs
tls,mutual,simple_loss1.5833_delay83.52ms,ed25519,hqc128,pq_pur,server,4,27.386,"[22.743, 32.030]",bootstrap_blocs,4,6.261,"[6.221, 6.335]",bootstrap_blocs
tls,mutual,simple_loss1.5833_delay83.52ms,ed25519,mlkem512,pq_pur,client,4,40.434,"[37.699, 43.848]",bootstrap_blocs,4,5.261,"[5.158, 5.425]",bootstrap_blocs
tls,mutual,simple_loss1.5833_delay83.52ms,ed25519,mlkem512,pq_pur,server,4,4.467,"[3.989, 4.780]",bootstrap_blocs,4,6.179,"[6.169, 6.186]",bootstrap_blocs
tls,mutual,simple_loss1.5833_delay83.52ms,ed25519,p256_hqc128,hybride,client,4,73.687,"[55.025, 110.343]",bootstrap_blocs,4,5.545,"[5.420, 5.670]",bootstrap_blocs
tls,mutual,simple_loss1.5833_delay83.52ms,ed25519,p256_hqc128,hybride,server,4,29.549,"[25.858, 35.800]",bootstrap_blocs,4,6.523,"[6.505, 6.538]",bootstrap_blocs
tls,mutual,simple_loss1.5833_delay83.52ms,ed25519,p256_mlkem512,hybride,client,4,48.857,"[46.259, 51.882]",bootstrap_blocs,4,5.419,"[5.322, 5.516]",bootstrap_blocs
tls,mutual,simple_loss1.5833_delay83.52ms,ed25519,p256_mlkem512,hybride,server,4,7.617,"[6.813, 8.320]",bootstrap_blocs,4,6.481,"[6.474, 6.488]",bootstrap_blocs
tls,mutual,simple_loss1.5833_delay83.52ms,ed25519,x25519,classique,client,4,40.073,"[37.745, 43.298]",bootstrap_blocs,4,5.356,"[5.252, 5.470]",bootstrap_blocs
tls,mutual,simple_loss1.5833_delay83.52ms,ed25519,x25519,classique,server,4,4.417,"[3.771, 4.795]",bootstrap_blocs,4,6.098,"[6.009, 6.144]",bootstrap_blocs
tls,mutual,simple_loss1.5833_delay83.52ms,ed25519,x25519_hqc128,hybride,client,4,50.456,"[49.503, 51.409]",bootstrap_blocs,4,5.482,"[5.381, 5.553]",bootstrap_blocs
tls,mutual,simple_loss1.5833_delay83.52ms,ed25519,x25519_hqc128,hybride,server,4,23.835,"[22.413, 25.429]",bootstrap_blocs,4,6.231,"[6.223, 6.239]",bootstrap_blocs
tls,mutual,simple_loss1.5833_delay83.52ms,ed25519,x25519_mlkem512,hybride,client,4,51.917,"[38.702, 66.902]",bootstrap_blocs,4,5.205,"[5.110, 5.312]",bootstrap_blocs
tls,mutual,simple_loss1.5833_delay83.52ms,ed25519,x25519_mlkem512,hybride,server,4,5.885,"[5.109, 7.278]",bootstrap_blocs,4,6.444,"[6.182, 6.728]",bootstrap_blocs
tls,mutual,simple_loss1.5833_delay83.52ms,mldsa44,P-256,classique,client,4,77.214,"[59.617, 108.515]",bootstrap_blocs,4,5.449,"[5.367, 5.531]",bootstrap_blocs
tls,mutual,simple_loss1.5833_delay83.52ms,mldsa44,P-256,classique,server,4,5.359,"[4.819, 6.115]",bootstrap_blocs,4,6.407,"[6.215, 6.761]",bootstrap_blocs
tls,mutual,simple_loss1.5833_delay83.52ms,mldsa44,hqc128,pq_pur,client,4,89.094,"[68.738, 127.751]",bootstrap_blocs,4,5.402,"[5.178, 5.627]",bootstrap_blocs
tls,mutual,simple_loss1.5833_delay83.52ms,mldsa44,hqc128,pq_pur,server,4,25.931,"[22.585, 31.125]",bootstrap_blocs,4,6.266,"[6.250, 6.289]",bootstrap_blocs
tls,mutual,simple_loss1.5833_delay83.52ms,mldsa44,mlkem512,pq_pur,client,4,77.391,"[57.975, 114.760]",bootstrap_blocs,4,5.386,"[5.297, 5.463]",bootstrap_blocs
tls,mutual,simple_loss1.5833_delay83.52ms,mldsa44,mlkem512,pq_pur,server,4,4.851,"[4.575, 5.205]",bootstrap_blocs,4,6.415,"[6.240, 6.621]",bootstrap_blocs
tls,mutual,simple_loss1.5833_delay83.52ms,mldsa44,p256_hqc128,hybride,client,4,96.577,"[74.979, 135.861]",bootstrap_blocs,4,5.416,"[5.258, 5.574]",bootstrap_blocs
tls,mutual,simple_loss1.5833_delay83.52ms,mldsa44,p256_hqc128,hybride,server,4,30.823,"[25.822, 35.823]",bootstrap_blocs,4,6.608,"[6.516, 6.729]",bootstrap_blocs
tls,mutual,simple_loss1.5833_delay83.52ms,mldsa44,p256_mlkem512,hybride,client,4,84.902,"[62.885, 122.479]",bootstrap_blocs,4,5.42,"[5.386, 5.447]",bootstrap_blocs
tls,mutual,simple_loss1.5833_delay83.52ms,mldsa44,p256_mlkem512,hybride,server,4,8.76,"[7.953, 9.568]",bootstrap_blocs,4,6.543,"[6.530, 6.562]",bootstrap_blocs
tls,mutual,simple_loss1.5833_delay83.52ms,mldsa44,x25519,classique,client,4,59.237,"[58.045, 60.323]",bootstrap_blocs,4,5.373,"[5.205, 5.541]",bootstrap_blocs
tls,mutual,simple_loss1.5833_delay83.52ms,mldsa44,x25519,classique,server,4,4.53,"[4.196, 4.790]",bootstrap_blocs,4,6.206,"[6.191, 6.221]",bootstrap_blocs
tls,mutual,simple_loss1.5833_delay83.52ms,mldsa44,x25519_hqc128,hybride,client,4,68.721,"[67.363, 70.079]",bootstrap_blocs,4,5.434,"[5.350, 5.518]",bootstrap_blocs
tls,mutual,simple_loss1.5833_delay83.52ms,mldsa44,x25519_hqc128,hybride,server,4,22.986,"[22.019, 23.953]",bootstrap_blocs,4,6.303,"[6.244, 6.404]",bootstrap_blocs
tls,mutual,simple_loss1.5833_delay83.52ms,mldsa44,x25519_mlkem512,hybride,client,4,79.926,"[60.143, 114.308]",bootstrap_blocs,4,5.396,"[5.251, 5.575]",bootstrap_blocs
tls,mutual,simple_loss1.5833_delay83.52ms,mldsa44,x25519_mlkem512,hybride,server,4,5.483,"[4.905, 6.120]",bootstrap_blocs,4,6.41,"[6.250, 6.711]",bootstrap_blocs
tls,mutual,simple_loss1.5833_delay83.52ms,mldsa65,P-384,classique,client,4,86.829,"[67.994, 120.362]",bootstrap_blocs,4,5.301,"[5.171, 5.422]",bootstrap_blocs
tls,mutual,simple_loss1.5833_delay83.52ms,mldsa65,P-384,classique,server,4,7.29,"[6.518, 8.456]",bootstrap_blocs,4,6.427,"[6.304, 6.520]",bootstrap_blocs
tls,mutual,simple_loss1.5833_delay83.52ms,mldsa65,hqc192,pq_pur,client,4,153.806,"[123.020, 209.277]",bootstrap_blocs,4,5.518,"[5.326, 5.709]",bootstrap_blocs
tls,mutual,simple_loss1.5833_delay83.52ms,mldsa65,hqc192,pq_pur,server,4,55.783,"[41.739, 77.321]",bootstrap_blocs,4,6.341,"[6.282, 6.439]",bootstrap_blocs
tls,mutual,simple_loss1.5833_delay83.52ms,mldsa65,mlkem768,pq_pur,client,4,87.449,"[67.325, 125.935]",bootstrap_blocs,4,5.334,"[5.201, 5.487]",bootstrap_blocs
tls,mutual,simple_loss1.5833_delay83.52ms,mldsa65,mlkem768,pq_pur,server,4,4.626,"[4.218, 5.234]",bootstrap_blocs,4,6.316,"[6.225, 6.459]",bootstrap_blocs
tls,mutual,simple_loss1.5833_delay83.52ms,mldsa65,p384_hqc192,hybride,client,4,159.248,"[124.461, 222.851]",bootstrap_blocs,4,5.421,"[5.371, 5.454]",bootstrap_blocs
tls,mutual,simple_loss1.5833_delay83.52ms,mldsa65,p384_hqc192,hybride,server,4,58.944,"[45.635, 83.952]",bootstrap_blocs,4,6.7,"[6.564, 6.836]",bootstrap_blocs
tls,mutual,simple_loss1.5833_delay83.52ms,mldsa65,p384_mlkem768,hybride,client,4,87.348,"[71.170, 115.786]",bootstrap_blocs,4,5.505,"[5.402, 5.607]",bootstrap_blocs
tls,mutual,simple_loss1.5833_delay83.52ms,mldsa65,p384_mlkem768,hybride,server,4,9.916,"[9.155, 10.832]",bootstrap_blocs,4,6.657,"[6.543, 6.771]",bootstrap_blocs
tls,mutual,simple_loss1.5833_delay83.52ms,mldsa65,x448,classique,client,4,69.25,"[68.283, 70.218]",bootstrap_blocs,4,5.429,"[5.363, 5.494]",bootstrap_blocs
tls,mutual,simple_loss1.5833_delay83.52ms,mldsa65,x448,classique,server,4,5.565,"[5.054, 5.958]",bootstrap_blocs,4,6.22,"[6.192, 6.238]",bootstrap_blocs
tls,mutual,simple_loss1.5833_delay83.52ms,mldsa65,x448_hqc192,hybride,client,4,135.469,"[124.502, 150.594]",bootstrap_blocs,4,5.378,"[5.306, 5.508]",bootstrap_blocs
tls,mutual,simple_loss1.5833_delay83.52ms,mldsa65,x448_hqc192,hybride,server,4,49.276,"[44.261, 54.291]",bootstrap_blocs,4,6.328,"[6.303, 6.375]",bootstrap_blocs
tls,mutual,simple_loss1.5833_delay83.52ms,mldsa65,x448_mlkem768,hybride,client,4,90.401,"[69.072, 126.787]",bootstrap_blocs,4,5.351,"[5.242, 5.477]",bootstrap_blocs
tls,mutual,simple_loss1.5833_delay83.52ms,mldsa65,x448_mlkem768,hybride,server,4,7.482,"[6.634, 8.480]",bootstrap_blocs,4,6.568,"[6.268, 7.164]",bootstrap_blocs
tls,mutual,simple_loss1.5833_delay83.52ms,mldsa87,P-521,classique,client,4,84.181,"[81.944, 86.323]",bootstrap_blocs,4,5.344,"[5.199, 5.598]",bootstrap_blocs
tls,mutual,simple_loss1.5833_delay83.52ms,mldsa87,P-521,classique,server,4,5.116,"[4.562, 5.678]",bootstrap_blocs,4,6.365,"[6.256, 6.552]",bootstrap_blocs
tls,mutual,simple_loss1.5833_delay83.52ms,mldsa87,hqc256,pq_pur,client,4,163.963,"[128.399, 221.508]",bootstrap_blocs,4,5.406,"[5.352, 5.475]",bootstrap_blocs
tls,mutual,simple_loss1.5833_delay83.52ms,mldsa87,hqc256,pq_pur,server,4,78.749,"[57.513, 113.876]",bootstrap_blocs,4,6.56,"[6.418, 6.701]",bootstrap_blocs
tls,mutual,simple_loss1.5833_delay83.52ms,mldsa87,mlkem1024,pq_pur,client,4,82.55,"[75.611, 89.489]",bootstrap_blocs,4,5.408,"[5.275, 5.541]",bootstrap_blocs
tls,mutual,simple_loss1.5833_delay83.52ms,mldsa87,mlkem1024,pq_pur,server,4,3.001,"[2.719, 3.256]",bootstrap_blocs,4,6.287,"[6.268, 6.308]",bootstrap_blocs
tls,mutual,simple_loss1.5833_delay83.52ms,mldsa87,p521_hqc256,hybride,client,4,129.997,"[124.180, 135.085]",bootstrap_blocs,4,5.649,"[5.592, 5.695]",bootstrap_blocs
tls,mutual,simple_loss1.5833_delay83.52ms,mldsa87,p521_hqc256,hybride,server,4,59.941,"[58.913, 61.109]",bootstrap_blocs,4,6.69,"[6.669, 6.709]",bootstrap_blocs
tls,mutual,simple_loss1.5833_delay83.52ms,mldsa87,p521_mlkem1024,hybride,client,4,116.87,"[95.534, 158.677]",bootstrap_blocs,4,5.532,"[5.521, 5.541]",bootstrap_blocs
tls,mutual,simple_loss1.5833_delay83.52ms,mldsa87,p521_mlkem1024,hybride,server,4,9.702,"[8.622, 11.680]",bootstrap_blocs,4,6.584,"[6.570, 6.600]",bootstrap_blocs
tls,mutual,simple_loss1.5833_delay83.52ms,secp384r1,P-384,classique,client,4,54.484,"[42.942, 75.460]",bootstrap_blocs,4,5.616,"[5.555, 5.698]",bootstrap_blocs
tls,mutual,simple_loss1.5833_delay83.52ms,secp384r1,P-384,classique,server,4,12.493,"[11.400, 14.303]",bootstrap_blocs,4,6.338,"[6.140, 6.706]",bootstrap_blocs
tls,mutual,simple_loss1.5833_delay83.52ms,secp384r1,hqc192,pq_pur,client,4,71.712,"[69.141, 74.506]",bootstrap_blocs,4,5.573,"[5.429, 5.689]",bootstrap_blocs
tls,mutual,simple_loss1.5833_delay83.52ms,secp384r1,hqc192,pq_pur,server,4,49.341,"[47.326, 51.041]",bootstrap_blocs,4,6.249,"[6.223, 6.271]",bootstrap_blocs
tls,mutual,simple_loss1.5833_delay83.52ms,secp384r1,mlkem768,pq_pur,client,4,51.709,"[42.643, 67.549]",bootstrap_blocs,4,5.534,"[5.377, 5.758]",bootstrap_blocs
tls,mutual,simple_loss1.5833_delay83.52ms,secp384r1,mlkem768,pq_pur,server,4,9.158,"[7.428, 10.743]",bootstrap_blocs,4,6.174,"[6.162, 6.193]",bootstrap_blocs
tls,mutual,simple_loss1.5833_delay83.52ms,secp384r1,p384_hqc192,hybride,client,4,98.263,"[76.302, 141.938]",bootstrap_blocs,4,5.468,"[5.267, 5.604]",bootstrap_blocs
tls,mutual,simple_loss1.5833_delay83.52ms,secp384r1,p384_hqc192,hybride,server,4,62.91,"[50.092, 87.521]",bootstrap_blocs,4,6.55,"[6.524, 6.564]",bootstrap_blocs
tls,mutual,simple_loss1.5833_delay83.52ms,secp384r1,p384_mlkem768,hybride,client,4,49.552,"[47.562, 51.542]",bootstrap_blocs,4,5.425,"[5.184, 5.666]",bootstrap_blocs
tls,mutual,simple_loss1.5833_delay83.52ms,secp384r1,p384_mlkem768,hybride,server,4,14.18,"[12.783, 15.155]",bootstrap_blocs,4,6.441,"[6.438, 6.444]",bootstrap_blocs
tls,mutual,simple_loss1.5833_delay83.52ms,secp384r1,x448,classique,client,4,43.808,"[41.657, 45.961]",bootstrap_blocs,4,5.486,"[5.381, 5.592]",bootstrap_blocs
tls,mutual,simple_loss1.5833_delay83.52ms,secp384r1,x448,classique,server,4,9.714,"[8.430, 10.646]",bootstrap_blocs,4,6.196,"[6.132, 6.318]",bootstrap_blocs
tls,mutual,simple_loss1.5833_delay83.52ms,secp384r1,x448_hqc192,hybride,client,4,93.731,"[70.567, 133.941]",bootstrap_blocs,4,5.38,"[5.024, 5.660]",bootstrap_blocs
tls,mutual,simple_loss1.5833_delay83.52ms,secp384r1,x448_hqc192,hybride,server,4,63.984,"[50.981, 85.395]",bootstrap_blocs,4,6.297,"[6.268, 6.352]",bootstrap_blocs
tls,mutual,simple_loss1.5833_delay83.52ms,secp384r1,x448_mlkem768,hybride,client,4,55.617,"[44.243, 76.445]",bootstrap_blocs,4,5.502,"[5.425, 5.556]",bootstrap_blocs
tls,mutual,simple_loss1.5833_delay83.52ms,secp384r1,x448_mlkem768,hybride,server,4,12.96,"[11.800, 14.836]",bootstrap_blocs,4,6.27,"[6.144, 6.515]",bootstrap_blocs
tls,mutual,simple_loss1.5833_delay83.52ms,secp521r1,P-521,classique,client,4,57.446,"[44.162, 78.886]",bootstrap_blocs,4,5.378,"[5.126, 5.732]",bootstrap_blocs
tls,mutual,simple_loss1.5833_delay83.52ms,secp521r1,P-521,classique,server,4,13.309,"[11.812, 15.169]",bootstrap_blocs,4,6.292,"[6.150, 6.434]",bootstrap_blocs
tls,mutual,simple_loss1.5833_delay83.52ms,secp521r1,hqc256,pq_pur,client,4,115.917,"[86.913, 163.985]",bootstrap_blocs,4,5.341,"[5.207, 5.488]",bootstrap_blocs
tls,mutual,simple_loss1.5833_delay83.52ms,secp521r1,hqc256,pq_pur,server,4,85.343,"[65.659, 120.793]",bootstrap_blocs,4,6.407,"[6.327, 6.553]",bootstrap_blocs
tls,mutual,simple_loss1.5833_delay83.52ms,secp521r1,mlkem1024,pq_pur,client,4,56.804,"[45.294, 76.941]",bootstrap_blocs,4,5.339,"[5.230, 5.447]",bootstrap_blocs
tls,mutual,simple_loss1.5833_delay83.52ms,secp521r1,mlkem1024,pq_pur,server,4,11.246,"[9.794, 13.166]",bootstrap_blocs,4,6.321,"[6.168, 6.609]",bootstrap_blocs
tls,mutual,simple_loss1.5833_delay83.52ms,secp521r1,p521_hqc256,hybride,client,4,94.631,"[90.816, 98.445]",bootstrap_blocs,4,5.348,"[5.302, 5.381]",bootstrap_blocs
tls,mutual,simple_loss1.5833_delay83.52ms,secp521r1,p521_hqc256,hybride,server,4,66.082,"[64.593, 67.931]",bootstrap_blocs,4,6.688,"[6.676, 6.711]",bootstrap_blocs
tls,mutual,simple_loss1.5833_delay83.52ms,secp521r1,p521_mlkem1024,hybride,client,4,60.969,"[47.318, 86.059]",bootstrap_blocs,4,5.491,"[5.352, 5.655]",bootstrap_blocs
tls,mutual,simple_loss1.5833_delay83.52ms,secp521r1,p521_mlkem1024,hybride,server,4,16.244,"[14.027, 18.582]",bootstrap_blocs,4,6.469,"[6.434, 6.509]",bootstrap_blocs
tls,mutual,stable,ed25519,P-256,classique,client,4,24.052,"[22.593, 26.002]",bootstrap_blocs,4,5.354,"[5.296, 5.405]",bootstrap_blocs
tls,mutual,stable,ed25519,P-256,classique,server,4,2.826,"[2.695, 3.015]",bootstrap_blocs,4,6.26,"[6.154, 6.461]",bootstrap_blocs
tls,mutual,stable,ed25519,hqc128,pq_pur,client,4,35.041,"[34.046, 36.554]",bootstrap_blocs,4,5.429,"[5.299, 5.559]",bootstrap_blocs
tls,mutual,stable,ed25519,hqc128,pq_pur,server,4,11.303,"[10.280, 12.878]",bootstrap_blocs,4,6.275,"[6.220, 6.374]",bootstrap_blocs
tls,mutual,stable,ed25519,mlkem512,pq_pur,client,4,23.463,"[23.304, 23.622]",bootstrap_blocs,4,5.51,"[5.430, 5.570]",bootstrap_blocs
tls,mutual,stable,ed25519,mlkem512,pq_pur,server,4,2.846,"[2.778, 2.900]",bootstrap_blocs,4,6.183,"[6.147, 6.221]",bootstrap_blocs
tls,mutual,stable,ed25519,p256_hqc128,hybride,client,4,37.665,"[35.174, 39.407]",bootstrap_blocs,4,5.479,"[5.292, 5.647]",bootstrap_blocs
tls,mutual,stable,ed25519,p256_hqc128,hybride,server,4,11.561,"[10.891, 12.025]",bootstrap_blocs,4,6.558,"[6.501, 6.668]",bootstrap_blocs
tls,mutual,stable,ed25519,p256_mlkem512,hybride,client,4,28.728,"[26.744, 30.532]",bootstrap_blocs,4,5.461,"[5.408, 5.504]",bootstrap_blocs
tls,mutual,stable,ed25519,p256_mlkem512,hybride,server,4,4.24,"[4.016, 4.464]",bootstrap_blocs,4,6.479,"[6.473, 6.486]",bootstrap_blocs
tls,mutual,stable,ed25519,x25519,classique,client,4,25.477,"[24.393, 26.954]",bootstrap_blocs,4,5.309,"[5.259, 5.358]",bootstrap_blocs
tls,mutual,stable,ed25519,x25519,classique,server,4,2.884,"[2.785, 3.006]",bootstrap_blocs,4,6.139,"[6.121, 6.150]",bootstrap_blocs
tls,mutual,stable,ed25519,x25519_hqc128,hybride,client,4,33.34,"[32.656, 34.233]",bootstrap_blocs,4,5.278,"[5.041, 5.516]",bootstrap_blocs
tls,mutual,stable,ed25519,x25519_hqc128,hybride,server,4,11.042,"[10.582, 11.687]",bootstrap_blocs,4,6.215,"[6.190, 6.231]",bootstrap_blocs
tls,mutual,stable,ed25519,x25519_mlkem512,hybride,client,4,24.516,"[23.613, 25.309]",bootstrap_blocs,4,5.541,"[5.420, 5.680]",bootstrap_blocs
tls,mutual,stable,ed25519,x25519_mlkem512,hybride,server,4,2.891,"[2.757, 2.974]",bootstrap_blocs,4,6.17,"[6.150, 6.189]",bootstrap_blocs
tls,mutual,stable,mldsa44,P-256,classique,client,4,41.308,"[40.117, 42.581]",bootstrap_blocs,4,5.204,"[5.012, 5.437]",bootstrap_blocs
tls,mutual,stable,mldsa44,P-256,classique,server,4,2.419,"[2.272, 2.587]",bootstrap_blocs,4,6.218,"[6.213, 6.224]",bootstrap_blocs
tls,mutual,stable,mldsa44,hqc128,pq_pur,client,4,50.143,"[47.570, 54.144]",bootstrap_blocs,4,5.403,"[5.320, 5.486]",bootstrap_blocs
tls,mutual,stable,mldsa44,hqc128,pq_pur,server,4,10.44,"[9.889, 11.404]",bootstrap_blocs,4,6.232,"[6.215, 6.250]",bootstrap_blocs
tls,mutual,stable,mldsa44,mlkem512,pq_pur,client,4,41.439,"[39.459, 45.184]",bootstrap_blocs,4,5.381,"[5.174, 5.593]",bootstrap_blocs
tls,mutual,stable,mldsa44,mlkem512,pq_pur,server,4,2.68,"[2.343, 3.247]",bootstrap_blocs,4,6.296,"[6.223, 6.415]",bootstrap_blocs
tls,mutual,stable,mldsa44,p256_hqc128,hybride,client,4,54.738,"[52.286, 57.537]",bootstrap_blocs,4,5.369,"[5.272, 5.449]",bootstrap_blocs
tls,mutual,stable,mldsa44,p256_hqc128,hybride,server,4,11.748,"[11.128, 12.166]",bootstrap_blocs,4,6.533,"[6.526, 6.538]",bootstrap_blocs
tls,mutual,stable,mldsa44,p256_mlkem512,hybride,client,4,43.814,"[42.634, 44.995]",bootstrap_blocs,4,5.368,"[5.262, 5.500]",bootstrap_blocs
tls,mutual,stable,mldsa44,p256_mlkem512,hybride,server,4,3.72,"[3.598, 3.832]",bootstrap_blocs,4,6.528,"[6.523, 6.533]",bootstrap_blocs
tls,mutual,stable,mldsa44,x25519,classique,client,4,41.204,"[36.284, 45.657]",bootstrap_blocs,4,5.522,"[5.381, 5.667]",bootstrap_blocs
tls,mutual,stable,mldsa44,x25519,classique,server,4,2.522,"[2.340, 2.655]",bootstrap_blocs,4,6.212,"[6.205, 6.219]",bootstrap_blocs
tls,mutual,stable,mldsa44,x25519_hqc128,hybride,client,4,51.976,"[51.073, 53.105]",bootstrap_blocs,4,5.566,"[5.381, 5.888]",bootstrap_blocs
tls,mutual,stable,mldsa44,x25519_hqc128,hybride,server,4,11.583,"[10.984, 12.209]",bootstrap_blocs,4,6.932,"[6.215, 8.320]",bootstrap_blocs
tls,mutual,stable,mldsa44,x25519_mlkem512,hybride,client,4,40.208,"[38.640, 41.851]",bootstrap_blocs,4,5.474,"[5.363, 5.584]",bootstrap_blocs
tls,mutual,stable,mldsa44,x25519_mlkem512,hybride,server,4,2.524,"[2.458, 2.620]",bootstrap_blocs,4,6.244,"[6.215, 6.268]",bootstrap_blocs
tls,mutual,stable,mldsa65,P-384,classique,client,4,51.915,"[49.342, 54.488]",bootstrap_blocs,4,5.414,"[5.254, 5.582]",bootstrap_blocs
tls,mutual,stable,mldsa65,P-384,classique,server,4,3.219,"[3.177, 3.297]",bootstrap_blocs,4,6.26,"[6.251, 6.266]",bootstrap_blocs
tls,mutual,stable,mldsa65,hqc192,pq_pur,client,4,77.433,"[74.934, 80.748]",bootstrap_blocs,4,5.393,"[5.230, 5.555]",bootstrap_blocs
tls,mutual,stable,mldsa65,hqc192,pq_pur,server,4,23.7,"[22.549, 24.852]",bootstrap_blocs,4,6.313,"[6.307, 6.323]",bootstrap_blocs
tls,mutual,stable,mldsa65,mlkem768,pq_pur,client,4,50.673,"[49.132, 52.703]",bootstrap_blocs,4,5.316,"[5.170, 5.463]",bootstrap_blocs
tls,mutual,stable,mldsa65,mlkem768,pq_pur,server,4,2.606,"[2.484, 2.727]",bootstrap_blocs,4,6.272,"[6.251, 6.289]",bootstrap_blocs
tls,mutual,stable,mldsa65,p384_hqc192,hybride,client,4,82.611,"[78.421, 86.728]",bootstrap_blocs,4,5.535,"[5.407, 5.649]",bootstrap_blocs
tls,mutual,stable,mldsa65,p384_hqc192,hybride,server,4,25.934,"[24.561, 28.511]",bootstrap_blocs,4,6.619,"[6.615, 6.623]",bootstrap_blocs
tls,mutual,stable,mldsa65,p384_mlkem768,hybride,client,4,55.616,"[52.749, 58.597]",bootstrap_blocs,4,5.439,"[5.393, 5.508]",bootstrap_blocs
tls,mutual,stable,mldsa65,p384_mlkem768,hybride,server,4,4.745,"[4.458, 5.032]",bootstrap_blocs,4,6.58,"[6.565, 6.591]",bootstrap_blocs
tls,mutual,stable,mldsa65,x448,classique,client,4,51.841,"[47.653, 55.375]",bootstrap_blocs,4,5.324,"[5.180, 5.455]",bootstrap_blocs
tls,mutual,stable,mldsa65,x448,classique,server,4,3.09,"[3.050, 3.153]",bootstrap_blocs,4,6.394,"[6.248, 6.669]",bootstrap_blocs
tls,mutual,stable,mldsa65,x448_hqc192,hybride,client,4,76.847,"[70.670, 81.654]",bootstrap_blocs,4,5.351,"[5.277, 5.424]",bootstrap_blocs
tls,mutual,stable,mldsa65,x448_hqc192,hybride,server,4,24.908,"[23.777, 26.509]",bootstrap_blocs,4,6.33,"[6.326, 6.332]",bootstrap_blocs
tls,mutual,stable,mldsa65,x448_mlkem768,hybride,client,4,50.723,"[46.924, 53.732]",bootstrap_blocs,4,5.339,"[5.229, 5.525]",bootstrap_blocs
tls,mutual,stable,mldsa65,x448_mlkem768,hybride,server,4,3.473,"[3.285, 3.661]",bootstrap_blocs,4,6.292,"[6.261, 6.328]",bootstrap_blocs
tls,mutual,stable,mldsa87,P-521,classique,client,4,67.575,"[63.399, 71.254]",bootstrap_blocs,4,5.409,"[5.348, 5.481]",bootstrap_blocs
tls,mutual,stable,mldsa87,P-521,classique,server,4,3.442,"[3.355, 3.514]",bootstrap_blocs,4,6.308,"[6.291, 6.324]",bootstrap_blocs
tls,mutual,stable,mldsa87,hqc256,pq_pur,client,4,113.681,"[110.710, 117.636]",bootstrap_blocs,4,5.432,"[5.328, 5.576]",bootstrap_blocs
tls,mutual,stable,mldsa87,hqc256,pq_pur,server,4,39.555,"[38.215, 41.630]",bootstrap_blocs,4,6.505,"[6.438, 6.637]",bootstrap_blocs
tls,mutual,stable,mldsa87,mlkem1024,pq_pur,client,4,66.137,"[64.556, 67.838]",bootstrap_blocs,4,5.397,"[5.268, 5.527]",bootstrap_blocs
tls,mutual,stable,mldsa87,mlkem1024,pq_pur,server,4,2.61,"[2.505, 2.715]",bootstrap_blocs,4,6.327,"[6.301, 6.347]",bootstrap_blocs
tls,mutual,stable,mldsa87,p521_hqc256,hybride,client,4,117.754,"[115.833, 119.654]",bootstrap_blocs,4,5.73,"[5.693, 5.768]",bootstrap_blocs
tls,mutual,stable,mldsa87,p521_hqc256,hybride,server,4,40.367,"[39.538, 41.196]",bootstrap_blocs,4,6.731,"[6.724, 6.738]",bootstrap_blocs
tls,mutual,stable,mldsa87,p521_mlkem1024,hybride,client,4,72.233,"[69.463, 76.747]",bootstrap_blocs,4,5.558,"[5.494, 5.621]",bootstrap_blocs
tls,mutual,stable,mldsa87,p521_mlkem1024,hybride,server,4,4.942,"[4.778, 5.081]",bootstrap_blocs,4,6.695,"[6.625, 6.819]",bootstrap_blocs
tls,mutual,stable,secp384r1,P-384,classique,client,4,27.073,"[25.731, 29.075]",bootstrap_blocs,4,5.26,"[5.174, 5.346]",bootstrap_blocs
tls,mutual,stable,secp384r1,P-384,classique,server,4,5.881,"[5.703, 6.059]",bootstrap_blocs,4,6.136,"[6.115, 6.163]",bootstrap_blocs
tls,mutual,stable,secp384r1,hqc192,pq_pur,client,4,50.439,"[49.535, 51.836]",bootstrap_blocs,4,5.399,"[5.251, 5.648]",bootstrap_blocs
tls,mutual,stable,secp384r1,hqc192,pq_pur,server,4,25.462,"[24.773, 26.385]",bootstrap_blocs,4,6.269,"[6.261, 6.275]",bootstrap_blocs
tls,mutual,stable,secp384r1,mlkem768,pq_pur,client,4,24.392,"[23.179, 25.492]",bootstrap_blocs,4,5.308,"[5.110, 5.586]",bootstrap_blocs
tls,mutual,stable,secp384r1,mlkem768,pq_pur,server,4,4.643,"[4.430, 4.903]",bootstrap_blocs,4,6.229,"[6.168, 6.347]",bootstrap_blocs
tls,mutual,stable,secp384r1,p384_hqc192,hybride,client,4,57.179,"[55.889, 58.470]",bootstrap_blocs,4,5.418,"[5.278, 5.541]",bootstrap_blocs
tls,mutual,stable,secp384r1,p384_hqc192,hybride,server,4,27.345,"[26.812, 27.879]",bootstrap_blocs,4,6.562,"[6.560, 6.565]",bootstrap_blocs
tls,mutual,stable,secp384r1,p384_mlkem768,hybride,client,4,30.027,"[28.940, 31.506]",bootstrap_blocs,4,5.422,"[5.259, 5.593]",bootstrap_blocs
tls,mutual,stable,secp384r1,p384_mlkem768,hybride,server,4,6.733,"[6.548, 6.917]",bootstrap_blocs,4,6.494,"[6.434, 6.605]",bootstrap_blocs
tls,mutual,stable,secp384r1,x448,classique,client,4,25.623,"[24.354, 26.630]",bootstrap_blocs,4,5.378,"[5.261, 5.510]",bootstrap_blocs
tls,mutual,stable,secp384r1,x448,classique,server,4,5.322,"[5.242, 5.432]",bootstrap_blocs,4,6.117,"[6.089, 6.135]",bootstrap_blocs
tls,mutual,stable,secp384r1,x448_hqc192,hybride,client,4,53.234,"[51.035, 56.336]",bootstrap_blocs,4,5.28,"[5.207, 5.354]",bootstrap_blocs
tls,mutual,stable,secp384r1,x448_hqc192,hybride,server,4,26.987,"[25.718, 28.214]",bootstrap_blocs,4,6.207,"[6.101, 6.264]",bootstrap_blocs
tls,mutual,stable,secp384r1,x448_mlkem768,hybride,client,4,25.232,"[24.336, 26.129]",bootstrap_blocs,4,5.433,"[5.250, 5.616]",bootstrap_blocs
tls,mutual,stable,secp384r1,x448_mlkem768,hybride,server,4,5.7,"[5.450, 6.087]",bootstrap_blocs,4,6.22,"[6.154, 6.328]",bootstrap_blocs
tls,mutual,stable,secp521r1,P-521,classique,client,4,27.112,"[26.448, 27.717]",bootstrap_blocs,4,5.315,"[5.229, 5.389]",bootstrap_blocs
tls,mutual,stable,secp521r1,P-521,classique,server,4,5.852,"[5.650, 6.018]",bootstrap_blocs,4,6.129,"[6.125, 6.133]",bootstrap_blocs
tls,mutual,stable,secp521r1,hqc256,pq_pur,client,4,75.778,"[74.863, 76.834]",bootstrap_blocs,4,5.4,"[5.223, 5.671]",bootstrap_blocs
tls,mutual,stable,secp521r1,hqc256,pq_pur,server,4,42.367,"[40.337, 44.397]",bootstrap_blocs,4,6.37,"[6.341, 6.391]",bootstrap_blocs
tls,mutual,stable,secp521r1,mlkem1024,pq_pur,client,4,24.984,"[23.877, 26.091]",bootstrap_blocs,4,5.441,"[5.350, 5.533]",bootstrap_blocs
tls,mutual,stable,secp521r1,mlkem1024,pq_pur,server,4,4.78,"[4.664, 4.870]",bootstrap_blocs,4,6.189,"[6.177, 6.204]",bootstrap_blocs
tls,mutual,stable,secp521r1,p521_hqc256,hybride,client,4,78.785,"[76.148, 81.986]",bootstrap_blocs,4,5.345,"[5.200, 5.473]",bootstrap_blocs
tls,mutual,stable,secp521r1,p521_hqc256,hybride,server,4,43.797,"[41.007, 47.897]",bootstrap_blocs,4,6.664,"[6.650, 6.674]",bootstrap_blocs
tls,mutual,stable,secp521r1,p521_mlkem1024,hybride,client,4,29.431,"[28.640, 30.221]",bootstrap_blocs,4,5.369,"[5.312, 5.470]",bootstrap_blocs
tls,mutual,stable,secp521r1,p521_mlkem1024,hybride,server,4,6.818,"[6.605, 7.030]",bootstrap_blocs,4,6.479,"[6.465, 6.494]",bootstrap_blocs
tls,mutual,unstable,ed25519,P-256,classique,client,4,27.55,"[26.445, 28.338]",bootstrap_blocs,4,5.407,"[5.360, 5.479]",bootstrap_blocs
tls,mutual,unstable,ed25519,P-256,classique,server,4,3.246,"[3.162, 3.305]",bootstrap_blocs,4,6.132,"[6.111, 6.152]",bootstrap_blocs
tls,mutual,unstable,ed25519,hqc128,pq_pur,client,4,40.066,"[35.974, 44.704]",bootstrap_blocs,4,5.287,"[5.170, 5.367]",bootstrap_blocs
tls,mutual,unstable,ed25519,hqc128,pq_pur,server,4,12.937,"[11.490, 14.521]",bootstrap_blocs,4,6.207,"[6.189, 6.225]",bootstrap_blocs
tls,mutual,unstable,ed25519,mlkem512,pq_pur,client,4,37.162,"[25.030, 60.084]",bootstrap_blocs,4,5.525,"[5.435, 5.575]",bootstrap_blocs
tls,mutual,unstable,ed25519,mlkem512,pq_pur,server,4,4.141,"[3.023, 6.326]",bootstrap_blocs,4,6.265,"[6.176, 6.434]",bootstrap_blocs
tls,mutual,unstable,ed25519,p256_hqc128,hybride,client,4,42.85,"[42.084, 43.535]",bootstrap_blocs,4,5.469,"[5.248, 5.734]",bootstrap_blocs
tls,mutual,unstable,ed25519,p256_hqc128,hybride,server,4,13.496,"[13.227, 13.739]",bootstrap_blocs,4,6.516,"[6.510, 6.523]",bootstrap_blocs
tls,mutual,unstable,ed25519,p256_mlkem512,hybride,client,4,44.178,"[31.784, 61.608]",bootstrap_blocs,4,5.298,"[5.224, 5.352]",bootstrap_blocs
tls,mutual,unstable,ed25519,p256_mlkem512,hybride,server,4,6.69,"[5.339, 8.828]",bootstrap_blocs,4,6.476,"[6.440, 6.500]",bootstrap_blocs
tls,mutual,unstable,ed25519,x25519,classique,client,4,27.82,"[27.176, 28.463]",bootstrap_blocs,4,5.312,"[5.146, 5.479]",bootstrap_blocs
tls,mutual,unstable,ed25519,x25519,classique,server,4,3.152,"[3.033, 3.271]",bootstrap_blocs,4,6.203,"[6.127, 6.338]",bootstrap_blocs
tls,mutual,unstable,ed25519,x25519_hqc128,hybride,client,4,37.216,"[35.708, 38.724]",bootstrap_blocs,4,5.515,"[5.322, 5.850]",bootstrap_blocs
tls,mutual,unstable,ed25519,x25519_hqc128,hybride,server,4,12.364,"[12.082, 12.647]",bootstrap_blocs,4,6.228,"[6.225, 6.230]",bootstrap_blocs
tls,mutual,unstable,ed25519,x25519_mlkem512,hybride,client,4,34.612,"[26.260, 49.534]",bootstrap_blocs,4,5.569,"[5.464, 5.686]",bootstrap_blocs
tls,mutual,unstable,ed25519,x25519_mlkem512,hybride,server,4,4.189,"[3.240, 5.939]",bootstrap_blocs,4,6.169,"[6.153, 6.182]",bootstrap_blocs
tls,mutual,unstable,mldsa44,P-256,classique,client,4,46.304,"[45.296, 47.313]",bootstrap_blocs,4,5.373,"[5.234, 5.512]",bootstrap_blocs
tls,mutual,unstable,mldsa44,P-256,classique,server,4,2.81,"[2.634, 2.986]",bootstrap_blocs,4,6.284,"[6.223, 6.404]",bootstrap_blocs
tls,mutual,unstable,mldsa44,hqc128,pq_pur,client,4,58.658,"[56.020, 61.295]",bootstrap_blocs,4,5.503,"[5.417, 5.578]",bootstrap_blocs
tls,mutual,unstable,mldsa44,hqc128,pq_pur,server,4,12.06,"[11.165, 12.772]",bootstrap_blocs,4,6.313,"[6.243, 6.441]",bootstrap_blocs
tls,mutual,unstable,mldsa44,mlkem512,pq_pur,client,4,63.825,"[46.589, 90.277]",bootstrap_blocs,4,5.296,"[5.122, 5.486]",bootstrap_blocs
tls,mutual,unstable,mldsa44,mlkem512,pq_pur,server,4,3.297,"[2.502, 4.827]",bootstrap_blocs,4,6.247,"[6.242, 6.254]",bootstrap_blocs
tls,mutual,unstable,mldsa44,p256_hqc128,hybride,client,4,89.668,"[63.500, 124.636]",bootstrap_blocs,4,5.287,"[5.145, 5.486]",bootstrap_blocs
tls,mutual,unstable,mldsa44,p256_hqc128,hybride,server,4,18.416,"[13.918, 24.992]",bootstrap_blocs,4,6.539,"[6.536, 6.542]",bootstrap_blocs
tls,mutual,unstable,mldsa44,p256_mlkem512,hybride,client,4,68.877,"[50.464, 102.874]",bootstrap_blocs,4,5.371,"[5.254, 5.543]",bootstrap_blocs
tls,mutual,unstable,mldsa44,p256_mlkem512,hybride,server,4,5.643,"[4.254, 8.080]",bootstrap_blocs,4,6.536,"[6.526, 6.547]",bootstrap_blocs
tls,mutual,unstable,mldsa44,x25519,classique,client,4,62.66,"[44.847, 96.947]",bootstrap_blocs,4,5.49,"[5.385, 5.568]",bootstrap_blocs
tls,mutual,unstable,mldsa44,x25519,classique,server,4,3.625,"[2.524, 5.410]",bootstrap_blocs,4,6.214,"[6.194, 6.238]",bootstrap_blocs
tls,mutual,unstable,mldsa44,x25519_hqc128,hybride,client,4,58.241,"[57.575, 58.860]",bootstrap_blocs,4,5.406,"[5.200, 5.607]",bootstrap_blocs
tls,mutual,unstable,mldsa44,x25519_hqc128,hybride,server,4,11.995,"[11.577, 12.427]",bootstrap_blocs,4,6.262,"[6.245, 6.280]",bootstrap_blocs
tls,mutual,unstable,mldsa44,x25519_mlkem512,hybride,client,4,61.731,"[45.722, 90.410]",bootstrap_blocs,4,5.434,"[5.291, 5.576]",bootstrap_blocs
tls,mutual,unstable,mldsa44,x25519_mlkem512,hybride,server,4,3.566,"[2.701, 5.171]",bootstrap_blocs,4,6.35,"[6.240, 6.459]",bootstrap_blocs
tls,mutual,unstable,mldsa65,P-384,classique,client,4,77.934,"[57.513, 118.108]",bootstrap_blocs,4,5.407,"[5.291, 5.529]",bootstrap_blocs
tls,mutual,unstable,mldsa65,P-384,classique,server,4,4.975,"[4.054, 6.689]",bootstrap_blocs,4,6.263,"[6.224, 6.305]",bootstrap_blocs
tls,mutual,unstable,mldsa65,hqc192,pq_pur,client,4,86.472,"[84.563, 88.175]",bootstrap_blocs,4,5.288,"[5.188, 5.421]",bootstrap_blocs
tls,mutual,unstable,mldsa65,hqc192,pq_pur,server,4,26.651,"[25.774, 27.723]",bootstrap_blocs,4,6.323,"[6.320, 6.326]",bootstrap_blocs
tls,mutual,unstable,mldsa65,mlkem768,pq_pur,client,4,54.583,"[50.826, 57.108]",bootstrap_blocs,4,5.261,"[5.204, 5.334]",bootstrap_blocs
tls,mutual,unstable,mldsa65,mlkem768,pq_pur,server,4,2.816,"[2.669, 2.946]",bootstrap_blocs,4,6.29,"[6.284, 6.295]",bootstrap_blocs
tls,mutual,unstable,mldsa65,p384_hqc192,hybride,client,4,124.646,"[93.993, 184.620]",bootstrap_blocs,4,5.565,"[5.291, 5.790]",bootstrap_blocs
tls,mutual,unstable,mldsa65,p384_hqc192,hybride,server,4,38.128,"[27.763, 57.560]",bootstrap_blocs,4,6.71,"[6.615, 6.893]",bootstrap_blocs
tls,mutual,unstable,mldsa65,p384_mlkem768,hybride,client,4,63.709,"[62.706, 65.243]",bootstrap_blocs,4,5.443,"[5.342, 5.545]",bootstrap_blocs
tls,mutual,unstable,mldsa65,p384_mlkem768,hybride,server,4,5.776,"[5.662, 5.889]",bootstrap_blocs,4,6.576,"[6.559, 6.590]",bootstrap_blocs
tls,mutual,unstable,mldsa65,x448,classique,client,4,76.875,"[55.010, 118.972]",bootstrap_blocs,4,5.449,"[5.373, 5.527]",bootstrap_blocs
tls,mutual,unstable,mldsa65,x448,classique,server,4,4.37,"[3.394, 6.118]",bootstrap_blocs,4,6.253,"[6.248, 6.257]",bootstrap_blocs
tls,mutual,unstable,mldsa65,x448_hqc192,hybride,client,4,117.879,"[89.363, 172.878]",bootstrap_blocs,4,5.285,"[5.215, 5.359]",bootstrap_blocs
tls,mutual,unstable,mldsa65,x448_hqc192,hybride,server,4,35.515,"[26.657, 52.334]",bootstrap_blocs,4,6.319,"[6.294, 6.336]",bootstrap_blocs
tls,mutual,unstable,mldsa65,x448_mlkem768,hybride,client,4,78.082,"[55.902, 118.497]",bootstrap_blocs,4,5.451,"[5.312, 5.691]",bootstrap_blocs
tls,mutual,unstable,mldsa65,x448_mlkem768,hybride,server,4,4.675,"[3.890, 6.126]",bootstrap_blocs,4,6.383,"[6.293, 6.473]",bootstrap_blocs
tls,mutual,unstable,mldsa87,P-521,classique,client,4,66.819,"[58.898, 74.740]",bootstrap_blocs,4,5.307,"[5.268, 5.350]",bootstrap_blocs
tls,mutual,unstable,mldsa87,P-521,classique,server,4,3.969,"[3.823, 4.066]",bootstrap_blocs,4,6.312,"[6.297, 6.328]",bootstrap_blocs
tls,mutual,unstable,mldsa87,hqc256,pq_pur,client,4,125.968,"[123.926, 128.009]",bootstrap_blocs,4,5.368,"[5.222, 5.514]",bootstrap_blocs
tls,mutual,unstable,mldsa87,hqc256,pq_pur,server,4,41.833,"[40.910, 42.994]",bootstrap_blocs,4,6.414,"[6.393, 6.450]",bootstrap_blocs
tls,mutual,unstable,mldsa87,mlkem1024,pq_pur,client,4,74.329,"[73.457, 75.279]",bootstrap_blocs,4,5.406,"[5.316, 5.518]",bootstrap_blocs
tls,mutual,unstable,mldsa87,mlkem1024,pq_pur,server,4,2.948,"[2.797, 3.127]",bootstrap_blocs,4,6.337,"[6.331, 6.342]",bootstrap_blocs
tls,mutual,unstable,mldsa87,p521_hqc256,hybride,client,4,129.446,"[122.225, 134.397]",bootstrap_blocs,4,5.574,"[5.484, 5.691]",bootstrap_blocs
tls,mutual,unstable,mldsa87,p521_hqc256,hybride,server,4,43.674,"[42.830, 44.454]",bootstrap_blocs,4,6.724,"[6.711, 6.741]",bootstrap_blocs
tls,mutual,unstable,mldsa87,p521_mlkem1024,hybride,client,4,84.192,"[70.086, 102.373]",bootstrap_blocs,4,5.469,"[5.433, 5.498]",bootstrap_blocs
tls,mutual,unstable,mldsa87,p521_mlkem1024,hybride,server,4,6.383,"[5.773, 7.373]",bootstrap_blocs,4,6.652,"[6.635, 6.684]",bootstrap_blocs
tls,mutual,unstable,secp384r1,P-384,classique,client,4,40.952,"[28.921, 57.785]",bootstrap_blocs,4,5.257,"[5.137, 5.377]",bootstrap_blocs
tls,mutual,unstable,secp384r1,P-384,classique,server,4,8.782,"[6.674, 12.290]",bootstrap_blocs,4,6.188,"[6.091, 6.355]",bootstrap_blocs
tls,mutual,unstable,secp384r1,hqc192,pq_pur,client,4,57.998,"[56.427, 60.165]",bootstrap_blocs,4,5.424,"[5.186, 5.756]",bootstrap_blocs
tls,mutual,unstable,secp384r1,hqc192,pq_pur,server,4,27.625,"[27.466, 27.851]",bootstrap_blocs,4,6.322,"[6.258, 6.441]",bootstrap_blocs
tls,mutual,unstable,secp384r1,mlkem768,pq_pur,client,4,28.106,"[27.043, 29.788]",bootstrap_blocs,4,5.328,"[5.241, 5.435]",bootstrap_blocs
tls,mutual,unstable,secp384r1,mlkem768,pq_pur,server,4,5.391,"[5.143, 5.759]",bootstrap_blocs,4,6.171,"[6.164, 6.178]",bootstrap_blocs
tls,mutual,unstable,secp384r1,p384_hqc192,hybride,client,4,90.646,"[64.199, 143.162]",bootstrap_blocs,4,5.396,"[5.283, 5.510]",bootstrap_blocs
tls,mutual,unstable,secp384r1,p384_hqc192,hybride,server,4,42.778,"[30.552, 66.544]",bootstrap_blocs,4,6.551,"[6.529, 6.566]",bootstrap_blocs
tls,mutual,unstable,secp384r1,p384_mlkem768,hybride,client,4,37.176,"[33.602, 43.814]",bootstrap_blocs,4,5.306,"[5.197, 5.475]",bootstrap_blocs
tls,mutual,unstable,secp384r1,p384_mlkem768,hybride,server,4,8.609,"[7.672, 10.192]",bootstrap_blocs,4,6.506,"[6.441, 6.627]",bootstrap_blocs
tls,mutual,unstable,secp384r1,x448,classique,client,4,39.015,"[28.708, 58.735]",bootstrap_blocs,4,5.38,"[5.301, 5.516]",bootstrap_blocs
tls,mutual,unstable,secp384r1,x448,classique,server,4,8.062,"[6.156, 11.432]",bootstrap_blocs,4,6.104,"[6.067, 6.133]",bootstrap_blocs
tls,mutual,unstable,secp384r1,x448_hqc192,hybride,client,4,70.169,"[58.282, 93.346]",bootstrap_blocs,4,5.439,"[5.273, 5.605]",bootstrap_blocs
tls,mutual,unstable,secp384r1,x448_hqc192,hybride,server,4,34.652,"[27.796, 47.355]",bootstrap_blocs,4,6.26,"[6.239, 6.278]",bootstrap_blocs
tls,mutual,unstable,secp384r1,x448_mlkem768,hybride,client,4,29.137,"[28.566, 29.730]",bootstrap_blocs,4,5.343,"[5.261, 5.404]",bootstrap_blocs
tls,mutual,unstable,secp384r1,x448_mlkem768,hybride,server,4,6.89,"[6.501, 7.178]",bootstrap_blocs,4,6.212,"[6.156, 6.323]",bootstrap_blocs
tls,mutual,unstable,secp521r1,P-521,classique,client,4,31.284,"[30.053, 32.135]",bootstrap_blocs,4,5.462,"[5.285, 5.716]",bootstrap_blocs
tls,mutual,unstable,secp521r1,P-521,classique,server,4,7.052,"[6.870, 7.185]",bootstrap_blocs,4,6.143,"[6.135, 6.151]",bootstrap_blocs
tls,mutual,unstable,secp521r1,hqc256,pq_pur,client,4,97.368,"[78.295, 133.926]",bootstrap_blocs,4,5.379,"[5.340, 5.430]",bootstrap_blocs
tls,mutual,unstable,secp521r1,hqc256,pq_pur,server,4,54.363,"[42.341, 77.056]",bootstrap_blocs,4,6.378,"[6.353, 6.404]",bootstrap_blocs
tls,mutual,unstable,secp521r1,mlkem1024,pq_pur,client,4,41.256,"[29.481, 64.392]",bootstrap_blocs,4,5.171,"[5.062, 5.273]",bootstrap_blocs
tls,mutual,unstable,secp521r1,mlkem1024,pq_pur,server,4,7.648,"[5.673, 11.333]",bootstrap_blocs,4,6.335,"[6.186, 6.612]",bootstrap_blocs
tls,mutual,unstable,secp521r1,p521_hqc256,hybride,client,4,85.682,"[83.324, 88.790]",bootstrap_blocs,4,5.324,"[5.256, 5.367]",bootstrap_blocs
tls,mutual,unstable,secp521r1,p521_hqc256,hybride,server,4,45.979,"[44.949, 46.732]",bootstrap_blocs,4,6.677,"[6.668, 6.686]",bootstrap_blocs
tls,mutual,unstable,secp521r1,p521_mlkem1024,hybride,client,4,34.289,"[33.341, 35.237]",bootstrap_blocs,4,5.329,"[5.184, 5.475]",bootstrap_blocs
tls,mutual,unstable,secp521r1,p521_mlkem1024,hybride,server,4,8.179,"[7.984, 8.338]",bootstrap_blocs,4,6.52,"[6.445, 6.629]",bootstrap_blocs
tls,single,none,ed25519,P-256,classique,client,4,13.443,"[12.280, 15.514]",bootstrap_blocs,4,5.375,"[5.230, 5.480]",bootstrap_blocs
tls,single,none,ed25519,P-256,classique,server,4,0.995,"[0.916, 1.137]",bootstrap_blocs,4,6.078,"[6.055, 6.094]",bootstrap_blocs
tls,single,none,ed25519,hqc128,pq_pur,client,4,21.238,"[20.048, 23.261]",bootstrap_blocs,4,5.417,"[5.203, 5.692]",bootstrap_blocs
tls,single,none,ed25519,hqc128,pq_pur,server,4,7.475,"[7.159, 7.984]",bootstrap_blocs,4,6.187,"[6.182, 6.190]",bootstrap_blocs
tls,single,none,ed25519,mlkem512,pq_pur,client,4,12.998,"[12.257, 14.298]",bootstrap_blocs,4,5.491,"[5.283, 5.644]",bootstrap_blocs
tls,single,none,ed25519,mlkem512,pq_pur,server,4,0.885,"[0.820, 0.960]",bootstrap_blocs,4,6.147,"[6.129, 6.174]",bootstrap_blocs
tls,single,none,ed25519,p256_hqc128,hybride,client,4,26.246,"[24.859, 28.550]",bootstrap_blocs,4,5.235,"[5.102, 5.369]",bootstrap_blocs
tls,single,none,ed25519,p256_hqc128,hybride,server,4,8.735,"[8.253, 9.347]",bootstrap_blocs,4,6.445,"[6.422, 6.461]",bootstrap_blocs
tls,single,none,ed25519,p256_mlkem512,hybride,client,4,17.679,"[16.567, 19.324]",bootstrap_blocs,4,5.512,"[5.398, 5.642]",bootstrap_blocs
tls,single,none,ed25519,p256_mlkem512,hybride,server,4,2.125,"[1.976, 2.273]",bootstrap_blocs,4,6.434,"[6.252, 6.635]",bootstrap_blocs
tls,single,none,ed25519,x25519,classique,client,4,13.167,"[12.322, 14.679]",bootstrap_blocs,4,5.42,"[5.341, 5.521]",bootstrap_blocs
tls,single,none,ed25519,x25519,classique,server,4,0.919,"[0.857, 1.032]",bootstrap_blocs,4,6.085,"[6.070, 6.111]",bootstrap_blocs
tls,single,none,ed25519,x25519_hqc128,hybride,client,4,21.317,"[20.151, 23.264]",bootstrap_blocs,4,5.073,"[4.914, 5.232]",bootstrap_blocs
tls,single,none,ed25519,x25519_hqc128,hybride,server,4,7.485,"[7.079, 8.149]",bootstrap_blocs,4,6.183,"[6.174, 6.191]",bootstrap_blocs
tls,single,none,ed25519,x25519_mlkem512,hybride,client,4,13.122,"[12.461, 14.401]",bootstrap_blocs,4,5.486,"[5.307, 5.666]",bootstrap_blocs
tls,single,none,ed25519,x25519_mlkem512,hybride,server,4,1.048,"[0.945, 1.215]",bootstrap_blocs,4,6.125,"[6.122, 6.128]",bootstrap_blocs
tls,single,none,mldsa44,P-256,classique,client,4,12.678,"[12.249, 13.295]",bootstrap_blocs,4,5.38,"[5.346, 5.433]",bootstrap_blocs
tls,single,none,mldsa44,P-256,classique,server,4,1.075,"[1.014, 1.152]",bootstrap_blocs,4,6.147,"[6.146, 6.148]",bootstrap_blocs
tls,single,none,mldsa44,hqc128,pq_pur,client,4,22.616,"[20.292, 27.062]",bootstrap_blocs,4,5.248,"[5.113, 5.326]",bootstrap_blocs
tls,single,none,mldsa44,hqc128,pq_pur,server,4,8.031,"[7.212, 9.454]",bootstrap_blocs,4,6.145,"[6.075, 6.186]",bootstrap_blocs
tls,single,none,mldsa44,mlkem512,pq_pur,client,4,12.962,"[12.178, 14.402]",bootstrap_blocs,4,5.297,"[5.270, 5.322]",bootstrap_blocs
tls,single,none,mldsa44,mlkem512,pq_pur,server,4,1.142,"[1.004, 1.264]",bootstrap_blocs,4,6.191,"[6.188, 6.194]",bootstrap_blocs
tls,single,none,mldsa44,p256_hqc128,hybride,client,4,25.733,"[24.177, 28.324]",bootstrap_blocs,4,5.322,"[5.232, 5.427]",bootstrap_blocs
tls,single,none,mldsa44,p256_hqc128,hybride,server,4,8.712,"[8.318, 9.365]",bootstrap_blocs,4,6.494,"[6.472, 6.524]",bootstrap_blocs
tls,single,none,mldsa44,p256_mlkem512,hybride,client,4,17.579,"[16.733, 19.140]",bootstrap_blocs,4,5.29,"[5.130, 5.457]",bootstrap_blocs
tls,single,none,mldsa44,p256_mlkem512,hybride,server,4,2.137,"[2.019, 2.339]",bootstrap_blocs,4,6.549,"[6.488, 6.642]",bootstrap_blocs
tls,single,none,mldsa44,x25519,classique,client,4,12.462,"[12.108, 12.959]",bootstrap_blocs,4,5.323,"[5.200, 5.432]",bootstrap_blocs
tls,single,none,mldsa44,x25519,classique,server,4,1.074,"[0.984, 1.189]",bootstrap_blocs,4,6.165,"[6.143, 6.206]",bootstrap_blocs
tls,single,none,mldsa44,x25519_hqc128,hybride,client,4,20.834,"[20.100, 21.818]",bootstrap_blocs,4,5.413,"[5.254, 5.572]",bootstrap_blocs
tls,single,none,mldsa44,x25519_hqc128,hybride,server,4,7.668,"[7.342, 8.093]",bootstrap_blocs,4,6.257,"[6.184, 6.393]",bootstrap_blocs
tls,single,none,mldsa44,x25519_mlkem512,hybride,client,4,13.96,"[12.393, 15.526]",bootstrap_blocs,4,5.289,"[5.165, 5.373]",bootstrap_blocs
tls,single,none,mldsa44,x25519_mlkem512,hybride,server,4,1.234,"[1.066, 1.402]",bootstrap_blocs,4,6.166,"[6.131, 6.193]",bootstrap_blocs
tls,single,none,mldsa65,P-384,classique,client,4,13.512,"[12.833, 14.748]",bootstrap_blocs,4,5.422,"[5.254, 5.590]",bootstrap_blocs
tls,single,none,mldsa65,P-384,classique,server,4,1.818,"[1.688, 1.948]",bootstrap_blocs,4,6.169,"[6.147, 6.182]",bootstrap_blocs
tls,single,none,mldsa65,hqc192,pq_pur,client,4,38.619,"[36.683, 42.440]",bootstrap_blocs,4,5.367,"[5.246, 5.527]",bootstrap_blocs
tls,single,none,mldsa65,hqc192,pq_pur,server,4,20.346,"[19.233, 22.403]",bootstrap_blocs,4,6.242,"[6.233, 6.251]",bootstrap_blocs
tls,single,none,mldsa65,mlkem768,pq_pur,client,4,12.979,"[12.284, 14.316]",bootstrap_blocs,4,5.385,"[5.283, 5.475]",bootstrap_blocs
tls,single,none,mldsa65,mlkem768,pq_pur,server,4,1.097,"[1.017, 1.205]",bootstrap_blocs,4,6.171,"[6.091, 6.213]",bootstrap_blocs
tls,single,none,mldsa65,p384_hqc192,hybride,client,4,44.217,"[41.521, 48.889]",bootstrap_blocs,4,5.362,"[5.189, 5.597]",bootstrap_blocs
tls,single,none,mldsa65,p384_hqc192,hybride,server,4,22.385,"[21.060, 24.743]",bootstrap_blocs,4,6.479,"[6.372, 6.549]",bootstrap_blocs
tls,single,none,mldsa65,p384_mlkem768,hybride,client,4,18.725,"[17.615, 20.203]",bootstrap_blocs,4,5.31,"[5.166, 5.458]",bootstrap_blocs
tls,single,none,mldsa65,p384_mlkem768,hybride,server,4,3.3,"[3.136, 3.465]",bootstrap_blocs,4,6.58,"[6.520, 6.701]",bootstrap_blocs
tls,single,none,mldsa65,x448,classique,client,4,14.046,"[12.863, 16.066]",bootstrap_blocs,4,5.443,"[5.243, 5.637]",bootstrap_blocs
tls,single,none,mldsa65,x448,classique,server,4,1.824,"[1.474, 2.264]",bootstrap_blocs,4,6.156,"[6.110, 6.190]",bootstrap_blocs
tls,single,none,mldsa65,x448_hqc192,hybride,client,4,39.07,"[37.126, 42.276]",bootstrap_blocs,4,5.276,"[5.209, 5.351]",bootstrap_blocs
tls,single,none,mldsa65,x448_hqc192,hybride,server,4,21.055,"[19.981, 22.660]",bootstrap_blocs,4,6.261,"[6.229, 6.292]",bootstrap_blocs
tls,single,none,mldsa65,x448_mlkem768,hybride,client,4,13.75,"[12.960, 15.186]",bootstrap_blocs,4,5.306,"[5.166, 5.462]",bootstrap_blocs
tls,single,none,mldsa65,x448_mlkem768,hybride,server,4,1.884,"[1.780, 2.043]",bootstrap_blocs,4,6.194,"[6.157, 6.221]",bootstrap_blocs
tls,single,none,mldsa87,P-521,classique,client,4,13.535,"[12.662, 14.997]",bootstrap_blocs,4,5.351,"[5.315, 5.385]",bootstrap_blocs
tls,single,none,mldsa87,P-521,classique,server,4,1.812,"[1.721, 1.988]",bootstrap_blocs,4,6.237,"[6.220, 6.270]",bootstrap_blocs
tls,single,none,mldsa87,hqc256,pq_pur,client,4,60.212,"[58.145, 63.370]",bootstrap_blocs,4,5.43,"[5.316, 5.543]",bootstrap_blocs
tls,single,none,mldsa87,hqc256,pq_pur,server,4,36.032,"[34.988, 38.041]",bootstrap_blocs,4,6.271,"[6.159, 6.353]",bootstrap_blocs
tls,single,none,mldsa87,mlkem1024,pq_pur,client,4,13.142,"[12.265, 14.555]",bootstrap_blocs,4,5.204,"[5.143, 5.283]",bootstrap_blocs
tls,single,none,mldsa87,mlkem1024,pq_pur,server,4,1.19,"[1.079, 1.300]",bootstrap_blocs,4,6.32,"[6.268, 6.411]",bootstrap_blocs
tls,single,none,mldsa87,p521_hqc256,hybride,client,4,64.025,"[61.825, 67.550]",bootstrap_blocs,4,5.188,"[4.967, 5.410]",bootstrap_blocs
tls,single,none,mldsa87,p521_hqc256,hybride,server,4,37.302,"[35.748, 39.594]",bootstrap_blocs,4,6.637,"[6.628, 6.647]",bootstrap_blocs
tls,single,none,mldsa87,p521_mlkem1024,hybride,client,4,19.158,"[17.646, 21.777]",bootstrap_blocs,4,5.42,"[5.326, 5.514]",bootstrap_blocs
tls,single,none,mldsa87,p521_mlkem1024,hybride,server,4,3.387,"[3.178, 3.703]",bootstrap_blocs,4,6.497,"[6.361, 6.566]",bootstrap_blocs
tls,single,none,secp384r1,P-384,classique,client,4,14.979,"[13.788, 17.183]",bootstrap_blocs,4,5.339,"[5.200, 5.490]",bootstrap_blocs
tls,single,none,secp384r1,P-384,classique,server,4,2.011,"[1.743, 2.477]",bootstrap_blocs,4,6.097,"[6.068, 6.144]",bootstrap_blocs
tls,single,none,secp384r1,hqc192,pq_pur,client,4,38.82,"[37.068, 41.943]",bootstrap_blocs,4,5.307,"[5.277, 5.332]",bootstrap_blocs
tls,single,none,secp384r1,hqc192,pq_pur,server,4,20.192,"[19.231, 21.862]",bootstrap_blocs,4,6.202,"[6.175, 6.219]",bootstrap_blocs
tls,single,none,secp384r1,mlkem768,pq_pur,client,4,13.731,"[13.287, 14.409]",bootstrap_blocs,4,5.484,"[5.297, 5.681]",bootstrap_blocs
tls,single,none,secp384r1,mlkem768,pq_pur,server,4,1.178,"[1.087, 1.268]",bootstrap_blocs,4,6.053,"[5.938, 6.116]",bootstrap_blocs
tls,single,none,secp384r1,p384_hqc192,hybride,client,4,44.048,"[41.985, 47.891]",bootstrap_blocs,4,5.35,"[5.197, 5.508]",bootstrap_blocs
tls,single,none,secp384r1,p384_hqc192,hybride,server,4,22.006,"[20.910, 24.095]",bootstrap_blocs,4,6.564,"[6.496, 6.686]",bootstrap_blocs
tls,single,none,secp384r1,p384_mlkem768,hybride,client,4,19.329,"[18.449, 21.006]",bootstrap_blocs,4,5.343,"[5.316, 5.376]",bootstrap_blocs
tls,single,none,secp384r1,p384_mlkem768,hybride,server,4,3.213,"[2.997, 3.550]",bootstrap_blocs,4,6.347,"[6.238, 6.414]",bootstrap_blocs
tls,single,none,secp384r1,x448,classique,client,4,13.903,"[13.383, 14.606]",bootstrap_blocs,4,5.425,"[5.361, 5.491]",bootstrap_blocs
tls,single,none,secp384r1,x448,classique,server,4,1.535,"[1.474, 1.596]",bootstrap_blocs,4,6.057,"[6.053, 6.061]",bootstrap_blocs
tls,single,none,secp384r1,x448_hqc192,hybride,client,4,39.844,"[37.753, 43.471]",bootstrap_blocs,4,5.369,"[5.285, 5.496]",bootstrap_blocs
tls,single,none,secp384r1,x448_hqc192,hybride,server,4,20.978,"[19.818, 22.961]",bootstrap_blocs,4,6.211,"[6.205, 6.217]",bootstrap_blocs
tls,single,none,secp384r1,x448_mlkem768,hybride,client,4,14.952,"[13.998, 16.564]",bootstrap_blocs,4,5.3,"[5.246, 5.352]",bootstrap_blocs
tls,single,none,secp384r1,x448_mlkem768,hybride,server,4,1.968,"[1.848, 2.173]",bootstrap_blocs,4,6.168,"[6.076, 6.308]",bootstrap_blocs
tls,single,none,secp521r1,P-521,classique,client,4,14.805,"[13.837, 16.354]",bootstrap_blocs,4,5.349,"[5.156, 5.541]",bootstrap_blocs
tls,single,none,secp521r1,P-521,classique,server,4,1.98,"[1.810, 2.198]",bootstrap_blocs,4,6.046,"[5.984, 6.080]",bootstrap_blocs
tls,single,none,secp521r1,hqc256,pq_pur,client,4,58.991,"[58.064, 60.090]",bootstrap_blocs,4,5.262,"[5.137, 5.387]",bootstrap_blocs
tls,single,none,secp521r1,hqc256,pq_pur,server,4,35.261,"[34.472, 36.204]",bootstrap_blocs,4,6.337,"[6.328, 6.343]",bootstrap_blocs
tls,single,none,secp521r1,mlkem1024,pq_pur,client,4,14.273,"[13.503, 15.651]",bootstrap_blocs,4,5.221,"[4.927, 5.481]",bootstrap_blocs
tls,single,none,secp521r1,mlkem1024,pq_pur,server,4,1.259,"[1.185, 1.379]",bootstrap_blocs,4,6.122,"[6.098, 6.138]",bootstrap_blocs
tls,single,none,secp521r1,p521_hqc256,hybride,client,4,65.167,"[62.734, 68.997]",bootstrap_blocs,4,5.296,"[5.086, 5.506]",bootstrap_blocs
tls,single,none,secp521r1,p521_hqc256,hybride,server,4,37.431,"[35.955, 39.768]",bootstrap_blocs,4,6.691,"[6.613, 6.840]",bootstrap_blocs
tls,single,none,secp521r1,p521_mlkem1024,hybride,client,4,19.453,"[18.435, 21.118]",bootstrap_blocs,4,5.53,"[5.504, 5.557]",bootstrap_blocs
tls,single,none,secp521r1,p521_mlkem1024,hybride,server,4,3.269,"[3.111, 3.506]",bootstrap_blocs,4,6.497,"[6.423, 6.621]",bootstrap_blocs
tls,single,simple_loss1.3_delay62.51ms,ed25519,P-256,classique,client,4,30.235,"[29.571, 30.909]",bootstrap_blocs,4,5.389,"[5.267, 5.517]",bootstrap_blocs
tls,single,simple_loss1.3_delay62.51ms,ed25519,P-256,classique,server,4,2.92,"[2.873, 2.958]",bootstrap_blocs,4,6.068,"[6.043, 6.094]",bootstrap_blocs
tls,single,simple_loss1.3_delay62.51ms,ed25519,hqc128,pq_pur,client,4,47.439,"[47.013, 47.872]",bootstrap_blocs,4,5.426,"[5.297, 5.547]",bootstrap_blocs
tls,single,simple_loss1.3_delay62.51ms,ed25519,hqc128,pq_pur,server,4,23.42,"[23.224, 23.727]",bootstrap_blocs,4,6.183,"[6.181, 6.184]",bootstrap_blocs
tls,single,simple_loss1.3_delay62.51ms,ed25519,mlkem512,pq_pur,client,4,33.776,"[30.702, 38.361]",bootstrap_blocs,4,5.311,"[5.240, 5.381]",bootstrap_blocs
tls,single,simple_loss1.3_delay62.51ms,ed25519,mlkem512,pq_pur,server,4,2.567,"[2.492, 2.640]",bootstrap_blocs,4,6.129,"[6.119, 6.137]",bootstrap_blocs
tls,single,simple_loss1.3_delay62.51ms,ed25519,p256_hqc128,hybride,client,4,52.421,"[52.040, 52.802]",bootstrap_blocs,4,5.332,"[5.203, 5.486]",bootstrap_blocs
tls,single,simple_loss1.3_delay62.51ms,ed25519,p256_hqc128,hybride,server,4,26.752,"[26.178, 27.196]",bootstrap_blocs,4,6.454,"[6.438, 6.466]",bootstrap_blocs
tls,single,simple_loss1.3_delay62.51ms,ed25519,p256_mlkem512,hybride,client,4,37.789,"[36.403, 39.348]",bootstrap_blocs,4,5.402,"[5.191, 5.613]",bootstrap_blocs
tls,single,simple_loss1.3_delay62.51ms,ed25519,p256_mlkem512,hybride,server,4,6.21,"[5.970, 6.450]",bootstrap_blocs,4,6.427,"[6.422, 6.432]",bootstrap_blocs
tls,single,simple_loss1.3_delay62.51ms,ed25519,x25519,classique,client,4,28.162,"[26.563, 29.762]",bootstrap_blocs,4,5.396,"[5.277, 5.516]",bootstrap_blocs
tls,single,simple_loss1.3_delay62.51ms,ed25519,x25519,classique,server,4,2.832,"[2.685, 2.979]",bootstrap_blocs,4,6.065,"[6.046, 6.082]",bootstrap_blocs
tls,single,simple_loss1.3_delay62.51ms,ed25519,x25519_hqc128,hybride,client,4,47.154,"[46.472, 47.836]",bootstrap_blocs,4,5.395,"[5.263, 5.510]",bootstrap_blocs
tls,single,simple_loss1.3_delay62.51ms,ed25519,x25519_hqc128,hybride,server,4,23.649,"[21.925, 24.694]",bootstrap_blocs,4,6.176,"[6.172, 6.184]",bootstrap_blocs
tls,single,simple_loss1.3_delay62.51ms,ed25519,x25519_mlkem512,hybride,client,4,32.207,"[30.297, 33.818]",bootstrap_blocs,4,5.421,"[5.207, 5.543]",bootstrap_blocs
tls,single,simple_loss1.3_delay62.51ms,ed25519,x25519_mlkem512,hybride,server,4,3.177,"[3.049, 3.296]",bootstrap_blocs,4,6.141,"[6.109, 6.197]",bootstrap_blocs
tls,single,simple_loss1.3_delay62.51ms,mldsa44,P-256,classique,client,4,30.304,"[27.930, 32.678]",bootstrap_blocs,4,5.434,"[5.383, 5.529]",bootstrap_blocs
tls,single,simple_loss1.3_delay62.51ms,mldsa44,P-256,classique,server,4,3.219,"[3.068, 3.369]",bootstrap_blocs,4,6.138,"[6.121, 6.149]",bootstrap_blocs
tls,single,simple_loss1.3_delay62.51ms,mldsa44,hqc128,pq_pur,client,4,46.648,"[45.375, 47.653]",bootstrap_blocs,4,5.352,"[5.240, 5.467]",bootstrap_blocs
tls,single,simple_loss1.3_delay62.51ms,mldsa44,hqc128,pq_pur,server,4,22.513,"[21.407, 23.619]",bootstrap_blocs,4,6.182,"[6.171, 6.194]",bootstrap_blocs
tls,single,simple_loss1.3_delay62.51ms,mldsa44,mlkem512,pq_pur,client,4,30.433,"[29.508, 31.330]",bootstrap_blocs,4,5.32,"[5.201, 5.391]",bootstrap_blocs
tls,single,simple_loss1.3_delay62.51ms,mldsa44,mlkem512,pq_pur,server,4,2.975,"[2.890, 3.059]",bootstrap_blocs,4,6.176,"[6.145, 6.195]",bootstrap_blocs
tls,single,simple_loss1.3_delay62.51ms,mldsa44,p256_hqc128,hybride,client,4,51.519,"[49.852, 53.186]",bootstrap_blocs,4,5.388,"[5.265, 5.504]",bootstrap_blocs
tls,single,simple_loss1.3_delay62.51ms,mldsa44,p256_hqc128,hybride,server,4,25.399,"[24.161, 26.637]",bootstrap_blocs,4,6.481,"[6.463, 6.496]",bootstrap_blocs
tls,single,simple_loss1.3_delay62.51ms,mldsa44,p256_mlkem512,hybride,client,4,41.123,"[39.191, 43.055]",bootstrap_blocs,4,5.343,"[5.143, 5.543]",bootstrap_blocs
tls,single,simple_loss1.3_delay62.51ms,mldsa44,p256_mlkem512,hybride,server,4,6.586,"[6.415, 6.800]",bootstrap_blocs,4,6.545,"[6.482, 6.660]",bootstrap_blocs
tls,single,simple_loss1.3_delay62.51ms,mldsa44,x25519,classique,client,4,29.808,"[28.927, 30.688]",bootstrap_blocs,4,5.424,"[5.346, 5.521]",bootstrap_blocs
tls,single,simple_loss1.3_delay62.51ms,mldsa44,x25519,classique,server,4,3.106,"[3.052, 3.160]",bootstrap_blocs,4,6.207,"[6.125, 6.361]",bootstrap_blocs
tls,single,simple_loss1.3_delay62.51ms,mldsa44,x25519_hqc128,hybride,client,4,46.74,"[46.495, 46.923]",bootstrap_blocs,4,5.334,"[5.305, 5.368]",bootstrap_blocs
tls,single,simple_loss1.3_delay62.51ms,mldsa44,x25519_hqc128,hybride,server,4,22.525,"[21.029, 24.020]",bootstrap_blocs,4,6.176,"[6.155, 6.188]",bootstrap_blocs
tls,single,simple_loss1.3_delay62.51ms,mldsa44,x25519_mlkem512,hybride,client,4,30.961,"[29.605, 32.559]",bootstrap_blocs,4,5.141,"[4.920, 5.423]",bootstrap_blocs
tls,single,simple_loss1.3_delay62.51ms,mldsa44,x25519_mlkem512,hybride,server,4,3.615,"[3.462, 3.764]",bootstrap_blocs,4,6.29,"[6.152, 6.428]",bootstrap_blocs
tls,single,simple_loss1.3_delay62.51ms,mldsa65,P-384,classique,client,4,35.375,"[30.956, 40.158]",bootstrap_blocs,4,5.451,"[5.226, 5.796]",bootstrap_blocs
tls,single,simple_loss1.3_delay62.51ms,mldsa65,P-384,classique,server,4,5.657,"[5.473, 5.900]",bootstrap_blocs,4,6.175,"[6.153, 6.193]",bootstrap_blocs
tls,single,simple_loss1.3_delay62.51ms,mldsa65,hqc192,pq_pur,client,4,79.94,"[77.425, 82.018]",bootstrap_blocs,4,5.36,"[4.914, 5.626]",bootstrap_blocs
tls,single,simple_loss1.3_delay62.51ms,mldsa65,hqc192,pq_pur,server,4,44.351,"[43.040, 45.563]",bootstrap_blocs,4,6.222,"[6.199, 6.244]",bootstrap_blocs
tls,single,simple_loss1.3_delay62.51ms,mldsa65,mlkem768,pq_pur,client,4,28.595,"[26.835, 30.354]",bootstrap_blocs,4,5.516,"[5.334, 5.699]",bootstrap_blocs
tls,single,simple_loss1.3_delay62.51ms,mldsa65,mlkem768,pq_pur,server,4,3.265,"[3.177, 3.327]",bootstrap_blocs,4,6.205,"[6.188, 6.219]",bootstrap_blocs
tls,single,simple_loss1.3_delay62.51ms,mldsa65,p384_hqc192,hybride,client,4,86.704,"[85.509, 87.813]",bootstrap_blocs,4,5.484,"[5.215, 5.760]",bootstrap_blocs
tls,single,simple_loss1.3_delay62.51ms,mldsa65,p384_hqc192,hybride,server,4,46.743,"[46.443, 47.044]",bootstrap_blocs,4,6.551,"[6.545, 6.557]",bootstrap_blocs
tls,single,simple_loss1.3_delay62.51ms,mldsa65,p384_mlkem768,hybride,client,4,40.351,"[38.093, 42.608]",bootstrap_blocs,4,5.337,"[5.252, 5.389]",bootstrap_blocs
tls,single,simple_loss1.3_delay62.51ms,mldsa65,p384_mlkem768,hybride,server,4,9.008,"[8.603, 9.413]",bootstrap_blocs,4,6.51,"[6.496, 6.520]",bootstrap_blocs
tls,single,simple_loss1.3_delay62.51ms,mldsa65,x448,classique,client,4,31.777,"[30.222, 33.332]",bootstrap_blocs,4,5.338,"[5.312, 5.371]",bootstrap_blocs
tls,single,simple_loss1.3_delay62.51ms,mldsa65,x448,classique,server,4,4.677,"[4.489, 4.865]",bootstrap_blocs,4,6.165,"[6.148, 6.177]",bootstrap_blocs
tls,single,simple_loss1.3_delay62.51ms,mldsa65,x448_hqc192,hybride,client,4,80.974,"[79.482, 82.241]",bootstrap_blocs,4,5.304,"[5.045, 5.505]",bootstrap_blocs
tls,single,simple_loss1.3_delay62.51ms,mldsa65,x448_hqc192,hybride,server,4,45.161,"[44.220, 45.985]",bootstrap_blocs,4,6.254,"[6.250, 6.259]",bootstrap_blocs
tls,single,simple_loss1.3_delay62.51ms,mldsa65,x448_mlkem768,hybride,client,4,31.822,"[29.912, 33.731]",bootstrap_blocs,4,5.312,"[5.223, 5.438]",bootstrap_blocs
tls,single,simple_loss1.3_delay62.51ms,mldsa65,x448_mlkem768,hybride,server,4,5.805,"[5.672, 5.939]",bootstrap_blocs,4,6.224,"[6.210, 6.244]",bootstrap_blocs
tls,single,simple_loss1.3_delay62.51ms,mldsa87,P-521,classique,client,4,33.088,"[32.801, 33.376]",bootstrap_blocs,4,5.344,"[5.184, 5.504]",bootstrap_blocs
tls,single,simple_loss1.3_delay62.51ms,mldsa87,P-521,classique,server,4,5.89,"[5.737, 6.045]",bootstrap_blocs,4,6.206,"[6.185, 6.223]",bootstrap_blocs
tls,single,simple_loss1.3_delay62.51ms,mldsa87,hqc256,pq_pur,client,4,83.732,"[82.783, 84.653]",bootstrap_blocs,4,5.311,"[5.197, 5.424]",bootstrap_blocs
tls,single,simple_loss1.3_delay62.51ms,mldsa87,hqc256,pq_pur,server,4,59.314,"[57.864, 60.925]",bootstrap_blocs,4,6.357,"[6.330, 6.375]",bootstrap_blocs
tls,single,simple_loss1.3_delay62.51ms,mldsa87,mlkem1024,pq_pur,client,4,32.718,"[28.538, 39.093]",bootstrap_blocs,4,5.416,"[5.338, 5.525]",bootstrap_blocs
tls,single,simple_loss1.3_delay62.51ms,mldsa87,mlkem1024,pq_pur,server,4,3.481,"[3.345, 3.616]",bootstrap_blocs,4,6.264,"[6.229, 6.295]",bootstrap_blocs
tls,single,simple_loss1.3_delay62.51ms,mldsa87,p521_hqc256,hybride,client,4,88.452,"[86.899, 89.769]",bootstrap_blocs,4,5.507,"[5.348, 5.666]",bootstrap_blocs
tls,single,simple_loss1.3_delay62.51ms,mldsa87,p521_hqc256,hybride,server,4,60.184,"[59.059, 61.892]",bootstrap_blocs,4,6.638,"[6.624, 6.646]",bootstrap_blocs
tls,single,simple_loss1.3_delay62.51ms,mldsa87,p521_mlkem1024,hybride,client,4,43.317,"[42.029, 44.605]",bootstrap_blocs,4,5.48,"[5.356, 5.706]",bootstrap_blocs
tls,single,simple_loss1.3_delay62.51ms,mldsa87,p521_mlkem1024,hybride,server,4,9.362,"[8.926, 9.797]",bootstrap_blocs,4,6.571,"[6.566, 6.578]",bootstrap_blocs
tls,single,simple_loss1.3_delay62.51ms,secp384r1,P-384,classique,client,4,35.307,"[33.016, 37.598]",bootstrap_blocs,4,5.385,"[5.271, 5.509]",bootstrap_blocs
tls,single,simple_loss1.3_delay62.51ms,secp384r1,P-384,classique,server,4,5.77,"[5.613, 5.927]",bootstrap_blocs,4,6.061,"[6.040, 6.075]",bootstrap_blocs
tls,single,simple_loss1.3_delay62.51ms,secp384r1,hqc192,pq_pur,client,4,65.758,"[64.268, 67.669]",bootstrap_blocs,4,5.312,"[5.252, 5.367]",bootstrap_blocs
tls,single,simple_loss1.3_delay62.51ms,secp384r1,hqc192,pq_pur,server,4,45.753,"[44.085, 47.652]",bootstrap_blocs,4,6.221,"[6.216, 6.228]",bootstrap_blocs
tls,single,simple_loss1.3_delay62.51ms,secp384r1,mlkem768,pq_pur,client,4,33.419,"[31.356, 35.482]",bootstrap_blocs,4,5.312,"[5.170, 5.455]",bootstrap_blocs
tls,single,simple_loss1.3_delay62.51ms,secp384r1,mlkem768,pq_pur,server,4,3.523,"[3.385, 3.641]",bootstrap_blocs,4,6.063,"[5.979, 6.107]",bootstrap_blocs
tls,single,simple_loss1.3_delay62.51ms,secp384r1,p384_hqc192,hybride,client,4,68.944,"[67.703, 70.184]",bootstrap_blocs,4,5.29,"[5.230, 5.350]",bootstrap_blocs
tls,single,simple_loss1.3_delay62.51ms,secp384r1,p384_hqc192,hybride,server,4,47.022,"[45.140, 48.905]",bootstrap_blocs,4,6.543,"[6.471, 6.660]",bootstrap_blocs
tls,single,simple_loss1.3_delay62.51ms,secp384r1,p384_mlkem768,hybride,client,4,44.941,"[42.343, 47.539]",bootstrap_blocs,4,5.192,"[5.002, 5.318]",bootstrap_blocs
tls,single,simple_loss1.3_delay62.51ms,secp384r1,p384_mlkem768,hybride,server,4,9.228,"[8.789, 9.667]",bootstrap_blocs,4,6.416,"[6.394, 6.431]",bootstrap_blocs
tls,single,simple_loss1.3_delay62.51ms,secp384r1,x448,classique,client,4,33.71,"[30.881, 36.538]",bootstrap_blocs,4,5.383,"[5.189, 5.576]",bootstrap_blocs
tls,single,simple_loss1.3_delay62.51ms,secp384r1,x448,classique,server,4,5.009,"[4.657, 5.338]",bootstrap_blocs,4,6.06,"[6.056, 6.064]",bootstrap_blocs
tls,single,simple_loss1.3_delay62.51ms,secp384r1,x448_hqc192,hybride,client,4,65.694,"[64.453, 66.906]",bootstrap_blocs,4,5.276,"[5.150, 5.421]",bootstrap_blocs
tls,single,simple_loss1.3_delay62.51ms,secp384r1,x448_hqc192,hybride,server,4,45.671,"[44.578, 46.764]",bootstrap_blocs,4,6.217,"[6.213, 6.221]",bootstrap_blocs
tls,single,simple_loss1.3_delay62.51ms,secp384r1,x448_mlkem768,hybride,client,4,35.041,"[33.371, 36.777]",bootstrap_blocs,4,5.453,"[5.157, 5.681]",bootstrap_blocs
tls,single,simple_loss1.3_delay62.51ms,secp384r1,x448_mlkem768,hybride,server,4,6.171,"[5.959, 6.383]",bootstrap_blocs,4,6.107,"[6.104, 6.111]",bootstrap_blocs
tls,single,simple_loss1.3_delay62.51ms,secp521r1,P-521,classique,client,4,33.533,"[31.772, 35.676]",bootstrap_blocs,4,5.257,"[5.077, 5.369]",bootstrap_blocs
tls,single,simple_loss1.3_delay62.51ms,secp521r1,P-521,classique,server,4,5.848,"[5.611, 6.153]",bootstrap_blocs,4,6.065,"[6.058, 6.074]",bootstrap_blocs
tls,single,simple_loss1.3_delay62.51ms,secp521r1,hqc256,pq_pur,client,4,82.072,"[80.527, 83.837]",bootstrap_blocs,4,5.522,"[5.371, 5.674]",bootstrap_blocs
tls,single,simple_loss1.3_delay62.51ms,secp521r1,hqc256,pq_pur,server,4,59.285,"[58.168, 60.403]",bootstrap_blocs,4,6.334,"[6.327, 6.339]",bootstrap_blocs
tls,single,simple_loss1.3_delay62.51ms,secp521r1,mlkem1024,pq_pur,client,4,34.55,"[32.221, 36.879]",bootstrap_blocs,4,5.395,"[5.234, 5.607]",bootstrap_blocs
tls,single,simple_loss1.3_delay62.51ms,secp521r1,mlkem1024,pq_pur,server,4,3.943,"[3.814, 4.074]",bootstrap_blocs,4,6.218,"[6.137, 6.358]",bootstrap_blocs
tls,single,simple_loss1.3_delay62.51ms,secp521r1,p521_hqc256,hybride,client,4,89.033,"[87.921, 89.903]",bootstrap_blocs,4,5.361,"[5.186, 5.537]",bootstrap_blocs
tls,single,simple_loss1.3_delay62.51ms,secp521r1,p521_hqc256,hybride,server,4,61.721,"[61.117, 62.326]",bootstrap_blocs,4,6.668,"[6.604, 6.781]",bootstrap_blocs
tls,single,simple_loss1.3_delay62.51ms,secp521r1,p521_mlkem1024,hybride,client,4,45.25,"[44.760, 45.787]",bootstrap_blocs,4,5.366,"[5.214, 5.502]",bootstrap_blocs
tls,single,simple_loss1.3_delay62.51ms,secp521r1,p521_mlkem1024,hybride,server,4,9.856,"[9.728, 9.965]",bootstrap_blocs,4,6.492,"[6.403, 6.622]",bootstrap_blocs
tls,single,simple_loss1.5833_delay83.52ms,ed25519,P-256,classique,client,4,32.872,"[28.050, 41.791]",bootstrap_blocs,4,5.219,"[4.731, 5.532]",bootstrap_blocs
tls,single,simple_loss1.5833_delay83.52ms,ed25519,P-256,classique,server,4,3.478,"[3.135, 3.935]",bootstrap_blocs,4,6.049,"[6.033, 6.070]",bootstrap_blocs
tls,single,simple_loss1.5833_delay83.52ms,ed25519,hqc128,pq_pur,client,4,56.475,"[44.125, 80.598]",bootstrap_blocs,4,5.521,"[5.450, 5.592]",bootstrap_blocs
tls,single,simple_loss1.5833_delay83.52ms,ed25519,hqc128,pq_pur,server,4,23.978,"[19.892, 30.114]",bootstrap_blocs,4,6.18,"[6.172, 6.188]",bootstrap_blocs
tls,single,simple_loss1.5833_delay83.52ms,ed25519,mlkem512,pq_pur,client,4,33.683,"[27.556, 40.970]",bootstrap_blocs,4,5.388,"[5.266, 5.521]",bootstrap_blocs
tls,single,simple_loss1.5833_delay83.52ms,ed25519,mlkem512,pq_pur,server,4,3.052,"[2.661, 3.680]",bootstrap_blocs,4,6.134,"[6.111, 6.149]",bootstrap_blocs
tls,single,simple_loss1.5833_delay83.52ms,ed25519,p256_hqc128,hybride,client,4,63.839,"[48.089, 92.361]",bootstrap_blocs,4,5.37,"[5.290, 5.467]",bootstrap_blocs
tls,single,simple_loss1.5833_delay83.52ms,ed25519,p256_hqc128,hybride,server,4,27.754,"[23.070, 33.621]",bootstrap_blocs,4,6.467,"[6.451, 6.494]",bootstrap_blocs
tls,single,simple_loss1.5833_delay83.52ms,ed25519,p256_mlkem512,hybride,client,4,45.94,"[35.247, 63.826]",bootstrap_blocs,4,5.471,"[5.395, 5.547]",bootstrap_blocs
tls,single,simple_loss1.5833_delay83.52ms,ed25519,p256_mlkem512,hybride,server,4,6.938,"[5.986, 8.515]",bootstrap_blocs,4,6.564,"[6.429, 6.829]",bootstrap_blocs
tls,single,simple_loss1.5833_delay83.52ms,ed25519,x25519,classique,client,4,31.798,"[26.834, 40.609]",bootstrap_blocs,4,5.234,"[5.100, 5.369]",bootstrap_blocs
tls,single,simple_loss1.5833_delay83.52ms,ed25519,x25519,classique,server,4,3.141,"[2.716, 3.829]",bootstrap_blocs,4,6.069,"[6.062, 6.074]",bootstrap_blocs
tls,single,simple_loss1.5833_delay83.52ms,ed25519,x25519_hqc128,hybride,client,4,54.186,"[44.091, 70.172]",bootstrap_blocs,4,5.417,"[5.269, 5.549]",bootstrap_blocs
tls,single,simple_loss1.5833_delay83.52ms,ed25519,x25519_hqc128,hybride,server,4,23.762,"[20.915, 27.186]",bootstrap_blocs,4,6.202,"[6.184, 6.221]",bootstrap_blocs
tls,single,simple_loss1.5833_delay83.52ms,ed25519,x25519_mlkem512,hybride,client,4,31.728,"[26.030, 40.023]",bootstrap_blocs,4,5.415,"[5.244, 5.687]",bootstrap_blocs
tls,single,simple_loss1.5833_delay83.52ms,ed25519,x25519_mlkem512,hybride,server,4,3.542,"[3.188, 3.904]",bootstrap_blocs,4,6.138,"[6.081, 6.219]",bootstrap_blocs
tls,single,simple_loss1.5833_delay83.52ms,mldsa44,P-256,classique,client,4,32.662,"[25.541, 43.728]",bootstrap_blocs,4,5.255,"[5.098, 5.364]",bootstrap_blocs
tls,single,simple_loss1.5833_delay83.52ms,mldsa44,P-256,classique,server,4,3.769,"[3.158, 4.830]",bootstrap_blocs,4,6.411,"[6.146, 6.931]",bootstrap_blocs
tls,single,simple_loss1.5833_delay83.52ms,mldsa44,hqc128,pq_pur,client,4,51.132,"[43.276, 66.250]",bootstrap_blocs,4,5.439,"[5.324, 5.555]",bootstrap_blocs
tls,single,simple_loss1.5833_delay83.52ms,mldsa44,hqc128,pq_pur,server,4,22.094,"[20.165, 25.475]",bootstrap_blocs,4,6.235,"[6.180, 6.341]",bootstrap_blocs
tls,single,simple_loss1.5833_delay83.52ms,mldsa44,mlkem512,pq_pur,client,4,31.398,"[26.553, 38.069]",bootstrap_blocs,4,5.467,"[5.408, 5.527]",bootstrap_blocs
tls,single,simple_loss1.5833_delay83.52ms,mldsa44,mlkem512,pq_pur,server,4,3.275,"[3.136, 3.415]",bootstrap_blocs,4,6.199,"[6.172, 6.230]",bootstrap_blocs
tls,single,simple_loss1.5833_delay83.52ms,mldsa44,p256_hqc128,hybride,client,4,59.128,"[48.897, 78.517]",bootstrap_blocs,4,5.508,"[5.354, 5.625]",bootstrap_blocs
tls,single,simple_loss1.5833_delay83.52ms,mldsa44,p256_hqc128,hybride,server,4,25.473,"[23.001, 28.994]",bootstrap_blocs,4,6.476,"[6.456, 6.490]",bootstrap_blocs
tls,single,simple_loss1.5833_delay83.52ms,mldsa44,p256_mlkem512,hybride,client,4,44.643,"[37.595, 55.800]",bootstrap_blocs,4,5.387,"[5.177, 5.638]",bootstrap_blocs
tls,single,simple_loss1.5833_delay83.52ms,mldsa44,p256_mlkem512,hybride,server,4,6.905,"[6.513, 7.381]",bootstrap_blocs,4,6.466,"[6.453, 6.479]",bootstrap_blocs
tls,single,simple_loss1.5833_delay83.52ms,mldsa44,x25519,classique,client,4,31.398,"[26.694, 40.096]",bootstrap_blocs,4,5.438,"[5.295, 5.546]",bootstrap_blocs
tls,single,simple_loss1.5833_delay83.52ms,mldsa44,x25519,classique,server,4,3.568,"[3.129, 4.178]",bootstrap_blocs,4,6.203,"[6.134, 6.339]",bootstrap_blocs
tls,single,simple_loss1.5833_delay83.52ms,mldsa44,x25519_hqc128,hybride,client,4,53.123,"[45.104, 67.639]",bootstrap_blocs,4,5.434,"[5.203, 5.570]",bootstrap_blocs
tls,single,simple_loss1.5833_delay83.52ms,mldsa44,x25519_hqc128,hybride,server,4,22.799,"[20.785, 26.132]",bootstrap_blocs,4,6.308,"[6.188, 6.528]",bootstrap_blocs
tls,single,simple_loss1.5833_delay83.52ms,mldsa44,x25519_mlkem512,hybride,client,4,31.847,"[26.589, 41.461]",bootstrap_blocs,4,5.43,"[5.365, 5.494]",bootstrap_blocs
tls,single,simple_loss1.5833_delay83.52ms,mldsa44,x25519_mlkem512,hybride,server,4,3.881,"[3.349, 4.506]",bootstrap_blocs,4,6.165,"[6.137, 6.184]",bootstrap_blocs
tls,single,simple_loss1.5833_delay83.52ms,mldsa65,P-384,classique,client,4,35.035,"[28.362, 43.777]",bootstrap_blocs,4,5.35,"[5.301, 5.381]",bootstrap_blocs
tls,single,simple_loss1.5833_delay83.52ms,mldsa65,P-384,classique,server,4,6.003,"[5.221, 6.864]",bootstrap_blocs,4,6.357,"[6.186, 6.686]",bootstrap_blocs
tls,single,simple_loss1.5833_delay83.52ms,mldsa65,hqc192,pq_pur,client,4,93.58,"[77.159, 121.441]",bootstrap_blocs,4,5.576,"[5.357, 5.905]",bootstrap_blocs
tls,single,simple_loss1.5833_delay83.52ms,mldsa65,hqc192,pq_pur,server,4,49.556,"[40.088, 65.470]",bootstrap_blocs,4,6.25,"[6.241, 6.259]",bootstrap_blocs
tls,single,simple_loss1.5833_delay83.52ms,mldsa65,mlkem768,pq_pur,client,4,32.063,"[25.672, 39.621]",bootstrap_blocs,4,5.332,"[5.182, 5.457]",bootstrap_blocs
tls,single,simple_loss1.5833_delay83.52ms,mldsa65,mlkem768,pq_pur,server,4,3.697,"[3.344, 4.381]",bootstrap_blocs,4,6.271,"[6.219, 6.368]",bootstrap_blocs
tls,single,simple_loss1.5833_delay83.52ms,mldsa65,p384_hqc192,hybride,client,4,104.958,"[83.893, 145.323]",bootstrap_blocs,4,5.375,"[5.205, 5.596]",bootstrap_blocs
tls,single,simple_loss1.5833_delay83.52ms,mldsa65,p384_hqc192,hybride,server,4,52.952,"[40.865, 73.330]",bootstrap_blocs,4,6.601,"[6.516, 6.723]",bootstrap_blocs
tls,single,simple_loss1.5833_delay83.52ms,mldsa65,p384_mlkem768,hybride,client,4,49.085,"[40.117, 65.055]",bootstrap_blocs,4,5.493,"[5.273, 5.713]",bootstrap_blocs
tls,single,simple_loss1.5833_delay83.52ms,mldsa65,p384_mlkem768,hybride,server,4,10.081,"[9.191, 11.593]",bootstrap_blocs,4,6.521,"[6.520, 6.522]",bootstrap_blocs
tls,single,simple_loss1.5833_delay83.52ms,mldsa65,x448,classique,client,4,33.543,"[27.449, 42.656]",bootstrap_blocs,4,5.385,"[5.171, 5.510]",bootstrap_blocs
tls,single,simple_loss1.5833_delay83.52ms,mldsa65,x448,classique,server,4,5.202,"[4.683, 5.778]",bootstrap_blocs,4,6.335,"[6.150, 6.562]",bootstrap_blocs
tls,single,simple_loss1.5833_delay83.52ms,mldsa65,x448_hqc192,hybride,client,4,98.62,"[76.579, 139.692]",bootstrap_blocs,4,5.352,"[5.224, 5.513]",bootstrap_blocs
tls,single,simple_loss1.5833_delay83.52ms,mldsa65,x448_hqc192,hybride,server,4,53.393,"[40.558, 76.704]",bootstrap_blocs,4,6.398,"[6.242, 6.705]",bootstrap_blocs
tls,single,simple_loss1.5833_delay83.52ms,mldsa65,x448_mlkem768,hybride,client,4,36.034,"[27.948, 47.809]",bootstrap_blocs,4,5.566,"[5.281, 5.852]",bootstrap_blocs
tls,single,simple_loss1.5833_delay83.52ms,mldsa65,x448_mlkem768,hybride,server,4,6.311,"[5.571, 7.396]",bootstrap_blocs,4,6.312,"[6.223, 6.479]",bootstrap_blocs
tls,single,simple_loss1.5833_delay83.52ms,mldsa87,P-521,classique,client,4,35.845,"[30.542, 43.833]",bootstrap_blocs,4,5.513,"[5.383, 5.643]",bootstrap_blocs
tls,single,simple_loss1.5833_delay83.52ms,mldsa87,P-521,classique,server,4,6.055,"[5.504, 6.734]",bootstrap_blocs,4,6.223,"[6.215, 6.227]",bootstrap_blocs
tls,single,simple_loss1.5833_delay83.52ms,mldsa87,hqc256,pq_pur,client,4,104.241,"[79.985, 151.321]",bootstrap_blocs,4,5.492,"[5.299, 5.686]",bootstrap_blocs
tls,single,simple_loss1.5833_delay83.52ms,mldsa87,hqc256,pq_pur,server,4,73.333,"[54.380, 109.198]",bootstrap_blocs,4,6.36,"[6.340, 6.378]",bootstrap_blocs
tls,single,simple_loss1.5833_delay83.52ms,mldsa87,mlkem1024,pq_pur,client,4,30.994,"[23.740, 42.775]",bootstrap_blocs,4,5.368,"[5.253, 5.523]",bootstrap_blocs
tls,single,simple_loss1.5833_delay83.52ms,mldsa87,mlkem1024,pq_pur,server,4,3.997,"[3.572, 4.651]",bootstrap_blocs,4,6.457,"[6.268, 6.653]",bootstrap_blocs
tls,single,simple_loss1.5833_delay83.52ms,mldsa87,p521_hqc256,hybride,client,4,111.766,"[84.759, 163.213]",bootstrap_blocs,4,5.35,"[5.160, 5.575]",bootstrap_blocs
tls,single,simple_loss1.5833_delay83.52ms,mldsa87,p521_hqc256,hybride,server,4,77.823,"[57.259, 116.649]",bootstrap_blocs,4,6.644,"[6.605, 6.682]",bootstrap_blocs
tls,single,simple_loss1.5833_delay83.52ms,mldsa87,p521_mlkem1024,hybride,client,4,45.994,"[39.331, 57.649]",bootstrap_blocs,4,5.33,"[5.246, 5.414]",bootstrap_blocs
tls,single,simple_loss1.5833_delay83.52ms,mldsa87,p521_mlkem1024,hybride,server,4,9.644,"[8.932, 10.805]",bootstrap_blocs,4,6.55,"[6.534, 6.564]",bootstrap_blocs
tls,single,simple_loss1.5833_delay83.52ms,secp384r1,P-384,classique,client,4,40.169,"[33.943, 51.261]",bootstrap_blocs,4,5.589,"[5.469, 5.712]",bootstrap_blocs
tls,single,simple_loss1.5833_delay83.52ms,secp384r1,P-384,classique,server,4,6.774,"[6.094, 7.859]",bootstrap_blocs,4,6.102,"[6.059, 6.178]",bootstrap_blocs
tls,single,simple_loss1.5833_delay83.52ms,secp384r1,hqc192,pq_pur,client,4,79.379,"[63.722, 109.746]",bootstrap_blocs,4,5.334,"[5.254, 5.414]",bootstrap_blocs
tls,single,simple_loss1.5833_delay83.52ms,secp384r1,hqc192,pq_pur,server,4,50.721,"[43.877, 63.076]",bootstrap_blocs,4,6.284,"[6.221, 6.407]",bootstrap_blocs
tls,single,simple_loss1.5833_delay83.52ms,secp384r1,mlkem768,pq_pur,client,4,34.779,"[29.418, 44.065]",bootstrap_blocs,4,5.382,"[5.283, 5.485]",bootstrap_blocs
tls,single,simple_loss1.5833_delay83.52ms,secp384r1,mlkem768,pq_pur,server,4,3.974,"[3.530, 4.646]",bootstrap_blocs,4,6.126,"[6.090, 6.160]",bootstrap_blocs
tls,single,simple_loss1.5833_delay83.52ms,secp384r1,p384_hqc192,hybride,client,4,88.502,"[66.893, 129.273]",bootstrap_blocs,4,5.192,"[5.004, 5.288]",bootstrap_blocs
tls,single,simple_loss1.5833_delay83.52ms,secp384r1,p384_hqc192,hybride,server,4,52.557,"[43.162, 69.426]",bootstrap_blocs,4,6.502,"[6.498, 6.506]",bootstrap_blocs
tls,single,simple_loss1.5833_delay83.52ms,secp384r1,p384_mlkem768,hybride,client,4,48.371,"[41.174, 60.971]",bootstrap_blocs,4,5.348,"[5.266, 5.430]",bootstrap_blocs
tls,single,simple_loss1.5833_delay83.52ms,secp384r1,p384_mlkem768,hybride,server,4,10.259,"[9.328, 11.345]",bootstrap_blocs,4,6.487,"[6.426, 6.602]",bootstrap_blocs
tls,single,simple_loss1.5833_delay83.52ms,secp384r1,x448,classique,client,4,36.13,"[30.328, 45.341]",bootstrap_blocs,4,5.458,"[5.358, 5.639]",bootstrap_blocs
tls,single,simple_loss1.5833_delay83.52ms,secp384r1,x448,classique,server,4,5.424,"[4.858, 6.192]",bootstrap_blocs,4,6.181,"[6.055, 6.307]",bootstrap_blocs
tls,single,simple_loss1.5833_delay83.52ms,secp384r1,x448_hqc192,hybride,client,4,87.059,"[62.798, 133.560]",bootstrap_blocs,4,5.346,"[5.090, 5.648]",bootstrap_blocs
tls,single,simple_loss1.5833_delay83.52ms,secp384r1,x448_hqc192,hybride,server,4,55.245,"[42.933, 77.619]",bootstrap_blocs,4,6.189,"[6.170, 6.209]",bootstrap_blocs
tls,single,simple_loss1.5833_delay83.52ms,secp384r1,x448_mlkem768,hybride,client,4,40.712,"[33.369, 52.605]",bootstrap_blocs,4,5.588,"[5.426, 5.758]",bootstrap_blocs
tls,single,simple_loss1.5833_delay83.52ms,secp384r1,x448_mlkem768,hybride,server,4,7.13,"[6.462, 8.289]",bootstrap_blocs,4,6.205,"[6.090, 6.420]",bootstrap_blocs
tls,single,simple_loss1.5833_delay83.52ms,secp521r1,P-521,classique,client,4,38.571,"[32.227, 46.811]",bootstrap_blocs,4,5.464,"[5.346, 5.631]",bootstrap_blocs
tls,single,simple_loss1.5833_delay83.52ms,secp521r1,P-521,classique,server,4,6.554,"[5.903, 7.314]",bootstrap_blocs,4,6.124,"[6.057, 6.252]",bootstrap_blocs
tls,single,simple_loss1.5833_delay83.52ms,secp521r1,hqc256,pq_pur,client,4,104.197,"[78.391, 152.120]",bootstrap_blocs,4,5.37,"[5.291, 5.449]",bootstrap_blocs
tls,single,simple_loss1.5833_delay83.52ms,secp521r1,hqc256,pq_pur,server,4,74.493,"[55.837, 110.183]",bootstrap_blocs,4,6.494,"[6.342, 6.646]",bootstrap_blocs
tls,single,simple_loss1.5833_delay83.52ms,secp521r1,mlkem1024,pq_pur,client,4,35.088,"[30.024, 44.334]",bootstrap_blocs,4,5.418,"[5.288, 5.537]",bootstrap_blocs
tls,single,simple_loss1.5833_delay83.52ms,secp521r1,mlkem1024,pq_pur,server,4,4.332,"[3.815, 4.980]",bootstrap_blocs,4,6.148,"[6.093, 6.212]",bootstrap_blocs
tls,single,simple_loss1.5833_delay83.52ms,secp521r1,p521_hqc256,hybride,client,4,109.727,"[84.168, 160.053]",bootstrap_blocs,4,5.314,"[5.257, 5.386]",bootstrap_blocs
tls,single,simple_loss1.5833_delay83.52ms,secp521r1,p521_hqc256,hybride,server,4,78.754,"[58.007, 116.678]",bootstrap_blocs,4,6.671,"[6.598, 6.799]",bootstrap_blocs
tls,single,simple_loss1.5833_delay83.52ms,secp521r1,p521_mlkem1024,hybride,client,4,48.587,"[40.056, 59.667]",bootstrap_blocs,4,5.28,"[5.077, 5.514]",bootstrap_blocs
tls,single,simple_loss1.5833_delay83.52ms,secp521r1,p521_mlkem1024,hybride,server,4,10.184,"[9.287, 11.391]",bootstrap_blocs,4,6.608,"[6.439, 6.907]",bootstrap_blocs
tls,single,stable,ed25519,P-256,classique,client,4,18.471,"[17.328, 19.872]",bootstrap_blocs,4,5.306,"[5.207, 5.478]",bootstrap_blocs
tls,single,stable,ed25519,P-256,classique,server,4,2.067,"[1.946, 2.189]",bootstrap_blocs,4,6.123,"[6.086, 6.160]",bootstrap_blocs
tls,single,stable,ed25519,hqc128,pq_pur,client,4,28.815,"[28.294, 29.208]",bootstrap_blocs,4,5.413,"[5.293, 5.533]",bootstrap_blocs
tls,single,stable,ed25519,hqc128,pq_pur,server,4,11.019,"[10.219, 11.908]",bootstrap_blocs,4,6.244,"[6.193, 6.318]",bootstrap_blocs
tls,single,stable,ed25519,mlkem512,pq_pur,client,4,25.184,"[17.985, 39.344]",bootstrap_blocs,4,5.296,"[5.068, 5.523]",bootstrap_blocs
tls,single,stable,ed25519,mlkem512,pq_pur,server,4,2.71,"[1.928, 4.074]",bootstrap_blocs,4,6.214,"[6.094, 6.334]",bootstrap_blocs
tls,single,stable,ed25519,p256_hqc128,hybride,client,4,33.583,"[32.876, 34.087]",bootstrap_blocs,4,5.488,"[5.328, 5.649]",bootstrap_blocs
tls,single,stable,ed25519,p256_hqc128,hybride,server,4,11.893,"[11.435, 12.351]",bootstrap_blocs,4,6.435,"[6.418, 6.451]",bootstrap_blocs
tls,single,stable,ed25519,p256_mlkem512,hybride,client,4,31.446,"[21.165, 51.082]",bootstrap_blocs,4,5.437,"[5.298, 5.623]",bootstrap_blocs
tls,single,stable,ed25519,p256_mlkem512,hybride,server,4,4.639,"[3.217, 7.343]",bootstrap_blocs,4,6.562,"[6.436, 6.787]",bootstrap_blocs
tls,single,stable,ed25519,x25519,classique,client,4,19.543,"[18.607, 20.478]",bootstrap_blocs,4,5.22,"[4.890, 5.455]",bootstrap_blocs
tls,single,stable,ed25519,x25519,classique,server,4,2.009,"[1.886, 2.241]",bootstrap_blocs,4,6.069,"[6.066, 6.072]",bootstrap_blocs
tls,single,stable,ed25519,x25519_hqc128,hybride,client,4,29.145,"[27.533, 30.757]",bootstrap_blocs,4,5.307,"[5.148, 5.495]",bootstrap_blocs
tls,single,stable,ed25519,x25519_hqc128,hybride,server,4,10.848,"[10.435, 11.284]",bootstrap_blocs,4,6.23,"[6.170, 6.346]",bootstrap_blocs
tls,single,stable,ed25519,x25519_mlkem512,hybride,client,4,19.77,"[18.261, 22.047]",bootstrap_blocs,4,5.182,"[4.926, 5.438]",bootstrap_blocs
tls,single,stable,ed25519,x25519_mlkem512,hybride,server,4,2.177,"[2.088, 2.266]",bootstrap_blocs,4,6.076,"[5.981, 6.129]",bootstrap_blocs
tls,single,stable,mldsa44,P-256,classique,client,4,19.867,"[18.811, 21.121]",bootstrap_blocs,4,5.297,"[5.119, 5.475]",bootstrap_blocs
tls,single,stable,mldsa44,P-256,classique,server,4,2.575,"[2.161, 3.252]",bootstrap_blocs,4,6.138,"[6.117, 6.152]",bootstrap_blocs
tls,single,stable,mldsa44,hqc128,pq_pur,client,4,28.296,"[26.825, 29.928]",bootstrap_blocs,4,5.536,"[5.401, 5.684]",bootstrap_blocs
tls,single,stable,mldsa44,hqc128,pq_pur,server,4,10.593,"[10.352, 10.860]",bootstrap_blocs,4,6.185,"[6.153, 6.215]",bootstrap_blocs
tls,single,stable,mldsa44,mlkem512,pq_pur,client,4,18.521,"[17.156, 19.946]",bootstrap_blocs,4,5.157,"[5.004, 5.312]",bootstrap_blocs
tls,single,stable,mldsa44,mlkem512,pq_pur,server,4,2.032,"[1.950, 2.092]",bootstrap_blocs,4,6.254,"[6.172, 6.389]",bootstrap_blocs
tls,single,stable,mldsa44,p256_hqc128,hybride,client,4,32.825,"[31.645, 34.597]",bootstrap_blocs,4,5.348,"[5.270, 5.420]",bootstrap_blocs
tls,single,stable,mldsa44,p256_hqc128,hybride,server,4,11.98,"[11.615, 12.346]",bootstrap_blocs,4,6.562,"[6.492, 6.676]",bootstrap_blocs
tls,single,stable,mldsa44,p256_mlkem512,hybride,client,4,23.243,"[22.137, 24.044]",bootstrap_blocs,4,5.35,"[5.236, 5.469]",bootstrap_blocs
tls,single,stable,mldsa44,p256_mlkem512,hybride,server,4,3.746,"[3.547, 3.933]",bootstrap_blocs,4,6.478,"[6.461, 6.487]",bootstrap_blocs
tls,single,stable,mldsa44,x25519,classique,client,4,17.764,"[17.223, 18.326]",bootstrap_blocs,4,5.37,"[5.268, 5.507]",bootstrap_blocs
tls,single,stable,mldsa44,x25519,classique,server,4,2.178,"[2.048, 2.267]",bootstrap_blocs,4,6.138,"[6.105, 6.175]",bootstrap_blocs
tls,single,stable,mldsa44,x25519_hqc128,hybride,client,4,40.046,"[26.383, 65.652]",bootstrap_blocs,4,5.335,"[5.109, 5.561]",bootstrap_blocs
tls,single,stable,mldsa44,x25519_hqc128,hybride,server,4,15.502,"[10.130, 25.871]",bootstrap_blocs,4,6.259,"[6.193, 6.386]",bootstrap_blocs
tls,single,stable,mldsa44,x25519_mlkem512,hybride,client,4,19.5,"[17.054, 23.094]",bootstrap_blocs,4,5.327,"[5.258, 5.416]",bootstrap_blocs
tls,single,stable,mldsa44,x25519_mlkem512,hybride,server,4,2.655,"[2.180, 3.479]",bootstrap_blocs,4,6.169,"[6.158, 6.180]",bootstrap_blocs
tls,single,stable,mldsa65,P-384,classique,client,4,21.183,"[19.421, 22.691]",bootstrap_blocs,4,5.438,"[5.322, 5.555]",bootstrap_blocs
tls,single,stable,mldsa65,P-384,classique,server,4,3.486,"[3.409, 3.560]",bootstrap_blocs,4,6.198,"[6.185, 6.223]",bootstrap_blocs
tls,single,stable,mldsa65,hqc192,pq_pur,client,4,46.747,"[45.273, 48.260]",bootstrap_blocs,4,5.309,"[5.057, 5.516]",bootstrap_blocs
tls,single,stable,mldsa65,hqc192,pq_pur,server,4,25.162,"[23.880, 26.444]",bootstrap_blocs,4,6.242,"[6.234, 6.248]",bootstrap_blocs
tls,single,stable,mldsa65,mlkem768,pq_pur,client,4,19.964,"[18.223, 23.327]",bootstrap_blocs,4,5.291,"[5.192, 5.360]",bootstrap_blocs
tls,single,stable,mldsa65,mlkem768,pq_pur,server,4,2.349,"[2.231, 2.467]",bootstrap_blocs,4,6.212,"[6.205, 6.220]",bootstrap_blocs
tls,single,stable,mldsa65,p384_hqc192,hybride,client,4,52.368,"[50.515, 54.221]",bootstrap_blocs,4,5.362,"[5.201, 5.505]",bootstrap_blocs
tls,single,stable,mldsa65,p384_hqc192,hybride,server,4,26.81,"[25.982, 27.638]",bootstrap_blocs,4,6.597,"[6.549, 6.687]",bootstrap_blocs
tls,single,stable,mldsa65,p384_mlkem768,hybride,client,4,24.306,"[23.400, 25.380]",bootstrap_blocs,4,5.317,"[5.119, 5.516]",bootstrap_blocs
tls,single,stable,mldsa65,p384_mlkem768,hybride,server,4,4.754,"[4.614, 4.914]",bootstrap_blocs,4,6.527,"[6.524, 6.530]",bootstrap_blocs
tls,single,stable,mldsa65,x448,classique,client,4,26.79,"[18.313, 42.370]",bootstrap_blocs,4,5.289,"[5.148, 5.430]",bootstrap_blocs
tls,single,stable,mldsa65,x448,classique,server,4,4.129,"[2.952, 6.389]",bootstrap_blocs,4,6.267,"[6.186, 6.359]",bootstrap_blocs
tls,single,stable,mldsa65,x448_hqc192,hybride,client,4,46.904,"[45.379, 48.232]",bootstrap_blocs,4,5.316,"[5.258, 5.375]",bootstrap_blocs
tls,single,stable,mldsa65,x448_hqc192,hybride,server,4,25.234,"[24.334, 26.134]",bootstrap_blocs,4,6.26,"[6.256, 6.264]",bootstrap_blocs
tls,single,stable,mldsa65,x448_mlkem768,hybride,client,4,19.66,"[18.912, 20.617]",bootstrap_blocs,4,5.309,"[5.247, 5.368]",bootstrap_blocs
tls,single,stable,mldsa65,x448_mlkem768,hybride,server,4,3.615,"[3.517, 3.750]",bootstrap_blocs,4,6.225,"[6.219, 6.230]",bootstrap_blocs
tls,single,stable,mldsa87,P-521,classique,client,4,20.713,"[19.613, 21.851]",bootstrap_blocs,4,5.323,"[4.881, 5.649]",bootstrap_blocs
tls,single,stable,mldsa87,P-521,classique,server,4,3.609,"[3.454, 3.749]",bootstrap_blocs,4,6.213,"[6.198, 6.224]",bootstrap_blocs
tls,single,stable,mldsa87,hqc256,pq_pur,client,4,66.318,"[65.030, 67.802]",bootstrap_blocs,4,5.327,"[5.125, 5.529]",bootstrap_blocs
tls,single,stable,mldsa87,hqc256,pq_pur,server,4,39.234,"[38.108, 40.882]",bootstrap_blocs,4,6.432,"[6.342, 6.559]",bootstrap_blocs
tls,single,stable,mldsa87,mlkem1024,pq_pur,client,4,20.489,"[19.036, 21.943]",bootstrap_blocs,4,5.241,"[5.044, 5.428]",bootstrap_blocs
tls,single,stable,mldsa87,mlkem1024,pq_pur,server,4,2.519,"[2.322, 2.717]",bootstrap_blocs,4,6.26,"[6.256, 6.264]",bootstrap_blocs
tls,single,stable,mldsa87,p521_hqc256,hybride,client,4,86.574,"[68.976, 121.309]",bootstrap_blocs,4,5.437,"[5.330, 5.567]",bootstrap_blocs
tls,single,stable,mldsa87,p521_hqc256,hybride,server,4,54.956,"[38.688, 86.847]",bootstrap_blocs,4,6.648,"[6.615, 6.680]",bootstrap_blocs
tls,single,stable,mldsa87,p521_mlkem1024,hybride,client,4,25.948,"[25.006, 26.709]",bootstrap_blocs,4,5.329,"[5.146, 5.497]",bootstrap_blocs
tls,single,stable,mldsa87,p521_mlkem1024,hybride,server,4,5.028,"[4.911, 5.145]",bootstrap_blocs,4,6.564,"[6.561, 6.566]",bootstrap_blocs
tls,single,stable,secp384r1,P-384,classique,client,4,20.962,"[19.733, 22.585]",bootstrap_blocs,4,5.226,"[5.055, 5.391]",bootstrap_blocs
tls,single,stable,secp384r1,P-384,classique,server,4,3.466,"[3.213, 3.753]",bootstrap_blocs,4,6.107,"[6.074, 6.141]",bootstrap_blocs
tls,single,stable,secp384r1,hqc192,pq_pur,client,4,46.402,"[45.462, 47.628]",bootstrap_blocs,4,5.368,"[5.162, 5.574]",bootstrap_blocs
tls,single,stable,secp384r1,hqc192,pq_pur,server,4,23.493,"[22.252, 24.482]",bootstrap_blocs,4,6.229,"[6.220, 6.243]",bootstrap_blocs
tls,single,stable,secp384r1,mlkem768,pq_pur,client,4,19.774,"[18.646, 21.106]",bootstrap_blocs,4,5.259,"[5.111, 5.360]",bootstrap_blocs
tls,single,stable,secp384r1,mlkem768,pq_pur,server,4,2.244,"[2.209, 2.279]",bootstrap_blocs,4,6.174,"[6.105, 6.242]",bootstrap_blocs
tls,single,stable,secp384r1,p384_hqc192,hybride,client,4,51.632,"[50.293, 53.915]",bootstrap_blocs,4,5.55,"[5.441, 5.658]",bootstrap_blocs
tls,single,stable,secp384r1,p384_hqc192,hybride,server,4,25.94,"[25.215, 27.063]",bootstrap_blocs,4,6.498,"[6.474, 6.518]",bootstrap_blocs
tls,single,stable,secp384r1,p384_mlkem768,hybride,client,4,24.357,"[23.239, 25.474]",bootstrap_blocs,4,5.392,"[5.287, 5.511]",bootstrap_blocs
tls,single,stable,secp384r1,p384_mlkem768,hybride,server,4,5.114,"[4.807, 5.422]",bootstrap_blocs,4,6.485,"[6.422, 6.599]",bootstrap_blocs
tls,single,stable,secp384r1,x448,classique,client,4,21.237,"[20.345, 22.130]",bootstrap_blocs,4,5.563,"[5.415, 5.699]",bootstrap_blocs
tls,single,stable,secp384r1,x448,classique,server,4,3.057,"[2.889, 3.350]",bootstrap_blocs,4,6.072,"[6.053, 6.092]",bootstrap_blocs
tls,single,stable,secp384r1,x448_hqc192,hybride,client,4,47.87,"[46.800, 49.489]",bootstrap_blocs,4,5.481,"[5.363, 5.609]",bootstrap_blocs
tls,single,stable,secp384r1,x448_hqc192,hybride,server,4,25.739,"[25.212, 26.364]",bootstrap_blocs,4,6.201,"[6.186, 6.215]",bootstrap_blocs
tls,single,stable,secp384r1,x448_mlkem768,hybride,client,4,19.655,"[17.741, 22.859]",bootstrap_blocs,4,5.298,"[5.013, 5.502]",bootstrap_blocs
tls,single,stable,secp384r1,x448_mlkem768,hybride,server,4,3.316,"[3.191, 3.445]",bootstrap_blocs,4,6.11,"[6.095, 6.127]",bootstrap_blocs
tls,single,stable,secp521r1,P-521,classique,client,4,21.344,"[20.426, 23.001]",bootstrap_blocs,4,5.277,"[5.146, 5.402]",bootstrap_blocs
tls,single,stable,secp521r1,P-521,classique,server,4,3.485,"[3.340, 3.634]",bootstrap_blocs,4,6.085,"[6.056, 6.129]",bootstrap_blocs
tls,single,stable,secp521r1,hqc256,pq_pur,client,4,67.229,"[65.297, 70.111]",bootstrap_blocs,4,5.432,"[5.295, 5.562]",bootstrap_blocs
tls,single,stable,secp521r1,hqc256,pq_pur,server,4,39.794,"[38.281, 41.825]",bootstrap_blocs,4,6.341,"[6.334, 6.348]",bootstrap_blocs
tls,single,stable,secp521r1,mlkem1024,pq_pur,client,4,19.056,"[18.204, 20.172]",bootstrap_blocs,4,5.292,"[5.067, 5.480]",bootstrap_blocs
tls,single,stable,secp521r1,mlkem1024,pq_pur,server,4,2.358,"[2.247, 2.441]",bootstrap_blocs,4,6.196,"[6.126, 6.312]",bootstrap_blocs
tls,single,stable,secp521r1,p521_hqc256,hybride,client,4,71.489,"[69.945, 73.033]",bootstrap_blocs,4,5.346,"[5.118, 5.530]",bootstrap_blocs
tls,single,stable,secp521r1,p521_hqc256,hybride,server,4,40.499,"[39.035, 42.995]",bootstrap_blocs,4,6.615,"[6.591, 6.635]",bootstrap_blocs
tls,single,stable,secp521r1,p521_mlkem1024,hybride,client,4,24.506,"[23.351, 25.797]",bootstrap_blocs,4,5.4,"[5.193, 5.607]",bootstrap_blocs
tls,single,stable,secp521r1,p521_mlkem1024,hybride,server,4,4.82,"[4.765, 4.870]",bootstrap_blocs,4,6.43,"[6.401, 6.449]",bootstrap_blocs
tls,single,unstable,ed25519,P-256,classique,client,4,27.612,"[20.239, 39.790]",bootstrap_blocs,4,5.303,"[5.092, 5.514]",bootstrap_blocs
tls,single,unstable,ed25519,P-256,classique,server,4,3.058,"[2.270, 4.358]",bootstrap_blocs,4,6.24,"[6.086, 6.522]",bootstrap_blocs
tls,single,unstable,ed25519,hqc128,pq_pur,client,4,33.324,"[32.133, 34.516]",bootstrap_blocs,4,5.34,"[5.194, 5.501]",bootstrap_blocs
tls,single,unstable,ed25519,hqc128,pq_pur,server,4,12.018,"[11.614, 12.422]",bootstrap_blocs,4,6.186,"[6.179, 6.190]",bootstrap_blocs
tls,single,unstable,ed25519,mlkem512,pq_pur,client,4,21.737,"[21.390, 22.145]",bootstrap_blocs,4,5.474,"[5.295, 5.584]",bootstrap_blocs
tls,single,unstable,ed25519,mlkem512,pq_pur,server,4,2.211,"[2.053, 2.370]",bootstrap_blocs,4,6.261,"[6.143, 6.379]",bootstrap_blocs
tls,single,unstable,ed25519,p256_hqc128,hybride,client,4,66.848,"[40.181, 93.515]",bootstrap_blocs,4,5.386,"[5.316, 5.476]",bootstrap_blocs
tls,single,unstable,ed25519,p256_hqc128,hybride,server,4,22.747,"[13.835, 31.658]",bootstrap_blocs,4,6.535,"[6.454, 6.687]",bootstrap_blocs
tls,single,unstable,ed25519,p256_mlkem512,hybride,client,4,33.7,"[26.029, 47.838]",bootstrap_blocs,4,5.503,"[5.201, 5.805]",bootstrap_blocs
tls,single,unstable,ed25519,p256_mlkem512,hybride,server,4,5.171,"[4.054, 7.013]",bootstrap_blocs,4,6.491,"[6.401, 6.633]",bootstrap_blocs
tls,single,unstable,ed25519,x25519,classique,client,4,28.02,"[20.148, 41.581]",bootstrap_blocs,4,5.353,"[5.304, 5.400]",bootstrap_blocs
tls,single,unstable,ed25519,x25519,classique,server,4,2.695,"[2.189, 3.643]",bootstrap_blocs,4,6.17,"[6.047, 6.293]",bootstrap_blocs
tls,single,unstable,ed25519,x25519_hqc128,hybride,client,4,44.071,"[33.100, 64.126]",bootstrap_blocs,4,5.336,"[5.135, 5.537]",bootstrap_blocs
tls,single,unstable,ed25519,x25519_hqc128,hybride,server,4,16.372,"[11.854, 23.880]",bootstrap_blocs,4,6.266,"[6.160, 6.459]",bootstrap_blocs
tls,single,unstable,ed25519,x25519_mlkem512,hybride,client,4,21.623,"[20.291, 22.956]",bootstrap_blocs,4,5.382,"[5.193, 5.570]",bootstrap_blocs
tls,single,unstable,ed25519,x25519_mlkem512,hybride,server,4,2.465,"[2.289, 2.594]",bootstrap_blocs,4,6.096,"[6.070, 6.111]",bootstrap_blocs
tls,single,unstable,mldsa44,P-256,classique,client,4,32.17,"[20.213, 44.128]",bootstrap_blocs,4,5.303,"[5.080, 5.500]",bootstrap_blocs
tls,single,unstable,mldsa44,P-256,classique,server,4,4.051,"[2.550, 5.552]",bootstrap_blocs,4,6.207,"[6.135, 6.333]",bootstrap_blocs
tls,single,unstable,mldsa44,hqc128,pq_pur,client,4,48.112,"[34.673, 71.121]",bootstrap_blocs,4,5.501,"[5.369, 5.649]",bootstrap_blocs
tls,single,unstable,mldsa44,hqc128,pq_pur,server,4,17.295,"[12.345, 25.951]",bootstrap_blocs,4,6.386,"[6.019, 6.949]",bootstrap_blocs
tls,single,unstable,mldsa44,mlkem512,pq_pur,client,4,24.052,"[19.424, 28.681]",bootstrap_blocs,4,5.587,"[5.406, 5.780]",bootstrap_blocs
tls,single,unstable,mldsa44,mlkem512,pq_pur,server,4,2.51,"[2.326, 2.669]",bootstrap_blocs,4,6.188,"[6.182, 6.193]",bootstrap_blocs
tls,single,unstable,mldsa44,p256_hqc128,hybride,client,4,56.185,"[40.024, 85.353]",bootstrap_blocs,4,5.537,"[5.350, 5.791]",bootstrap_blocs
tls,single,unstable,mldsa44,p256_hqc128,hybride,server,4,19.416,"[13.280, 29.622]",bootstrap_blocs,4,6.62,"[6.506, 6.734]",bootstrap_blocs
tls,single,unstable,mldsa44,p256_mlkem512,hybride,client,4,40.175,"[28.441, 58.801]",bootstrap_blocs,4,5.316,"[5.252, 5.381]",bootstrap_blocs
tls,single,unstable,mldsa44,p256_mlkem512,hybride,server,4,6.037,"[4.680, 8.539]",bootstrap_blocs,4,6.491,"[6.458, 6.525]",bootstrap_blocs
tls,single,unstable,mldsa44,x25519,classique,client,4,26.174,"[20.659, 36.779]",bootstrap_blocs,4,5.389,"[5.343, 5.440]",bootstrap_blocs
tls,single,unstable,mldsa44,x25519,classique,server,4,3.053,"[2.339, 4.368]",bootstrap_blocs,4,6.286,"[6.129, 6.443]",bootstrap_blocs
tls,single,unstable,mldsa44,x25519_hqc128,hybride,client,4,45.192,"[34.767, 63.673]",bootstrap_blocs,4,5.279,"[5.078, 5.480]",bootstrap_blocs
tls,single,unstable,mldsa44,x25519_hqc128,hybride,server,4,16.529,"[12.445, 23.683]",bootstrap_blocs,4,6.196,"[6.184, 6.211]",bootstrap_blocs
tls,single,unstable,mldsa44,x25519_mlkem512,hybride,client,4,28.377,"[22.459, 37.334]",bootstrap_blocs,4,5.335,"[5.178, 5.499]",bootstrap_blocs
tls,single,unstable,mldsa44,x25519_mlkem512,hybride,server,4,3.232,"[2.624, 4.296]",bootstrap_blocs,4,6.25,"[6.139, 6.443]",bootstrap_blocs
tls,single,unstable,mldsa65,P-384,classique,client,4,28.255,"[23.771, 32.740]",bootstrap_blocs,4,5.239,"[5.002, 5.377]",bootstrap_blocs
tls,single,unstable,mldsa65,P-384,classique,server,4,4.563,"[3.921, 5.640]",bootstrap_blocs,4,6.278,"[6.211, 6.346]",bootstrap_blocs
tls,single,unstable,mldsa65,hqc192,pq_pur,client,4,95.483,"[56.187, 134.779]",bootstrap_blocs,4,5.284,"[5.157, 5.412]",bootstrap_blocs
tls,single,unstable,mldsa65,hqc192,pq_pur,server,4,49.219,"[27.957, 70.482]",bootstrap_blocs,4,6.317,"[6.246, 6.441]",bootstrap_blocs
tls,single,unstable,mldsa65,mlkem768,pq_pur,client,4,28.079,"[22.186, 38.590]",bootstrap_blocs,4,5.496,"[5.426, 5.555]",bootstrap_blocs
tls,single,unstable,mldsa65,mlkem768,pq_pur,server,4,3.233,"[2.557, 4.419]",bootstrap_blocs,4,6.312,"[6.205, 6.515]",bootstrap_blocs
tls,single,unstable,mldsa65,p384_hqc192,hybride,client,4,83.55,"[62.666, 121.142]",bootstrap_blocs,4,5.283,"[5.113, 5.475]",bootstrap_blocs
tls,single,unstable,mldsa65,p384_hqc192,hybride,server,4,41.267,"[29.848, 62.466]",bootstrap_blocs,4,6.556,"[6.541, 6.567]",bootstrap_blocs
tls,single,unstable,mldsa65,p384_mlkem768,hybride,client,4,37.535,"[29.439, 50.703]",bootstrap_blocs,4,5.48,"[5.348, 5.630]",bootstrap_blocs
tls,single,unstable,mldsa65,p384_mlkem768,hybride,server,4,7.387,"[5.602, 10.173]",bootstrap_blocs,4,6.524,"[6.517, 6.531]",bootstrap_blocs
tls,single,unstable,mldsa65,x448,classique,client,4,28.808,"[22.562, 39.766]",bootstrap_blocs,4,5.368,"[5.267, 5.477]",bootstrap_blocs
tls,single,unstable,mldsa65,x448,classique,server,4,4.27,"[3.302, 6.036]",bootstrap_blocs,4,6.234,"[6.154, 6.352]",bootstrap_blocs
tls,single,unstable,mldsa65,x448_hqc192,hybride,client,4,97.218,"[59.229, 135.207]",bootstrap_blocs,4,5.334,"[5.221, 5.447]",bootstrap_blocs
tls,single,unstable,mldsa65,x448_hqc192,hybride,server,4,50.874,"[29.862, 71.886]",bootstrap_blocs,4,6.262,"[6.252, 6.271]",bootstrap_blocs
tls,single,unstable,mldsa65,x448_mlkem768,hybride,client,4,34.152,"[24.683, 45.829]",bootstrap_blocs,4,5.309,"[5.162, 5.455]",bootstrap_blocs
tls,single,unstable,mldsa65,x448_mlkem768,hybride,server,4,5.833,"[4.148, 7.519]",bootstrap_blocs,4,6.324,"[6.216, 6.528]",bootstrap_blocs
tls,single,unstable,mldsa87,P-521,classique,client,4,24.451,"[22.552, 26.079]",bootstrap_blocs,4,5.4,"[5.279, 5.568]",bootstrap_blocs
tls,single,unstable,mldsa87,P-521,classique,server,4,4.093,"[3.863, 4.322]",bootstrap_blocs,4,6.223,"[6.215, 6.230]",bootstrap_blocs
tls,single,unstable,mldsa87,hqc256,pq_pur,client,4,84.155,"[79.867, 89.601]",bootstrap_blocs,4,5.071,"[5.006, 5.116]",bootstrap_blocs
tls,single,unstable,mldsa87,hqc256,pq_pur,server,4,43.681,"[42.237, 45.333]",bootstrap_blocs,4,6.4,"[6.338, 6.463]",bootstrap_blocs
tls,single,unstable,mldsa87,mlkem1024,pq_pur,client,4,29.332,"[23.292, 39.351]",bootstrap_blocs,4,5.403,"[5.225, 5.582]",bootstrap_blocs
tls,single,unstable,mldsa87,mlkem1024,pq_pur,server,4,3.632,"[2.815, 5.012]",bootstrap_blocs,4,6.279,"[6.256, 6.303]",bootstrap_blocs
tls,single,unstable,mldsa87,p521_hqc256,hybride,client,4,108.064,"[88.574, 141.116]",bootstrap_blocs,4,5.521,"[5.346, 5.695]",bootstrap_blocs
tls,single,unstable,mldsa87,p521_hqc256,hybride,server,4,58.657,"[45.034, 83.302]",bootstrap_blocs,4,6.642,"[6.638, 6.646]",bootstrap_blocs
tls,single,unstable,mldsa87,p521_mlkem1024,hybride,client,4,40.819,"[30.301, 59.727]",bootstrap_blocs,4,5.272,"[5.164, 5.381]",bootstrap_blocs
tls,single,unstable,mldsa87,p521_mlkem1024,hybride,server,4,8.095,"[6.001, 12.150]",bootstrap_blocs,4,6.783,"[6.601, 6.950]",bootstrap_blocs
tls,single,unstable,secp384r1,P-384,classique,client,4,39.658,"[25.534, 53.782]",bootstrap_blocs,4,5.385,"[5.224, 5.539]",bootstrap_blocs
tls,single,unstable,secp384r1,P-384,classique,server,4,6.351,"[3.957, 8.744]",bootstrap_blocs,4,6.214,"[6.049, 6.379]",bootstrap_blocs
tls,single,unstable,secp384r1,hqc192,pq_pur,client,4,52.92,"[50.268, 57.631]",bootstrap_blocs,4,5.462,"[5.379, 5.545]",bootstrap_blocs
tls,single,unstable,secp384r1,hqc192,pq_pur,server,4,27.714,"[25.655, 30.187]",bootstrap_blocs,4,6.268,"[6.198, 6.382]",bootstrap_blocs
tls,single,unstable,secp384r1,mlkem768,pq_pur,client,4,29.3,"[19.389, 43.277]",bootstrap_blocs,4,5.565,"[5.294, 5.824]",bootstrap_blocs
tls,single,unstable,secp384r1,mlkem768,pq_pur,server,4,3.242,"[2.520, 4.531]",bootstrap_blocs,4,6.312,"[6.115, 6.686]",bootstrap_blocs
tls,single,unstable,secp384r1,p384_hqc192,hybride,client,4,61.198,"[58.361, 63.936]",bootstrap_blocs,4,5.465,"[5.232, 5.699]",bootstrap_blocs
tls,single,unstable,secp384r1,p384_hqc192,hybride,server,4,30.27,"[27.951, 32.683]",bootstrap_blocs,4,6.506,"[6.498, 6.514]",bootstrap_blocs
tls,single,unstable,secp384r1,p384_mlkem768,hybride,client,4,38.03,"[28.426, 55.651]",bootstrap_blocs,4,5.417,"[5.265, 5.537]",bootstrap_blocs
tls,single,unstable,secp384r1,p384_mlkem768,hybride,server,4,7.471,"[5.485, 10.781]",bootstrap_blocs,4,6.491,"[6.426, 6.616]",bootstrap_blocs
tls,single,unstable,secp384r1,x448,classique,client,4,30.861,"[24.895, 42.007]",bootstrap_blocs,4,5.328,"[5.286, 5.366]",bootstrap_blocs
tls,single,unstable,secp384r1,x448,classique,server,4,4.449,"[3.461, 6.184]",bootstrap_blocs,4,6.153,"[6.051, 6.355]",bootstrap_blocs
tls,single,unstable,secp384r1,x448_hqc192,hybride,client,4,55.077,"[52.108, 58.045]",bootstrap_blocs,4,5.251,"[4.987, 5.492]",bootstrap_blocs
tls,single,unstable,secp384r1,x448_hqc192,hybride,server,4,29.361,"[27.546, 32.158]",bootstrap_blocs,4,6.206,"[6.189, 6.223]",bootstrap_blocs
tls,single,unstable,secp384r1,x448_mlkem768,hybride,client,4,30.824,"[23.369, 43.438]",bootstrap_blocs,4,5.256,"[5.031, 5.457]",bootstrap_blocs
tls,single,unstable,secp384r1,x448_mlkem768,hybride,server,4,5.231,"[4.044, 7.355]",bootstrap_blocs,4,6.133,"[6.109, 6.171]",bootstrap_blocs
tls,single,unstable,secp521r1,P-521,classique,client,4,29.738,"[22.091, 42.678]",bootstrap_blocs,4,5.289,"[5.193, 5.385]",bootstrap_blocs
tls,single,unstable,secp521r1,P-521,classique,server,4,5.141,"[3.871, 7.302]",bootstrap_blocs,4,6.183,"[6.064, 6.301]",bootstrap_blocs
tls,single,unstable,secp521r1,hqc256,pq_pur,client,4,96.549,"[73.533, 140.739]",bootstrap_blocs,4,5.317,"[5.276, 5.365]",bootstrap_blocs
tls,single,unstable,secp521r1,hqc256,pq_pur,server,4,57.693,"[41.390, 88.323]",bootstrap_blocs,4,6.333,"[6.305, 6.356]",bootstrap_blocs
tls,single,unstable,secp521r1,mlkem1024,pq_pur,client,4,38.508,"[22.858, 54.159]",bootstrap_blocs,4,5.498,"[5.388, 5.578]",bootstrap_blocs
tls,single,unstable,secp521r1,mlkem1024,pq_pur,server,4,4.458,"[2.758, 6.158]",bootstrap_blocs,4,6.159,"[6.125, 6.198]",bootstrap_blocs
tls,single,unstable,secp521r1,p521_hqc256,hybride,client,4,105.93,"[77.400, 145.275]",bootstrap_blocs,4,5.669,"[5.412, 5.926]",bootstrap_blocs
tls,single,unstable,secp521r1,p521_hqc256,hybride,server,4,61.322,"[42.062, 88.874]",bootstrap_blocs,4,6.749,"[6.619, 6.879]",bootstrap_blocs
tls,single,unstable,secp521r1,p521_mlkem1024,hybride,client,4,37.519,"[28.115, 55.203]",bootstrap_blocs,4,5.328,"[5.282, 5.386]",bootstrap_blocs
tls,single,unstable,secp521r1,p521_mlkem1024,hybride,server,4,7.462,"[5.795, 10.697]",bootstrap_blocs,4,6.588,"[6.435, 6.884]",bootstrap_blocs
